Order Date,Product Name,Category,Region,Quantity,Sales,Profit,Order ID,Customer_ID,Price,Discount,Delivery Time,Shipping Mode,Customer Rating,Customer Segment,Returned,Return Reason,Return
31-12-2024,Printer,Office,North,4,3640,348.93,1,ABC0001,910,33,4,Same Day,3.5,Premium,No,Not Returned,No
27-11-2022,Mouse,Accessories,East,7,1197,106.53,2,ABC0002,171,19,7,Same Day,2.8,Regular,Yes,Not Returned,No
11-05-2022,Tablet,Electronics,South,5,5865,502.73,3,ABC0003,1173,12,1,Standard,5,Premium,No,Not Returned,No
16-03-2024,Mouse,Accessories,South,2,786,202.87,4,ABC0004,393,25,7,Standard,2.9,Regular,Yes,Not Returned,No
10-09-2022,Mouse,Accessories,West,1,509,103.28,5,ABC0005,509,23,8,Same Day,3.2,Regular,No,Not Returned,No
01-12-2023,Camera,Electronics,West,1,524,106.35,6,ABC0006,524,27,5,Express,3.3,Regular,No,Not Returned,No
09-10-2023,Headphones,Accessories,North,7,6167,1027.98,7,ABC0007,881,15,2,Same Day,4.6,Premium,No,Not Returned,No
14-01-2022,Camera,Electronics,South,7,3059,873.5,8,ABC0008,437,15,5,Same Day,3.3,Premium,No,Not Returned,No
02-04-2022,Smartwatch,Electronics,East,9,5526,595.28,9,ABC0009,614,28,6,Same Day,4.3,Premium,No,Not Returned,No
22-10-2024,Printer,Office,South,8,672,186.37,10,ABC0010,84,28,12,Express,1,Regular,Yes,Low Rating,No
04-12-2023,Monitor,Accessories,,6,7074,1357.68,11,ABC0011,1179,7,2,Express,4.1,Premium,No,Not Returned,No
27-09-2022,Smartwatch,Electronics,East,2,502,137.4,12,ABC0012,251,26,6,Express,3.4,Regular,No,Not Returned,No
21-12-2023,Tablet,Electronics,North,7,7462,2166.17,13,ABC0013,1066,6,6,Standard,3.1,Premium,No,Not Returned,No
03-02-2024,Smartphone,Electronics,West,5,4205,585.29,14,ABC0014,841,28,1,Express,4.5,Premium,No,Not Returned,No
10-10-2023,Camera,Electronics,West,1,570,138.54,15,ABC0015,570,34,1,Standard,5,Regular,No,Not Returned,No
16-10-2022,Headphones,Accessories,East,1,441,102.42,16,ABC0016,441,6,11,Standard,1.3,Regular,Yes,Low Rating,No
15-05-2022,Mouse,Accessories,North,7,7469,589.81,17,ABC0017,1067,25,10,Express,1.6,Premium,Yes,Low Rating,No
11-02-2023,Tablet,Electronics,South,2,2212,145.75,18,ABC0018,1106,37,3,Express,4.1,Regular,No,Not Returned,No
27-12-2023,Tablet,Electronics,East,5,740,146.39,19,ABC0019,148,16,10,Express,1,Regular,Yes,Low Rating,No
05-10-2023,Headphones,Accessories,North,1,662,193.92,20,ABC0020,662,26,10,Standard,1,Regular,Yes,Low Rating,No
05-03-2024,Mouse,Accessories,North,7,5712,651.27,21,ABC0021,816,29,12,Same Day,1.5,Premium,Yes,Low Rating,No
18-07-2023,Smartwatch,Electronics,North,3,2739,572.73,22,ABC0022,913,31,3,Express,3.7,Premium,No,Not Returned,No
25-06-2023,Keyboard,Accessories,West,5,1400,213.63,23,ABC0023,280,32,4,Express,3.6,Regular,No,Not Returned,No
13-11-2023,Printer,Office,North,3,3477,939.2,24,ABC0024,1159,20,2,Express,5,Premium,No,Not Returned,No
09-07-2022,Camera,Electronics,North,5,3475,570.36,25,ABC0025,695,19,9,Standard,2,Premium,Yes,Low Rating,No
11-12-2023,Laptop,Electronics,West,9,6138,1562.14,26,ABC0026,682,7,10,Standard,1.6,Premium,Yes,Low Rating,No
18-03-2023,Camera,Electronics,West,5,3665,406.93,27,ABC0027,733,11,12,Same Day,1.4,Premium,Yes,Low Rating,No
09-08-2024,Printer,Office,North,2,2372,206.42,28,ABC0028,1186,25,11,Express,1,Premium,Yes,Low Rating,No
04-05-2024,Laptop,Electronics,North,2,1382,211.11,29,ABC0029,691,13,7,Standard,3.3,Regular,No,Not Returned,No
04-09-2022,Laptop,,West,1,1126,194.08,30,ABC0030,1126,22,7,Same Day,3.1,Regular,No,Not Returned,No
21-10-2022,Printer,Office,West,8,1376,152.1,31,ABC0031,172,8,6,Express,3.9,Regular,No,Not Returned,No
22-01-2024,Mouse,Accessories,West,4,988,147.91,32,ABC0032,247,29,3,Standard,3.7,Regular,No,Not Returned,No
09-04-2023,Laptop,Electronics,North,9,10773,1907.36,33,ABC0033,1197,18,6,Express,3.7,Premium,No,Not Returned,No
07-02-2023,Headphones,Accessories,South,4,3252,713.46,34,ABC0034,813,13,12,Express,1.3,Premium,Yes,Low Rating,No
04-05-2023,Headphones,Accessories,North,3,2739,202.81,35,ABC0035,913,30,8,Standard,1.7,Premium,Yes,Low Rating,No
18-04-2023,Tablet,Electronics,South,7,2709,702.79,36,ABC0036,387,6,8,Standard,1,Premium,Yes,Low Rating,No
12-12-2022,Printer,Office,West,3,936,201.24,37,ABC0037,312,24,11,Standard,1,Regular,Yes,Low Rating,No
11-09-2022,Camera,Electronics,West,4,3720,410.92,38,ABC0038,930,32,9,Express,2.1,Premium,Yes,Low Rating,No
26-03-2024,Mouse,Accessories,West,5,5320,716.91,39,ABC0039,1064,11,1,Express,4.9,Premium,No,Not Returned,No
20-09-2023,Headphones,Accessories,East,4,804,121.51,40,ABC0040,201,12,1,Same Day,4.6,Regular,No,Not Returned,No
25-05-2023,Laptop,Electronics,North,8,1224,246.77,41,ABC0041,153,39,3,Express,4,Regular,No,Not Returned,No
04-12-2022,Headphones,Accessories,South,9,8667,781.78,42,ABC0042,963,18,3,Standard,3.9,Premium,No,Not Returned,No
10-06-2022,Monitor,Accessories,West,3,3018,320.11,43,ABC0043,1006,21,10,Express,2.2,Premium,Yes,Low Rating,No
05-02-2023,Laptop,Electronics,West,5,4325,1023.39,44,ABC0044,865,8,8,Same Day,1.6,Premium,Yes,Low Rating,No
20-01-2024,Laptop,Electronics,South,3,1557,181.08,45,ABC0045,519,6,10,Same Day,1.8,Regular,Yes,Low Rating,No
27-01-2022,Monitor,Accessories,South,6,3672,1002.5,46,ABC0046,612,10,1,Standard,4.3,Premium,No,Not Returned,No
29-03-2023,Mouse,Accessories,West,1,333,72.34,47,ABC0047,333,8,2,Standard,3.9,Regular,Yes,Product Issue,No
17-01-2022,Headphones,Accessories,West,4,2384,577.26,48,ABC0048,596,33,2,Same Day,4.9,Premium,No,Not Returned,No
26-11-2024,Mouse,Accessories,West,6,888,210.39,49,ABC0049,148,22,3,Same Day,3.5,Regular,No,Not Returned,No
19-09-2024,Laptop,Electronics,West,5,3280,954.17,50,ABC0050,656,30,6,Same Day,2.9,Premium,Yes,Not Returned,No
20-07-2023,Mouse,Accessories,South,7,1239,177.39,51,ABC0051,177,38,1,Standard,5,Regular,No,Not Returned,No
03-05-2024,Headphones,Accessories,East,8,5880,436.85,52,ABC0052,735,14,2,Same Day,4.8,Premium,No,Not Returned,No
03-09-2022,Smartphone,Electronics,West,2,1668,437.3,53,ABC0053,834,18,1,Same Day,4.4,Regular,No,Not Returned,No
09-07-2024,Printer,Office,West,7,4109,1037.64,54,ABC0054,587,35,5,Standard,3.1,Premium,No,Not Returned,No
17-11-2022,Smartwatch,Electronics,West,7,595,148.5,55,ABC0055,85,19,7,Express,2.1,Regular,Yes,Low Rating,No
28-12-2023,Headphones,Accessories,East,7,8155,1587.91,56,ABC0056,1165,12,8,Express,3,Premium,No,Not Returned,No
30-05-2022,Monitor,Accessories,South,3,1872,553.1,57,ABC0057,624,18,10,Same Day,2.2,Regular,Yes,Low Rating,No
17-04-2024,Smartwatch,Electronics,East,6,2124,126.03,58,ABC0058,354,27,1,Express,5,Regular,No,Not Returned,No
30-09-2024,Monitor,Accessories,West,5,5210,1338.8,59,ABC0059,1042,25,7,Express,3.1,Premium,No,Not Returned,No
02-06-2024,Mouse,Accessories,South,7,5761,362.48,60,ABC0060,823,20,5,Express,2.9,Premium,Yes,Not Returned,No
26-09-2022,Headphones,Accessories,South,7,6895,1596.35,61,ABC0061,985,22,10,Express,1,Premium,Yes,Low Rating,No
17-12-2024,Smartwatch,Electronics,East,3,2118,317.08,62,ABC0062,706,28,1,Same Day,4.9,Regular,No,Not Returned,No
09-10-2024,Smartwatch,Electronics,North,5,830,58.28,63,ABC0063,166,30,3,Express,4.4,Regular,Yes,Product Issue,No
14-07-2023,Smartwatch,Electronics,North,1,851,93.56,64,ABC0064,851,29,7,Express,3.5,Regular,Yes,Product Issue,No
05-12-2023,Tablet,Electronics,East,5,4730,1365.63,65,ABC0065,946,33,10,Standard,1.6,Premium,Yes,Low Rating,No
03-06-2022,Mouse,Accessories,West,6,5460,845.75,66,ABC0066,910,19,1,Same Day,4.5,Premium,No,Not Returned,No
28-12-2024,Headphones,Accessories,East,5,5795,310.6,67,ABC0067,1159,5,7,Standard,2.5,Premium,Yes,Not Returned,No
06-08-2022,Laptop,Electronics,South,4,2008,338.44,68,ABC0068,502,29,5,Standard,3.7,Regular,No,Not Returned,No
06-06-2023,Mouse,Accessories,South,7,2842,425.24,69,ABC0069,406,11,1,Same Day,4.5,Premium,No,Not Returned,No
01-02-2024,Mouse,Accessories,East,4,3404,392.22,70,ABC0070,851,13,1,Express,4.6,Premium,No,Not Returned,No
31-05-2023,Smartwatch,Electronics,West,1,1065,228.63,71,ABC0071,1065,28,1,Standard,5,Regular,No,Not Returned,No
14-06-2024,Tablet,Electronics,West,7,2149,121.69,72,ABC0072,307,5,11,Same Day,1,Regular,Yes,Low Rating,No
14-08-2024,Keyboard,Accessories,East,8,5912,1143.04,73,ABC0073,739,12,9,Express,2.7,Premium,Yes,Late Delivery,No
01-02-2023,Mouse,Accessories,West,3,3348,331.28,74,ABC0074,1116,28,11,Same Day,1.6,Premium,Yes,Low Rating,No
28-04-2024,Smartphone,Electronics,South,3,2409,531.79,75,ABC0075,803,15,3,Standard,3.1,Premium,No,Not Returned,No
05-04-2024,Tablet,Electronics,North,2,328,39.51,76,ABC0076,164,21,5,Express,3.1,Regular,Yes,Product Issue,No
31-01-2024,Smartphone,Electronics,West,8,6224,1561.42,77,ABC0077,778,12,11,Express,1,Premium,Yes,Low Rating,No
09-01-2024,Smartwatch,Electronics,North,5,2530,486.09,78,ABC0078,506,39,10,Same Day,1.6,Premium,Yes,Low Rating,No
06-04-2022,Headphones,Accessories,West,4,4108,462.17,79,ABC0079,1027,39,12,Express,1,Premium,Yes,Low Rating,No
22-05-2024,Printer,Office,South,5,1640,391.36,80,ABC0080,328,37,9,Standard,2.4,Regular,Yes,Low Rating,No
30-12-2023,Laptop,Electronics,South,1,111,19.33,81,ABC0081,111,9,6,Standard,2.6,Regular,Yes,Product Issue,No
17-03-2022,Headphones,Accessories,North,1,445,128.89,82,ABC0082,445,32,12,Standard,1.2,Regular,Yes,Low Rating,No
24-05-2022,Printer,Office,North,4,3600,623.72,83,ABC0083,900,11,9,Same Day,2.3,Premium,Yes,Low Rating,No
09-06-2024,Mouse,Accessories,North,3,1335,176.44,84,ABC0084,445,13,8,Express,2.5,Regular,Yes,Not Returned,No
01-12-2024,Keyboard,Accessories,South,5,3090,242.15,85,ABC0085,618,12,8,Express,2.9,Premium,Yes,Not Returned,No
20-10-2023,Printer,Office,East,5,3910,538.52,86,ABC0086,782,16,1,Express,5,Premium,No,Not Returned,No
05-03-2024,Camera,Electronics,South,1,219,32.67,87,ABC0087,219,38,9,Standard,2.1,Regular,Yes,Low Rating,No
05-12-2022,Smartphone,Electronics,West,5,390,27.77,88,ABC0088,78,37,6,Express,3.2,Regular,Yes,Product Issue,No
05-08-2022,Laptop,,North,6,3294,359.61,89,ABC0089,549,27,9,Standard,1.6,Premium,Yes,Low Rating,No
21-03-2023,Keyboard,Accessories,West,4,4572,1038.05,90,ABC0090,1143,28,3,Express,3.5,Premium,No,Not Returned,No
08-02-2022,Monitor,Accessories,South,7,980,109.94,91,ABC0091,140,39,12,Standard,1.5,Regular,Yes,Low Rating,No
01-04-2023,Headphones,Accessories,North,2,2262,532.12,92,ABC0092,1131,26,3,Express,4.5,Regular,No,Not Returned,No
14-12-2022,Camera,Electronics,South,7,7518,1655.91,93,ABC0093,1074,31,6,Same Day,2.5,Premium,Yes,Not Returned,No
14-05-2022,Camera,Electronics,South,1,873,158.97,94,ABC0094,873,39,9,Same Day,1.3,Regular,Yes,Low Rating,No
16-02-2022,Mouse,Accessories,North,6,1512,423.03,95,ABC0095,252,5,7,Standard,2.3,Regular,Yes,Low Rating,No
28-08-2024,Laptop,Electronics,West,1,705,165.16,96,ABC0096,705,39,3,Standard,3.9,Regular,No,Not Returned,No
30-10-2023,Smartwatch,Electronics,North,8,3256,533.7,97,ABC0097,407,18,3,Express,3.8,Premium,No,Not Returned,No
24-06-2023,Tablet,Electronics,West,4,556,81.77,98,ABC0098,139,7,2,Express,4.4,Regular,Yes,Product Issue,No
17-05-2023,Mouse,Accessories,East,9,7101,2105.82,99,ABC0099,789,5,9,Same Day,2.5,Premium,Yes,Late Delivery,No
06-04-2023,Laptop,Electronics,West,9,8802,1344.96,100,ABC0100,978,9,3,Express,4.2,Premium,No,Not Returned,No
26-03-2023,Headphones,Accessories,South,6,5592,1294.16,101,ABC0101,932,30,11,Standard,1.6,Premium,Yes,Low Rating,No
12-10-2024,Tablet,Electronics,North,2,1852,168.92,102,ABC0102,926,18,5,Standard,2.1,Regular,Yes,Low Rating,No
26-06-2022,Monitor,Accessories,East,1,195,57.88,103,ABC0103,195,31,9,Standard,1.2,Regular,Yes,Low Rating,No
15-04-2022,Mouse,Accessories,East,9,7884,2054.02,104,ABC0104,876,13,8,Standard,1.9,Premium,Yes,Low Rating,No
10-12-2023,Laptop,Electronics,East,5,4360,1160.55,105,ABC0105,872,19,2,Standard,4,Premium,No,Not Returned,No
23-09-2024,Mouse,Accessories,North,6,4920,929.18,106,ABC0106,820,19,3,Same Day,4.4,Premium,No,Not Returned,No
01-01-2022,Mouse,Accessories,East,3,3474,565,107,ABC0107,1158,30,2,Same Day,3.9,Premium,No,Not Returned,No
03-02-2022,Keyboard,Accessories,West,1,930,222.5,108,ABC0108,930,17,8,Standard,2.7,Regular,Yes,Not Returned,No
14-03-2023,Tablet,Electronics,South,7,1421,248.02,109,ABC0109,203,36,6,Express,2.6,Regular,Yes,Not Returned,No
24-08-2022,Headphones,Accessories,North,2,634,161.1,110,ABC0110,317,36,6,Standard,2.4,Regular,Yes,Low Rating,No
07-07-2024,Camera,Electronics,East,1,673,114.42,111,ABC0111,673,8,12,Same Day,1,Regular,Yes,Low Rating,No
13-04-2022,Mouse,Accessories,South,5,3135,787.7,112,ABC0112,627,34,9,Standard,3.1,Premium,No,Late Delivery,No
08-05-2024,Smartphone,Electronics,East,6,882,184.48,113,ABC0113,147,27,8,Same Day,1.9,Regular,Yes,Low Rating,No
10-09-2024,Smartphone,Electronics,East,4,1192,212.77,114,ABC0114,298,19,4,Same Day,4,Regular,No,Not Returned,No
18-06-2024,Printer,Office,South,3,390,112.08,115,ABC0115,130,33,12,Standard,1,Regular,Yes,Low Rating,No
10-09-2024,Tablet,Electronics,North,1,834,95.54,116,ABC0116,834,17,4,Standard,4.4,Regular,Yes,Product Issue,No
06-05-2022,Smartphone,Electronics,East,6,612,83.75,117,ABC0117,102,36,9,Express,2.2,Regular,Yes,Low Rating,No
18-06-2024,Headphones,Accessories,West,9,8073,710.23,118,ABC0118,897,11,1,Same Day,4.8,Premium,No,Not Returned,No
29-10-2023,Keyboard,Accessories,North,8,2640,723.88,119,ABC0119,330,26,2,Express,4.5,Premium,No,Not Returned,No
13-11-2023,Smartphone,Electronics,North,3,3234,440.7,120,ABC0120,1078,32,2,Standard,4.6,Premium,No,Not Returned,No
21-08-2022,Monitor,Accessories,West,5,4435,355.51,121,ABC0121,887,6,6,Same Day,3.4,Premium,No,Not Returned,No
04-03-2024,Smartwatch,Electronics,North,2,2302,305.07,122,ABC0122,1151,10,4,Express,3.4,Regular,No,Not Returned,No
17-04-2022,Camera,Electronics,East,6,1728,307.44,123,ABC0123,288,32,11,Express,1,Regular,Yes,Low Rating,No
20-12-2023,Laptop,Electronics,East,4,228,54.05,124,ABC0124,57,32,10,Express,1.7,Regular,Yes,Low Rating,No
19-03-2022,Tablet,Electronics,West,6,3450,705.74,125,ABC0125,575,24,3,Standard,4.3,Premium,No,Not Returned,No
07-07-2024,Smartphone,Electronics,South,8,7456,1702.48,126,ABC0126,932,34,3,Standard,4,Premium,No,Not Returned,No
30-04-2023,Smartphone,Electronics,West,6,4728,705.85,127,ABC0127,788,15,3,Standard,4.4,Premium,No,Not Returned,No
22-03-2024,Smartwatch,Electronics,North,7,945,124.62,128,ABC0128,135,32,6,Same Day,3.3,Regular,No,Not Returned,No
08-03-2022,Laptop,Electronics,North,4,296,65.05,129,ABC0129,74,29,8,Standard,2.2,Regular,Yes,Low Rating,No
15-09-2023,Smartphone,Electronics,West,4,640,149.89,130,ABC0130,160,37,11,Same Day,1,Regular,Yes,Low Rating,No
01-03-2023,Tablet,Electronics,North,1,797,65.27,131,ABC0131,797,5,7,Express,2.4,Regular,Yes,Low Rating,No
24-10-2023,Monitor,Accessories,North,4,1456,431.89,132,ABC0132,364,31,4,Express,4.5,Regular,No,Not Returned,No
22-04-2024,Monitor,Accessories,South,6,4038,364.11,133,ABC0133,673,17,11,Standard,1.5,Premium,Yes,Low Rating,No
27-06-2023,Tablet,Electronics,West,7,5656,355.81,134,ABC0134,808,7,12,Express,1,Premium,Yes,Low Rating,No
13-04-2023,Mouse,Accessories,West,4,3876,302.37,135,ABC0135,969,10,4,Standard,3.8,Premium,No,Not Returned,No
19-05-2023,Keyboard,Accessories,South,6,1002,114.7,136,ABC0136,167,12,11,Same Day,1.7,Regular,Yes,Low Rating,No
15-11-2024,Headphones,Accessories,East,9,2187,413.76,137,ABC0137,243,31,10,Express,1.3,Regular,Yes,Low Rating,No
25-12-2023,Mouse,Accessories,North,6,7146,1627.42,138,ABC0138,1191,13,11,Standard,2,Premium,Yes,Low Rating,No
31-03-2022,Keyboard,Accessories,South,1,189,14.88,139,ABC0139,189,37,11,Express,1.6,Regular,Yes,Low Rating,No
24-04-2024,Monitor,Accessories,East,5,940,266.02,140,ABC0140,188,28,11,Express,1,Regular,Yes,Low Rating,No
10-01-2022,Headphones,Accessories,North,1,951,127.58,141,ABC0141,951,19,2,Standard,4.8,Regular,No,Not Returned,No
17-11-2022,Printer,Office,East,2,124,27.42,142,ABC0142,62,36,1,Express,4.5,Regular,Yes,Product Issue,No
29-06-2024,Mouse,Accessories,West,9,7506,594.28,143,ABC0143,834,36,9,Express,1.9,Premium,Yes,Low Rating,No
14-11-2022,Monitor,Accessories,West,7,8176,2308.76,144,ABC0144,1168,28,12,Express,1,Premium,Yes,Low Rating,No
11-08-2023,Smartphone,Electronics,East,5,2125,632.68,145,ABC0145,425,16,12,Express,1.3,Regular,Yes,Low Rating,No
22-05-2024,Headphones,Accessories,North,1,967,59.98,146,ABC0146,967,6,2,Same Day,4.3,Regular,Yes,Product Issue,No
19-03-2022,Headphones,Accessories,South,5,270,29.41,147,ABC0147,54,7,8,Express,2.7,Regular,Yes,Product Issue,No
23-10-2022,Keyboard,Accessories,West,9,10035,1486.3,148,ABC0148,1115,21,9,Express,1.7,Premium,Yes,Low Rating,No
26-02-2023,Printer,Office,North,8,6792,1125.23,149,ABC0149,849,6,4,Standard,3.3,Premium,No,Not Returned,No
03-10-2024,Printer,Office,East,1,714,99.13,150,ABC0150,714,6,8,Same Day,2,Regular,Yes,Low Rating,No
17-07-2022,Smartphone,Electronics,South,5,765,157.64,151,ABC0151,153,32,9,Standard,2.2,Regular,Yes,Low Rating,No
04-11-2024,Headphones,Accessories,East,7,4221,358.02,152,ABC0152,603,27,10,Standard,1.3,Premium,Yes,Low Rating,No
24-02-2023,Laptop,Electronics,North,4,2108,576.48,153,ABC0153,527,36,10,Standard,1.6,Regular,Yes,Low Rating,No
08-08-2024,Monitor,Accessories,North,9,10530,2387.63,154,ABC0154,1170,37,5,Same Day,3.1,Premium,No,Not Returned,No
14-05-2024,Keyboard,Accessories,South,6,3396,914.17,155,ABC0155,566,5,7,Standard,2.9,Premium,Yes,Not Returned,No
15-01-2022,Monitor,Accessories,North,4,1060,213.05,156,ABC0156,265,23,10,Standard,1,Regular,Yes,Low Rating,No
10-05-2022,Tablet,Electronics,East,5,480,73.07,157,ABC0157,96,6,4,Standard,3.8,Regular,Yes,Product Issue,No
10-03-2022,Headphones,Accessories,West,3,2529,285.65,158,ABC0158,843,30,1,Express,5,Premium,No,Not Returned,No
23-01-2022,Smartwatch,Electronics,East,8,4792,511.97,159,ABC0159,599,36,3,Standard,4.6,Premium,No,Not Returned,No
19-09-2024,Smartwatch,Electronics,East,8,8056,605.8,160,ABC0160,1007,10,5,Same Day,3,Premium,No,Not Returned,No
06-06-2024,Tablet,Electronics,North,4,4228,947.76,161,ABC0161,1057,36,3,Same Day,4.2,Premium,No,Not Returned,No
10-10-2024,Tablet,Electronics,East,1,653,93.78,162,ABC0162,653,8,12,Express,1.2,Regular,Yes,Low Rating,No
24-03-2024,Tablet,Electronics,North,9,7452,1212.51,163,ABC0163,828,15,11,Same Day,2.1,Premium,Yes,Low Rating,No
21-07-2023,Mouse,Accessories,East,4,4128,1156.71,164,ABC0164,1032,21,7,Same Day,1.4,Premium,Yes,Low Rating,No
21-07-2022,Tablet,Electronics,West,5,5090,1201.56,165,ABC0165,1018,28,12,Express,1.6,Premium,Yes,Low Rating,No
01-09-2022,Camera,Electronics,North,5,4930,387.33,166,ABC0166,986,9,9,Standard,1.9,Premium,Yes,Low Rating,No
20-04-2023,Smartwatch,Electronics,South,6,2610,434.37,167,ABC0167,435,38,12,Express,1,Premium,Yes,Low Rating,No
11-12-2023,Laptop,Electronics,North,3,2139,415.84,168,ABC0168,713,10,6,Standard,2.6,Regular,Yes,Not Returned,No
29-09-2024,Tablet,Electronics,South,1,226,55.4,169,ABC0169,226,26,10,Standard,1,Regular,Yes,Low Rating,No
20-11-2023,Smartwatch,Electronics,West,2,2244,212.08,170,ABC0170,1122,15,1,Same Day,4.4,Regular,No,Not Returned,No
15-07-2023,Monitor,Accessories,East,6,3150,578.87,171,ABC0171,525,20,7,Express,2.1,Premium,Yes,Low Rating,No
24-12-2023,Laptop,Electronics,South,7,3388,347.19,172,ABC0172,484,37,3,Same Day,4.1,Premium,No,Not Returned,No
13-08-2023,Laptop,Electronics,East,8,8736,580.31,173,ABC0173,1092,13,5,Same Day,3.6,Premium,No,Not Returned,No
24-04-2022,Smartphone,Electronics,South,2,1102,176.53,174,ABC0174,551,10,10,Standard,1.5,Regular,Yes,Low Rating,No
13-07-2024,Monitor,Accessories,East,3,2640,199.97,175,ABC0175,880,20,4,Same Day,4.4,Premium,No,Not Returned,No
11-06-2022,Printer,Office,West,3,2547,300.74,176,ABC0176,849,33,10,Express,1.4,Premium,Yes,Low Rating,No
28-10-2024,Laptop,,North,7,728,64.82,177,ABC0177,104,7,5,Same Day,3.2,Regular,Yes,Product Issue,No
24-11-2022,Camera,Electronics,South,7,3444,607.44,178,ABC0178,492,24,5,Same Day,3.1,Premium,No,Not Returned,No
03-10-2024,Camera,Electronics,West,5,3140,853.66,179,ABC0179,628,23,6,Standard,3.3,Premium,No,Not Returned,No
24-03-2024,Smartphone,Electronics,East,3,435,129.27,180,ABC0180,145,30,10,Express,2,Regular,Yes,Low Rating,No
28-06-2024,Keyboard,Accessories,East,4,856,72.99,181,ABC0181,214,7,12,Same Day,1.2,Regular,Yes,Low Rating,No
31-05-2022,Printer,Office,North,2,112,23.33,182,ABC0182,56,23,10,Standard,1.6,Regular,Yes,Low Rating,No
25-03-2024,Headphones,Accessories,North,3,2247,507.79,183,ABC0183,749,24,11,Same Day,1,Regular,Yes,Low Rating,No
31-01-2023,Keyboard,Accessories,West,2,1512,298.73,184,ABC0184,756,36,6,Express,2.8,Regular,Yes,Not Returned,No
23-06-2024,Mouse,Accessories,South,5,4915,1196.6,185,ABC0185,983,11,8,Same Day,3.1,Premium,No,Not Returned,No
16-08-2023,Mouse,Accessories,South,3,2709,663.54,186,ABC0186,903,37,8,Same Day,2.8,Premium,Yes,Not Returned,No
10-06-2023,Tablet,Electronics,North,7,1239,118.36,187,ABC0187,177,22,11,Standard,1.5,Regular,Yes,Low Rating,No
09-05-2023,Tablet,Electronics,West,2,572,86.16,188,ABC0188,286,5,9,Same Day,1.8,Regular,Yes,Low Rating,No
08-05-2022,Smartwatch,Electronics,North,2,1708,93.25,189,ABC0189,854,15,8,Standard,2.3,Regular,Yes,Low Rating,No
06-11-2024,Smartwatch,Electronics,North,4,360,42.66,190,ABC0190,90,32,11,Express,1.1,Regular,Yes,Low Rating,No
08-12-2022,Camera,Electronics,North,6,3822,388.34,191,ABC0191,637,29,2,Same Day,4.9,Premium,No,Not Returned,No
25-09-2022,Camera,Electronics,North,6,4680,932.97,192,ABC0192,780,27,12,Express,1,Premium,Yes,Low Rating,No
10-07-2024,Camera,Electronics,North,5,2520,487.18,193,ABC0193,504,35,10,Express,2.1,Premium,Yes,Low Rating,No
29-03-2024,Smartwatch,Electronics,North,2,2138,619.29,194,ABC0194,1069,34,12,Same Day,1,Regular,Yes,Low Rating,No
11-01-2022,Keyboard,Accessories,West,3,2529,169.6,195,ABC0195,843,39,11,Standard,2,Premium,Yes,Low Rating,No
08-04-2022,Keyboard,Accessories,East,1,236,29.33,196,ABC0196,236,11,1,Express,4.9,Regular,Yes,Product Issue,No
21-01-2024,Tablet,Electronics,West,6,2730,636.48,197,ABC0197,455,20,10,Express,1.3,Premium,Yes,Low Rating,No
27-04-2023,Headphones,Accessories,North,3,3021,872.49,198,ABC0198,1007,30,2,Same Day,4.2,Premium,No,Not Returned,No
06-11-2024,Smartwatch,Electronics,North,2,244,16.78,199,ABC0199,122,6,2,Same Day,4.7,Regular,Yes,Product Issue,No
11-05-2022,Camera,Electronics,South,8,728,120.06,200,ABC0200,91,5,12,Same Day,1,Regular,Yes,Low Rating,No
02-10-2022,Mouse,Accessories,North,3,453,89.49,201,ABC0201,151,16,3,Same Day,4,Regular,Yes,Product Issue,No
12-01-2022,Laptop,Electronics,South,1,379,84.38,202,ABC0202,379,9,10,Same Day,1.4,Regular,Yes,Low Rating,No
09-01-2023,Tablet,Electronics,West,3,2130,510.69,203,ABC0203,710,36,7,Same Day,3.5,Regular,No,Not Returned,No
04-05-2023,Monitor,Accessories,North,8,4120,710.11,204,ABC0204,515,13,2,Standard,5,Premium,No,Not Returned,No
07-09-2024,Smartwatch,Electronics,South,7,3150,299.7,205,ABC0205,450,39,1,Express,5,Premium,No,Not Returned,No
17-05-2022,Smartwatch,Electronics,East,7,2688,603.07,206,ABC0206,384,23,6,Standard,2.9,Premium,Yes,Not Returned,No
17-08-2023,Tablet,Electronics,East,2,1752,501.19,207,ABC0207,876,20,9,Standard,1.8,Regular,Yes,Low Rating,No
07-09-2023,Keyboard,Accessories,North,7,7308,948.4,208,ABC0208,1044,7,3,Same Day,3.6,Premium,No,Not Returned,No
11-05-2022,Tablet,Electronics,North,3,2007,160.84,209,ABC0209,669,24,6,Express,3.8,Regular,No,Not Returned,No
12-05-2023,Tablet,Electronics,West,7,7224,479.23,210,ABC0210,1032,28,3,Standard,4.5,Premium,No,Not Returned,No
08-05-2023,Monitor,Accessories,South,9,6939,1249.31,211,ABC0211,771,37,1,Same Day,5,Premium,No,Not Returned,No
18-02-2023,Smartphone,Electronics,East,7,5516,1475.67,212,ABC0212,788,28,12,Same Day,1,Premium,Yes,Low Rating,No
29-01-2022,Printer,Office,South,2,2224,116.47,213,ABC0213,1112,15,5,Express,2.5,Regular,Yes,Not Returned,No
12-01-2023,Laptop,Electronics,South,5,3985,824.4,214,ABC0214,797,12,10,Standard,1,Premium,Yes,Low Rating,No
03-01-2022,Camera,Electronics,North,7,2723,638.26,215,ABC0215,389,24,11,Standard,1.4,Premium,Yes,Low Rating,No
20-10-2022,Tablet,Electronics,North,2,746,170.75,216,ABC0216,373,39,4,Standard,3.4,Regular,No,Not Returned,No
21-08-2024,Laptop,Electronics,West,5,3170,245.25,217,ABC0217,634,29,7,Same Day,2.3,Premium,Yes,Low Rating,No
11-12-2023,Smartwatch,Electronics,East,5,550,63.11,218,ABC0218,110,39,6,Express,3.2,Regular,Yes,Product Issue,No
14-08-2022,Tablet,Electronics,North,8,480,132.45,219,ABC0219,60,29,10,Express,2.2,Regular,Yes,Low Rating,No
03-06-2024,Printer,Office,East,4,3284,354.4,220,ABC0220,821,33,7,Standard,2.3,Premium,Yes,Low Rating,No
23-01-2024,Smartwatch,Electronics,South,2,1748,183.75,221,ABC0221,874,22,5,Same Day,2.7,Regular,Yes,Not Returned,No
20-11-2023,Headphones,Accessories,North,8,824,240.84,222,ABC0222,103,22,4,Standard,3.3,Regular,No,Not Returned,No
03-03-2022,Headphones,Accessories,North,4,1872,448.46,223,ABC0223,468,6,7,Express,2.1,Regular,Yes,Low Rating,No
20-02-2024,Tablet,Electronics,West,3,627,103.98,224,ABC0224,209,39,7,Same Day,3,Regular,No,Not Returned,No
09-08-2024,Camera,Electronics,East,9,5661,1104.02,225,ABC0225,629,20,6,Standard,3,Premium,No,Not Returned,No
19-06-2022,Camera,Electronics,North,3,2910,765.47,226,ABC0226,970,37,8,Standard,3.3,Premium,No,Not Returned,No
01-09-2024,Tablet,Electronics,South,9,9036,1087.46,227,ABC0227,1004,8,4,Same Day,4,Premium,No,Not Returned,No
30-08-2024,Tablet,Electronics,West,5,4815,338.31,228,ABC0228,963,37,10,Express,2.6,Premium,Yes,Late Delivery,No
12-08-2022,Mouse,Accessories,South,1,1187,206.28,229,ABC0229,1187,18,5,Same Day,2.6,Regular,Yes,Not Returned,No
04-08-2022,Headphones,Accessories,East,3,3339,732.92,230,ABC0230,1113,25,4,Standard,2,Premium,Yes,Low Rating,No
20-02-2024,Tablet,Electronics,East,1,620,165.43,231,ABC0231,620,24,12,Standard,1.1,Regular,Yes,Low Rating,No
26-02-2023,Camera,Electronics,West,5,2025,414.42,232,ABC0232,405,12,1,Standard,4.7,Regular,No,Not Returned,No
20-11-2024,Printer,Office,East,5,3030,811.92,233,ABC0233,606,11,12,Standard,1,Premium,Yes,Low Rating,No
12-08-2023,Smartwatch,Electronics,North,5,655,166.69,234,ABC0234,131,7,8,Express,2.4,Regular,Yes,Low Rating,No
17-01-2022,Printer,Office,West,2,2238,294.54,235,ABC0235,1119,21,1,Express,4.1,Regular,No,Not Returned,No
12-04-2023,Smartphone,Electronics,South,8,3312,811.31,236,ABC0236,414,37,5,Standard,3.6,Premium,No,Not Returned,No
26-07-2023,Printer,Office,East,9,9387,1271.64,237,ABC0237,1043,16,6,Express,3.4,Premium,No,Not Returned,No
01-01-2024,Mouse,Accessories,West,6,5790,1285.21,238,ABC0238,965,26,6,Express,2.4,Premium,Yes,Low Rating,No
06-12-2023,Laptop,Electronics,South,6,2700,527.97,239,ABC0239,450,26,5,Express,3.2,Premium,No,Not Returned,No
05-12-2023,Smartwatch,Electronics,East,8,2072,555.06,240,ABC0240,259,34,3,Standard,3.9,Regular,No,Not Returned,No
27-10-2024,Keyboard,Accessories,North,3,2991,716.54,241,ABC0241,997,12,5,Same Day,3,Premium,No,Not Returned,No
04-08-2024,Laptop,Electronics,East,6,5568,958.59,242,ABC0242,928,31,12,Same Day,1,Premium,Yes,Low Rating,No
01-02-2023,Smartwatch,Electronics,North,7,5509,1648.74,243,ABC0243,787,31,8,Same Day,2.3,Premium,Yes,Low Rating,No
02-06-2024,Printer,Office,West,7,5922,1323.1,244,ABC0244,846,38,2,Standard,4.5,Premium,No,Not Returned,No
28-04-2024,Smartphone,Electronics,South,4,4380,362.81,245,ABC0245,1095,25,6,Express,2.7,Premium,Yes,Not Returned,No
25-03-2022,Tablet,Electronics,South,5,1760,272.68,246,ABC0246,352,34,9,Express,1.5,Regular,Yes,Low Rating,No
05-10-2024,Headphones,Accessories,North,9,5571,1523.81,247,ABC0247,619,37,8,Standard,2.5,Premium,Yes,Not Returned,No
19-12-2024,Tablet,Electronics,South,2,1082,182.1,248,ABC0248,541,32,11,Standard,1,Regular,Yes,Low Rating,No
18-07-2022,Camera,Electronics,East,1,569,138.11,249,ABC0249,569,37,8,Same Day,2.2,Regular,Yes,Low Rating,No
11-06-2023,Mouse,Accessories,North,8,3416,697.42,250,ABC0250,427,9,8,Same Day,2.1,Premium,Yes,Low Rating,No
13-10-2024,Printer,Office,West,1,570,57.07,251,ABC0251,570,23,7,Standard,3.3,Regular,Yes,Product Issue,No
07-08-2023,Monitor,Accessories,East,6,3300,386.92,252,ABC0252,550,8,8,Same Day,2,Premium,Yes,Low Rating,No
04-12-2022,Laptop,Electronics,South,8,2584,568.77,253,ABC0253,323,39,6,Express,3.9,Premium,No,Not Returned,No
18-02-2024,Monitor,Accessories,South,9,7650,2204.44,254,ABC0254,850,21,2,Standard,4.7,Premium,No,Not Returned,No
05-12-2024,Headphones,Accessories,West,8,3600,272.51,255,ABC0255,450,32,2,Standard,5,Premium,No,Not Returned,No
15-12-2023,Monitor,Accessories,West,6,846,190.87,256,ABC0256,141,34,8,Express,2.7,Regular,Yes,Not Returned,No
12-08-2023,Smartphone,Electronics,West,1,51,9.36,257,ABC0257,51,33,11,Express,1.2,Regular,Yes,Low Rating,No
20-05-2024,Smartwatch,Electronics,South,6,7056,586.91,258,ABC0258,1176,10,1,Express,4.2,Premium,No,Not Returned,No
05-06-2024,Smartwatch,Electronics,West,2,384,38.41,259,ABC0259,192,39,6,Same Day,2.8,Regular,Yes,Product Issue,No
09-01-2022,Laptop,Electronics,South,8,2928,663.54,260,ABC0260,366,28,6,Standard,3.7,Premium,No,Not Returned,No
17-12-2023,Camera,Electronics,West,7,1904,352.86,261,ABC0261,272,33,11,Same Day,1.3,Regular,Yes,Low Rating,No
08-09-2022,Tablet,Electronics,East,2,2314,312.07,262,ABC0262,1157,35,4,Express,4,Regular,No,Not Returned,No
22-01-2022,Printer,Office,South,4,1028,192.13,263,ABC0263,257,39,12,Same Day,1.1,Regular,Yes,Low Rating,No
04-09-2024,Headphones,Accessories,South,9,8307,1326.23,264,ABC0264,923,37,11,Express,1.5,Premium,Yes,Low Rating,No
20-01-2024,Printer,Office,West,9,1539,203.54,265,ABC0265,171,25,11,Same Day,1.5,Regular,Yes,Low Rating,No
03-11-2022,Tablet,Electronics,West,7,2506,537.98,266,ABC0266,358,36,10,Same Day,1.9,Premium,Yes,Low Rating,No
03-07-2023,Smartphone,Electronics,West,6,5778,1232.54,267,ABC0267,963,27,3,Express,3.6,Premium,No,Not Returned,No
25-01-2024,Tablet,Electronics,East,9,10188,2165.78,268,ABC0268,1132,37,11,Same Day,1.2,Premium,Yes,Low Rating,No
11-05-2024,Monitor,Accessories,North,1,952,157.7,269,ABC0269,952,7,3,Standard,4.2,Regular,No,Not Returned,No
02-01-2024,Smartwatch,Electronics,West,8,3624,750.86,270,ABC0270,453,22,1,Same Day,4.7,Premium,No,Not Returned,No
24-02-2023,Keyboard,Accessories,South,8,7968,1551.12,271,ABC0271,996,29,3,Same Day,3.8,Premium,No,Not Returned,No
20-07-2024,Mouse,Accessories,South,2,1254,250.09,272,ABC0272,627,35,4,Standard,3.9,Regular,No,Not Returned,No
14-06-2023,Printer,Office,West,3,705,196.05,273,ABC0273,235,7,11,Express,1,Regular,Yes,Low Rating,No
10-04-2022,Mouse,Accessories,West,1,916,223.5,274,ABC0274,916,28,11,Standard,1,Regular,Yes,Low Rating,No
01-10-2024,Printer,Office,North,2,848,129.96,275,ABC0275,424,36,5,Same Day,3.5,Regular,No,Not Returned,No
10-05-2022,Monitor,Accessories,East,8,2240,313.17,276,ABC0276,280,26,3,Express,3.4,Regular,No,Not Returned,No
28-01-2022,Monitor,Accessories,South,1,940,120.35,277,ABC0277,940,27,6,Same Day,3.1,Regular,No,Not Returned,No
05-04-2023,Headphones,Accessories,West,5,1550,203.51,278,ABC0278,310,6,11,Same Day,1,Regular,Yes,Low Rating,No
22-09-2023,Keyboard,Accessories,South,7,2352,256.4,279,ABC0279,336,31,12,Standard,1,Premium,Yes,Low Rating,No
29-08-2024,Smartwatch,Electronics,North,9,1638,183.75,280,ABC0280,182,6,5,Standard,3.2,Regular,No,Not Returned,No
18-11-2023,Camera,Electronics,North,6,7164,1442.72,281,ABC0281,1194,30,3,Express,3.2,Premium,No,Not Returned,No
12-09-2023,Mouse,Accessories,East,1,205,54.54,282,ABC0282,205,21,6,Express,2.8,Regular,Yes,Product Issue,No
26-05-2023,Keyboard,Accessories,North,2,766,49.23,283,ABC0283,383,37,6,Express,3.6,Regular,Yes,Product Issue,No
30-04-2023,Keyboard,Accessories,North,1,168,17.84,284,ABC0284,168,13,8,Same Day,1.7,Regular,Yes,Low Rating,No
01-11-2024,Mouse,Accessories,South,1,1058,207.55,285,ABC0285,1058,33,2,Standard,4.2,Regular,No,Not Returned,No
06-05-2022,Keyboard,Accessories,South,5,1455,423.81,286,ABC0286,291,30,1,Standard,5,Regular,No,Not Returned,No
10-05-2023,Camera,Electronics,East,2,2224,364.04,287,ABC0287,1112,39,4,Standard,3.1,Regular,No,Not Returned,No
04-11-2022,Smartphone,Electronics,West,7,1400,80.49,288,ABC0288,200,29,7,Express,3.4,Regular,Yes,Product Issue,No
09-05-2022,Smartphone,Electronics,East,7,7567,2213.18,289,ABC0289,1081,28,11,Standard,1.2,Premium,Yes,Low Rating,No
07-11-2022,Tablet,Electronics,East,6,3396,987.68,290,ABC0290,566,17,10,Standard,1.7,Premium,Yes,Low Rating,No
11-08-2023,Smartwatch,Electronics,East,2,704,135.63,291,ABC0291,352,11,3,Standard,4.6,Regular,No,Not Returned,No
21-10-2024,Tablet,Electronics,East,9,7767,2172.19,292,ABC0292,863,24,3,Express,3.8,Premium,No,Not Returned,No
06-10-2024,Mouse,Accessories,West,5,2050,157.13,293,ABC0293,410,5,5,Standard,3.6,Regular,No,Not Returned,No
08-08-2023,Monitor,Accessories,North,9,10458,2799.48,294,ABC0294,1162,12,5,Express,3.8,Premium,No,Not Returned,No
19-01-2022,Camera,Electronics,South,4,4700,619.26,295,ABC0295,1175,20,10,Standard,1.3,Premium,Yes,Low Rating,No
30-04-2024,Smartphone,Electronics,North,2,892,222.51,296,ABC0296,446,18,3,Standard,3.6,Regular,No,Not Returned,No
26-12-2023,Laptop,Electronics,East,8,6968,1479.09,297,ABC0297,871,16,9,Standard,1.9,Premium,Yes,Low Rating,No
07-04-2024,Laptop,Electronics,North,7,1344,300.88,298,ABC0298,192,27,4,Express,3.6,Regular,No,Not Returned,No
18-10-2022,Camera,Electronics,West,1,354,65.99,299,ABC0299,354,19,3,Express,3.5,Regular,Yes,Product Issue,No
21-04-2024,Monitor,Accessories,South,3,3051,662.23,300,ABC0300,1017,32,11,Standard,1,Premium,Yes,Low Rating,No
26-03-2024,Camera,Electronics,South,3,402,106.87,301,ABC0301,134,38,2,Same Day,2.6,Regular,Yes,Not Returned,No
31-10-2022,Monitor,Accessories,North,5,3570,517.82,302,ABC0302,714,6,10,Express,1.5,Premium,Yes,Low Rating,No
03-03-2023,Keyboard,Accessories,North,7,3829,876.35,303,ABC0303,547,36,11,Express,1.8,Premium,Yes,Low Rating,No
03-02-2023,Mouse,Accessories,North,7,4676,242.64,304,ABC0304,668,27,9,Standard,1.2,Premium,Yes,Low Rating,No
15-04-2023,Keyboard,Accessories,East,3,1119,317.36,305,ABC0305,373,26,4,Same Day,3.4,Regular,No,Not Returned,No
09-05-2023,Smartphone,Electronics,East,4,4228,764.3,306,ABC0306,1057,29,3,Standard,5,Premium,No,Not Returned,No
02-01-2022,Headphones,Accessories,North,8,1240,251.2,307,ABC0307,155,26,7,Express,2.7,Regular,Yes,Not Returned,No
28-11-2024,Keyboard,Accessories,North,9,3591,342.18,308,ABC0308,399,26,8,Express,3,Premium,No,Not Returned,No
05-02-2022,Printer,Office,West,8,3952,451.08,309,ABC0309,494,10,11,Standard,1,Premium,Yes,Low Rating,No
05-06-2024,Keyboard,Accessories,South,6,3648,1050.08,310,ABC0310,608,19,2,Standard,4.6,Premium,No,Not Returned,No
15-11-2024,Monitor,Accessories,North,5,3875,768.74,311,ABC0311,775,37,7,Same Day,2.1,Premium,Yes,Low Rating,No
13-11-2023,Smartwatch,Electronics,West,8,3416,478.9,312,ABC0312,427,12,12,Same Day,1.2,Premium,Yes,Low Rating,No
19-02-2022,Tablet,Electronics,West,1,908,222.58,313,ABC0313,908,9,5,Express,3.8,Regular,No,Not Returned,No
06-05-2024,Headphones,Accessories,South,4,4532,987.32,314,ABC0314,1133,8,11,Same Day,1.6,Premium,Yes,Low Rating,No
04-08-2023,Headphones,Accessories,East,4,4168,650.15,315,ABC0315,1042,10,5,Same Day,3.2,Premium,No,Not Returned,No
23-09-2023,Laptop,Electronics,North,3,3543,941.37,316,ABC0316,1181,36,3,Express,4.1,Premium,No,Not Returned,No
14-09-2024,Laptop,Electronics,East,6,5124,1078.57,317,ABC0317,854,34,5,Express,3.5,Premium,No,Not Returned,No
17-03-2023,Smartwatch,Electronics,South,9,5751,1196.23,318,ABC0318,639,39,12,Express,1.3,Premium,Yes,Low Rating,No
29-09-2023,Camera,Electronics,East,2,624,139.64,319,ABC0319,312,20,2,Express,4.3,Regular,No,Not Returned,No
01-12-2023,Camera,Electronics,South,1,508,151.29,320,ABC0320,508,17,4,Standard,4.1,Regular,No,Not Returned,No
13-09-2023,Headphones,Accessories,South,4,4700,914.6,321,ABC0321,1175,34,6,Express,3.7,Premium,No,Not Returned,No
14-03-2022,Keyboard,Accessories,West,8,3216,639.78,322,ABC0322,402,23,1,Express,4.5,Premium,No,Not Returned,No
15-07-2023,Laptop,Electronics,West,6,2844,581,323,ABC0323,474,21,10,Express,1.7,Premium,Yes,Low Rating,No
29-05-2022,Smartphone,Electronics,West,5,2385,258.6,324,ABC0324,477,23,4,Same Day,3.2,Premium,No,Not Returned,No
16-01-2023,Monitor,Accessories,South,8,928,170.05,325,ABC0325,116,32,6,Express,3.2,Regular,No,Not Returned,No
06-09-2023,Headphones,Accessories,North,6,4656,673.35,326,ABC0326,776,30,9,Standard,2.2,Premium,Yes,Low Rating,No
29-03-2023,Headphones,Accessories,North,2,330,21.46,327,ABC0327,165,30,11,Standard,1.4,Regular,Yes,Low Rating,No
01-11-2023,Camera,Electronics,North,7,1799,274.11,328,ABC0328,257,27,11,Express,1.4,Regular,Yes,Low Rating,No
25-08-2022,Printer,Office,East,1,1029,173.61,329,ABC0329,1029,13,2,Standard,5,Regular,No,Not Returned,No
30-12-2022,Headphones,Accessories,North,8,5432,1619.39,330,ABC0330,679,16,11,Same Day,1,Premium,Yes,Low Rating,No
04-09-2024,Camera,Electronics,West,5,5785,1191.11,331,ABC0331,1157,5,7,Express,2.4,Premium,Yes,Low Rating,No
08-01-2024,Printer,Office,North,1,1062,272.42,332,ABC0332,1062,5,6,Standard,2.8,Regular,Yes,Not Returned,No
27-12-2022,Keyboard,Accessories,North,1,163,22.07,333,ABC0333,163,38,2,Standard,5,Regular,Yes,Product Issue,No
14-04-2024,Smartphone,Electronics,West,9,9162,1625.62,334,ABC0334,1018,36,8,Express,2.6,Premium,Yes,Not Returned,No
10-02-2023,Printer,Office,East,4,1440,130.24,335,ABC0335,360,29,7,Standard,2.9,Regular,Yes,Not Returned,No
15-07-2023,Monitor,Accessories,South,5,1465,149.62,336,ABC0336,293,5,11,Express,2,Regular,Yes,Low Rating,No
27-10-2024,Monitor,Accessories,West,2,366,31.23,337,ABC0337,183,20,5,Standard,3.2,Regular,Yes,Product Issue,No
19-07-2024,Camera,Electronics,South,5,3135,277.28,338,ABC0338,627,9,12,Same Day,1.3,Premium,Yes,Low Rating,No
03-03-2024,Keyboard,Accessories,North,2,630,161.04,339,ABC0339,315,26,5,Standard,3.1,Regular,No,Not Returned,No
12-04-2024,Monitor,Accessories,South,1,213,42.94,340,ABC0340,213,33,7,Standard,2.1,Regular,Yes,Low Rating,No
20-06-2024,Monitor,Accessories,North,4,3792,1092.85,341,ABC0341,948,7,9,Express,2.9,Premium,Yes,Late Delivery,No
21-06-2023,Mouse,Accessories,East,2,1932,109.07,342,ABC0342,966,16,11,Standard,1.5,Regular,Yes,Low Rating,No
25-01-2023,Keyboard,Accessories,West,4,4152,317.28,343,ABC0343,1038,30,9,Express,2.3,Premium,Yes,Low Rating,No
17-02-2024,Smartphone,Electronics,North,7,3612,529.57,344,ABC0344,516,20,9,Same Day,1.5,Premium,Yes,Low Rating,No
09-09-2024,Smartphone,Electronics,East,2,2258,280.76,345,ABC0345,1129,26,6,Express,3.3,Regular,No,Not Returned,No
09-07-2022,Camera,Electronics,South,3,594,47.73,346,ABC0346,198,33,10,Express,2.6,Regular,Yes,Late Delivery,No
01-09-2023,Headphones,Accessories,West,7,8071,1799.06,347,ABC0347,1153,18,6,Standard,2.9,Premium,Yes,Not Returned,No
30-03-2024,Keyboard,Accessories,North,7,5838,631.45,348,ABC0348,834,32,3,Same Day,3.4,Premium,No,Not Returned,No
22-12-2024,Keyboard,Accessories,North,4,692,181.31,349,ABC0349,173,9,1,Express,4.8,Regular,No,Not Returned,No
08-09-2024,Keyboard,Accessories,South,3,1704,309.06,350,ABC0350,568,34,7,Standard,2.1,Regular,Yes,Low Rating,No
21-01-2023,Printer,Office,South,5,3235,941.24,351,ABC0351,647,9,4,Standard,2.9,Premium,Yes,Not Returned,No
12-10-2023,Mouse,Accessories,East,6,4746,545.57,352,ABC0352,791,16,1,Express,4.3,Premium,No,Not Returned,No
01-08-2022,Smartwatch,Electronics,South,8,7600,788.88,353,ABC0353,950,20,8,Standard,2.1,Premium,Yes,Low Rating,No
03-11-2023,Smartphone,Electronics,West,5,1935,128.01,354,ABC0354,387,30,12,Express,1,Regular,Yes,Low Rating,No
04-12-2023,Laptop,Electronics,North,3,1638,306.29,355,ABC0355,546,30,6,Express,3.7,Regular,No,Not Returned,No
30-06-2023,Keyboard,Accessories,West,7,4746,816.6,356,ABC0356,678,25,6,Express,3.9,Premium,No,Not Returned,No
01-02-2023,Smartphone,Electronics,North,8,4824,1187.93,357,ABC0357,603,37,2,Same Day,4.6,Premium,No,Not Returned,No
09-05-2022,Camera,Electronics,South,1,1193,153.72,358,ABC0358,1193,34,1,Express,4.9,Regular,No,Not Returned,No
16-12-2023,Laptop,Electronics,East,2,562,92.94,359,ABC0359,281,27,2,Standard,4.3,Regular,Yes,Product Issue,No
20-03-2022,Smartphone,Electronics,North,8,6200,1296.84,360,ABC0360,775,14,4,Same Day,3.2,Premium,No,Not Returned,No
28-07-2024,Printer,Office,North,8,4128,315.48,361,ABC0361,516,9,2,Standard,5,Premium,No,Not Returned,No
28-03-2022,Printer,Office,East,5,5405,326.56,362,ABC0362,1081,38,1,Same Day,4.6,Premium,No,Not Returned,No
06-11-2024,Laptop,Electronics,North,3,1371,104.66,363,ABC0363,457,35,7,Same Day,2.4,Regular,Yes,Low Rating,No
01-01-2023,Keyboard,Accessories,West,5,1405,194.33,364,ABC0364,281,14,11,Same Day,1.8,Regular,Yes,Low Rating,No
18-03-2023,Keyboard,Accessories,North,3,1644,158.32,365,ABC0365,548,23,11,Same Day,1.3,Regular,Yes,Low Rating,No
18-09-2024,Mouse,Accessories,West,6,3414,396.92,366,ABC0366,569,36,12,Standard,1.5,Premium,Yes,Low Rating,No
19-08-2024,Laptop,Electronics,East,8,3272,674.57,367,ABC0367,409,5,8,Express,2.1,Premium,Yes,Low Rating,No
18-06-2022,Smartphone,Electronics,North,3,2655,646.91,368,ABC0368,885,9,6,Standard,3.5,Premium,No,Not Returned,No
29-05-2022,Smartwatch,Electronics,West,7,1673,458.32,369,ABC0369,239,8,4,Express,4.2,Regular,No,Not Returned,No
09-06-2022,Tablet,Electronics,East,2,846,145.09,370,ABC0370,423,20,6,Standard,3.7,Regular,No,Not Returned,No
03-05-2023,Smartphone,Electronics,East,1,985,196.64,371,ABC0371,985,28,3,Same Day,3.6,Regular,No,Not Returned,No
17-11-2023,Smartwatch,Electronics,North,9,7551,894.4,372,ABC0372,839,20,12,Same Day,1,Premium,Yes,Low Rating,No
08-02-2022,Tablet,Electronics,North,5,855,217.16,373,ABC0373,171,6,8,Express,3.3,Regular,No,Not Returned,No
23-10-2023,Camera,Electronics,South,2,396,94.55,374,ABC0374,198,32,10,Express,1.5,Regular,Yes,Low Rating,No
24-08-2022,Tablet,Electronics,West,8,2296,560.48,375,ABC0375,287,36,2,Standard,4.7,Regular,No,Not Returned,No
09-05-2024,Monitor,Accessories,North,6,1704,199.94,376,ABC0376,284,31,5,Express,4.5,Regular,No,Not Returned,No
12-03-2023,Smartphone,Electronics,East,2,1180,261.16,377,ABC0377,590,24,1,Standard,3.7,Regular,No,Not Returned,No
05-10-2022,Smartphone,Electronics,East,3,411,55.73,378,ABC0378,137,28,6,Express,2.9,Regular,Yes,Product Issue,No
19-01-2022,Mouse,Accessories,East,1,745,151.22,379,ABC0379,745,16,2,Express,4.3,Regular,No,Not Returned,No
09-05-2022,Printer,Office,West,9,10656,961.3,380,ABC0380,1184,39,4,Express,2.8,Premium,Yes,Not Returned,No
23-05-2024,Mouse,Accessories,South,3,1494,178.5,381,ABC0381,498,37,6,Same Day,2.8,Regular,Yes,Not Returned,No
11-07-2024,Camera,Electronics,South,5,1755,358.01,382,ABC0382,351,37,10,Same Day,1.2,Regular,Yes,Low Rating,No
22-08-2022,Camera,Electronics,South,9,4941,894.52,383,ABC0383,549,16,11,Standard,1.8,Premium,Yes,Low Rating,No
03-11-2024,Smartwatch,Electronics,North,6,6510,1539.18,384,ABC0384,1085,7,8,Express,1.5,Premium,Yes,Low Rating,No
11-10-2024,Smartphone,Electronics,South,5,5465,719.92,385,ABC0385,1093,5,12,Standard,1.9,Premium,Yes,Low Rating,No
09-11-2024,Tablet,Electronics,South,3,3522,285.91,386,ABC0386,1174,37,8,Express,2.7,Premium,Yes,Not Returned,No
01-04-2024,Tablet,Electronics,West,6,1656,139.86,387,ABC0387,276,14,11,Same Day,1,Regular,Yes,Low Rating,No
07-07-2022,Printer,Office,North,5,1255,257.15,388,ABC0388,251,33,6,Same Day,3.5,Regular,No,Not Returned,No
10-06-2023,Keyboard,Accessories,East,1,1192,320.13,389,ABC0389,1192,17,4,Express,4,Regular,No,Not Returned,No
15-05-2023,Tablet,Electronics,West,5,1925,204.74,390,ABC0390,385,16,8,Express,2.3,Regular,Yes,Low Rating,No
08-06-2022,Tablet,Electronics,West,8,1688,337.33,391,ABC0391,211,35,8,Same Day,2,Regular,Yes,Low Rating,No
26-06-2023,Headphones,Accessories,South,1,260,16.81,392,ABC0392,260,6,10,Same Day,1.9,Regular,Yes,Low Rating,No
19-01-2022,Monitor,Accessories,West,5,4880,1250.66,393,ABC0393,976,39,1,Standard,4.7,Premium,No,Not Returned,No
10-04-2024,Keyboard,Accessories,West,7,1134,179.74,394,ABC0394,162,27,4,Same Day,3.3,Regular,No,Not Returned,No
10-06-2022,Laptop,Electronics,North,9,9621,1201.29,395,ABC0395,1069,21,4,Express,3,Premium,No,Not Returned,No
03-02-2023,Monitor,Accessories,South,4,2836,698.83,396,ABC0396,709,30,7,Standard,2.2,Premium,Yes,Low Rating,No
15-05-2023,Printer,Office,North,9,5859,1153.89,397,ABC0397,651,12,11,Express,1.1,Premium,Yes,Low Rating,No
11-09-2022,Smartwatch,Electronics,South,2,2044,460.03,398,ABC0398,1022,33,7,Standard,3.2,Regular,No,Not Returned,No
01-07-2023,Monitor,Accessories,South,1,612,174.52,399,ABC0399,612,30,11,Express,1.8,Regular,Yes,Low Rating,No
18-02-2022,Smartwatch,Electronics,North,3,1890,492.31,400,ABC0400,630,14,8,Same Day,2.1,Regular,Yes,Low Rating,No
30-09-2023,Smartwatch,Electronics,East,5,2025,168.82,401,ABC0401,405,30,11,Express,1.1,Regular,Yes,Low Rating,No
04-09-2023,Printer,Office,South,2,1960,312.06,402,ABC0402,980,38,5,Standard,3.8,Regular,No,Not Returned,No
07-07-2022,Camera,Electronics,North,6,4410,893.27,403,ABC0403,735,11,7,Express,2.8,Premium,Yes,Not Returned,No
14-07-2024,Keyboard,Accessories,West,8,8272,2391.88,404,ABC0404,1034,8,8,Standard,2.5,Premium,Yes,Not Returned,No
27-09-2022,Smartwatch,Electronics,West,6,5712,638.29,405,ABC0405,952,15,9,Express,1.6,Premium,Yes,Low Rating,No
20-04-2024,Smartwatch,Electronics,North,6,1524,178.36,406,ABC0406,254,33,3,Same Day,3.9,Regular,No,Not Returned,No
24-05-2024,Keyboard,Accessories,North,8,5160,1057.41,407,ABC0407,645,29,3,Same Day,4,Premium,No,Not Returned,No
29-12-2024,Mouse,Accessories,East,4,2956,451.6,408,ABC0408,739,25,4,Express,3.6,Premium,No,Not Returned,No
07-05-2023,Smartphone,Electronics,West,8,7944,2257.73,409,ABC0409,993,14,5,Express,3.7,Premium,No,Not Returned,No
10-09-2024,Camera,Electronics,North,5,1815,535.22,410,ABC0410,363,13,10,Express,2,Regular,Yes,Low Rating,No
21-03-2023,Headphones,Accessories,North,3,2706,546.97,411,ABC0411,902,28,1,Standard,4.2,Premium,No,Not Returned,No
05-05-2023,Laptop,Electronics,North,2,1356,144.18,412,ABC0412,678,39,7,Express,2.4,Regular,Yes,Low Rating,No
27-07-2023,Printer,Office,South,6,6384,1189.19,413,ABC0413,1064,39,9,Express,1.7,Premium,Yes,Low Rating,No
13-06-2023,Smartwatch,Electronics,South,9,4248,964.12,414,ABC0414,472,22,8,Standard,3,Premium,No,Not Returned,No
02-05-2024,Monitor,Accessories,North,6,3954,676.82,415,ABC0415,659,36,5,Same Day,4.5,Premium,No,Not Returned,No
21-04-2024,Smartphone,Electronics,South,6,7110,739.6,416,ABC0416,1185,28,4,Express,3.4,Premium,No,Not Returned,No
25-07-2023,Headphones,Accessories,South,7,8113,995.03,417,ABC0417,1159,27,12,Express,1,Premium,Yes,Low Rating,No
26-01-2023,Headphones,Accessories,North,3,1830,183.62,418,ABC0418,610,36,7,Same Day,3.1,Regular,No,Not Returned,No
11-01-2023,Keyboard,Accessories,West,4,3732,671.19,419,ABC0419,933,16,5,Same Day,3,Premium,No,Not Returned,No
27-09-2024,Mouse,Accessories,West,6,4062,1087.17,420,ABC0420,677,17,7,Standard,3.1,Premium,No,Not Returned,No
03-12-2024,Smartwatch,Electronics,North,1,496,93.31,421,ABC0421,496,27,12,Express,1,Regular,Yes,Low Rating,No
24-08-2023,Smartwatch,Electronics,East,4,1104,84.31,422,ABC0422,276,29,1,Express,3.8,Regular,Yes,Product Issue,No
19-05-2023,Smartphone,Electronics,West,3,2274,662,423,ABC0423,758,39,1,Standard,4,Regular,No,Not Returned,No
13-06-2022,Smartwatch,Electronics,North,8,4456,1106.04,424,ABC0424,557,34,10,Same Day,1.5,Premium,Yes,Low Rating,No
26-08-2022,Mouse,Accessories,West,8,4928,1038.18,425,ABC0425,616,21,3,Standard,4.6,Premium,No,Not Returned,No
22-01-2023,Smartphone,Electronics,North,4,1740,224.79,426,ABC0426,435,24,11,Same Day,1,Regular,Yes,Low Rating,No
08-08-2022,Headphones,Accessories,North,2,178,31.46,427,ABC0427,89,29,2,Standard,4.1,Regular,Yes,Product Issue,No
19-11-2023,Printer,Office,East,8,5296,1234.81,428,ABC0428,662,26,2,Same Day,4.4,Premium,No,Not Returned,No
28-06-2023,Mouse,Accessories,North,4,4156,847.09,429,ABC0429,1039,17,7,Standard,1.8,Premium,Yes,Low Rating,No
09-10-2024,Printer,Office,North,1,624,106.92,430,ABC0430,624,23,12,Same Day,1.1,Regular,Yes,Low Rating,No
04-09-2022,Smartphone,Electronics,West,4,3892,1052.72,431,ABC0431,973,16,10,Same Day,1,Premium,Yes,Low Rating,No
18-07-2024,Mouse,Accessories,South,9,1620,294.6,432,ABC0432,180,23,2,Same Day,4.6,Regular,No,Not Returned,No
22-09-2022,Mouse,Accessories,West,3,2250,301.97,433,ABC0433,750,16,11,Same Day,1,Regular,Yes,Low Rating,No
31-07-2024,Monitor,Accessories,West,2,1390,316.31,434,ABC0434,695,13,4,Same Day,3.2,Regular,No,Not Returned,No
21-04-2023,Camera,Electronics,South,5,5155,1325.16,435,ABC0435,1031,11,2,Express,4.5,Premium,No,Not Returned,No
09-07-2022,Smartwatch,Electronics,North,5,1025,262.91,436,ABC0436,205,32,6,Same Day,3.4,Regular,No,Not Returned,No
31-07-2024,Mouse,Accessories,South,3,1785,244.52,437,ABC0437,595,18,8,Express,2.5,Regular,Yes,Not Returned,No
30-09-2022,Smartwatch,Electronics,North,9,2952,605.85,438,ABC0438,328,35,10,Same Day,1.8,Premium,Yes,Low Rating,No
25-12-2024,Headphones,Accessories,East,1,773,181.52,439,ABC0439,773,23,4,Express,3.8,Regular,No,Not Returned,No
30-03-2023,Tablet,Electronics,North,8,1640,361.48,440,ABC0440,205,20,5,Express,3.5,Regular,No,Not Returned,No
02-10-2023,Keyboard,Accessories,East,1,1017,69.33,441,ABC0441,1017,9,4,Standard,3.9,Regular,Yes,Product Issue,No
23-05-2022,Headphones,Accessories,East,4,1964,349.91,442,ABC0442,491,39,3,Same Day,3.8,Regular,No,Not Returned,No
05-04-2023,Mouse,Accessories,North,3,2994,638.59,443,ABC0443,998,16,5,Standard,3.7,Premium,No,Not Returned,No
08-10-2023,Printer,Office,East,9,8046,2210.33,444,ABC0444,894,29,9,Standard,1.6,Premium,Yes,Low Rating,No
22-05-2022,Printer,Office,West,2,1874,271.5,445,ABC0445,937,25,8,Same Day,2.9,Regular,Yes,Not Returned,No
19-08-2023,Mouse,Accessories,North,8,6008,871.76,446,ABC0446,751,27,8,Standard,2.7,Premium,Yes,Not Returned,No
06-09-2023,Camera,Electronics,East,8,7240,411.19,447,ABC0447,905,20,8,Same Day,3.4,Premium,No,Not Returned,No
17-06-2024,Monitor,Accessories,South,9,1188,348.31,448,ABC0448,132,18,12,Standard,1.3,Regular,Yes,Low Rating,No
22-12-2024,Headphones,Accessories,North,9,2997,163.34,449,ABC0449,333,35,8,Same Day,2.8,Premium,Yes,Not Returned,No
02-02-2023,Printer,Office,West,9,7524,2017.85,450,ABC0450,836,9,7,Same Day,1.9,Premium,Yes,Low Rating,No
13-10-2022,Monitor,Accessories,North,5,3625,268.73,451,ABC0451,725,39,8,Same Day,2.8,Premium,Yes,Not Returned,No
31-03-2024,Laptop,Electronics,East,8,6952,871.2,452,ABC0452,869,27,11,Express,1.9,Premium,Yes,Low Rating,No
29-05-2023,Camera,Electronics,North,9,1053,283.58,453,ABC0453,117,33,8,Standard,3.1,Regular,No,Not Returned,No
21-12-2024,Monitor,Accessories,North,9,6696,1224.22,454,ABC0454,744,15,8,Express,2.4,Premium,Yes,Low Rating,No
09-10-2024,Headphones,Accessories,North,2,1420,93.59,455,ABC0455,710,22,12,Standard,1,Regular,Yes,Low Rating,No
29-12-2023,Camera,Electronics,West,9,9972,2566.01,456,ABC0456,1108,16,10,Standard,1.1,Premium,Yes,Low Rating,No
28-11-2022,Laptop,Electronics,South,8,3136,494.26,457,ABC0457,392,13,7,Standard,2.2,Premium,Yes,Low Rating,No
10-02-2023,Camera,Electronics,West,3,225,20.52,458,ABC0458,75,14,12,Express,1,Regular,Yes,Low Rating,No
12-05-2022,Mouse,Accessories,East,3,1662,375.04,459,ABC0459,554,21,1,Standard,3.8,Regular,No,Not Returned,No
03-05-2024,Printer,Office,West,4,500,85.96,460,ABC0460,125,11,4,Express,3.3,Regular,Yes,Product Issue,No
02-08-2022,Smartphone,Electronics,North,8,3168,747.33,461,ABC0461,396,17,4,Same Day,3.7,Premium,No,Not Returned,No
31-12-2023,Smartphone,Electronics,East,1,622,104.57,462,ABC0462,622,13,5,Standard,3.4,Regular,No,Not Returned,No
03-04-2022,Tablet,Electronics,North,3,1233,361.12,463,ABC0463,411,31,10,Standard,1.2,Regular,Yes,Low Rating,No
19-01-2024,Laptop,Electronics,West,3,573,116.14,464,ABC0464,191,6,6,Same Day,2.4,Regular,Yes,Low Rating,No
18-02-2022,Tablet,Electronics,South,1,702,129.34,465,ABC0465,702,9,4,Same Day,3.1,Regular,No,Not Returned,No
14-05-2024,Laptop,Electronics,South,8,4832,1261.06,466,ABC0466,604,33,2,Standard,4.2,Premium,No,Not Returned,No
17-01-2023,Printer,Office,North,5,3765,670.8,467,ABC0467,753,23,6,Same Day,4.1,Premium,No,Not Returned,No
05-05-2024,Camera,Electronics,North,8,6928,1415.16,468,ABC0468,866,12,8,Express,2.9,Premium,Yes,Not Returned,No
01-02-2023,Headphones,Accessories,West,7,1624,436.13,469,ABC0469,232,5,8,Express,2.4,Regular,Yes,Low Rating,No
01-04-2023,Headphones,Accessories,North,1,68,10.39,470,ABC0470,68,26,7,Standard,2.9,Regular,Yes,Product Issue,No
04-06-2023,Mouse,Accessories,North,1,651,187.99,471,ABC0471,651,21,6,Express,3.5,Regular,No,Not Returned,No
16-09-2024,Printer,Office,North,7,6293,718.49,472,ABC0472,899,11,2,Express,4.7,Premium,No,Not Returned,No
16-02-2023,Keyboard,Accessories,West,2,1068,85.71,473,ABC0473,534,29,7,Standard,2.5,Regular,Yes,Product Issue,No
17-10-2023,Keyboard,Accessories,North,1,381,26.69,474,ABC0474,381,8,11,Same Day,1,Regular,Yes,Low Rating,No
21-07-2022,Printer,Office,South,2,2016,426.43,475,ABC0475,1008,10,12,Standard,1,Regular,Yes,Low Rating,No
10-02-2024,Headphones,Accessories,West,2,1224,340.67,476,ABC0476,612,35,5,Express,3.8,Regular,No,Not Returned,No
23-10-2022,Monitor,Accessories,South,5,2180,400.01,477,ABC0477,436,23,6,Standard,2.9,Regular,Yes,Not Returned,No
12-09-2024,Laptop,Electronics,North,9,2853,353.09,478,ABC0478,317,31,10,Standard,1.1,Premium,Yes,Low Rating,No
04-10-2022,Mouse,Accessories,South,1,272,45.33,479,ABC0479,272,14,8,Express,1.5,Regular,Yes,Low Rating,No
14-03-2022,Smartphone,Electronics,North,4,2640,183.23,480,ABC0480,660,30,8,Express,2.3,Premium,Yes,Low Rating,No
26-04-2024,Monitor,Accessories,North,2,488,129.02,481,ABC0481,244,23,3,Standard,3.5,Regular,No,Not Returned,No
10-11-2023,Printer,Office,South,8,9184,1795.93,482,ABC0482,1148,7,12,Express,1,Premium,Yes,Low Rating,No
12-04-2024,Tablet,Electronics,North,5,280,23.98,483,ABC0483,56,17,12,Express,1.7,Regular,Yes,Low Rating,No
03-10-2024,Keyboard,Accessories,East,3,2889,604.45,484,ABC0484,963,32,7,Express,2.6,Premium,Yes,Not Returned,No
18-07-2024,Laptop,Electronics,West,1,625,125.9,485,ABC0485,625,24,1,Express,4.3,Regular,No,Not Returned,No
16-04-2024,Keyboard,Accessories,South,8,7056,538.48,486,ABC0486,882,32,1,Express,4.8,Premium,No,Not Returned,No
11-07-2023,Tablet,Electronics,West,8,3936,720.2,487,ABC0487,492,12,7,Express,3.6,Premium,No,Not Returned,No
19-09-2022,Smartwatch,Electronics,East,6,2472,363.38,488,ABC0488,412,5,10,Same Day,1.6,Premium,Yes,Low Rating,No
19-06-2022,Mouse,Accessories,West,5,855,67.57,489,ABC0489,171,7,9,Standard,1,Regular,Yes,Low Rating,No
25-02-2024,Mouse,Accessories,West,3,3480,560.39,490,ABC0490,1160,17,7,Express,3,Premium,No,Not Returned,No
07-03-2023,Camera,Electronics,South,1,846,103.3,491,ABC0491,846,32,10,Standard,1.8,Regular,Yes,Low Rating,No
09-03-2022,Keyboard,Accessories,North,1,158,46.24,492,ABC0492,158,29,5,Same Day,3.4,Regular,Yes,Product Issue,No
31-12-2022,Mouse,Accessories,South,9,3186,583.24,493,ABC0493,354,37,8,Express,2.2,Premium,Yes,Low Rating,No
01-02-2024,Mouse,Accessories,North,7,6972,969.43,494,ABC0494,996,10,2,Standard,3.9,Premium,No,Not Returned,No
15-04-2024,Mouse,Accessories,East,5,1745,449.64,495,ABC0495,349,36,9,Express,2.8,Regular,Yes,Late Delivery,No
15-05-2024,Laptop,Electronics,East,8,4256,372.95,496,ABC0496,532,25,6,Express,2.1,Premium,Yes,Low Rating,No
14-04-2022,Keyboard,Accessories,South,3,1674,499.63,497,ABC0497,558,20,9,Express,1.8,Regular,Yes,Low Rating,No
25-09-2024,Camera,Electronics,North,8,6488,1072.86,498,ABC0498,811,25,2,Express,4.2,Premium,No,Not Returned,No
05-03-2022,Tablet,Electronics,East,5,3530,803.86,499,ABC0499,706,15,3,Express,4.4,Premium,No,Not Returned,No
03-09-2022,Mouse,Accessories,North,2,632,87.45,500,ABC0500,316,39,12,Express,1.6,Regular,Yes,Low Rating,No
09-11-2024,Monitor,Accessories,North,7,3675,236.8,501,ABC0501,525,23,8,Express,2.2,Premium,Yes,Low Rating,No
12-09-2023,Smartwatch,Electronics,West,6,5592,926.42,502,ABC0502,932,24,1,Same Day,4.8,Premium,No,Not Returned,No
11-02-2023,Keyboard,Accessories,East,6,6432,807.94,503,ABC0503,1072,22,10,Same Day,1.8,Premium,Yes,Low Rating,No
27-08-2023,Camera,Electronics,East,3,3069,503.3,504,ABC0504,1023,18,7,Express,3.2,Premium,No,Not Returned,No
26-05-2023,Keyboard,Accessories,North,7,2898,490.11,505,ABC0505,414,19,7,Express,3.2,Premium,No,Not Returned,No
30-05-2024,Tablet,Electronics,North,4,3960,632.76,506,ABC0506,990,35,1,Same Day,4.4,Premium,No,Not Returned,No
31-07-2024,Tablet,Electronics,South,3,1476,85.16,507,ABC0507,492,5,9,Same Day,2.2,Regular,Yes,Low Rating,No
14-11-2023,Printer,Office,East,2,1058,298.69,508,ABC0508,529,7,8,Same Day,2.5,Regular,Yes,Not Returned,No
27-11-2023,Monitor,Accessories,South,5,1215,162.02,509,ABC0509,243,20,4,Express,3.6,Regular,No,Not Returned,No
04-03-2024,Camera,Electronics,North,3,204,20.43,510,ABC0510,68,27,10,Standard,1.9,Regular,Yes,Low Rating,No
24-12-2024,Tablet,Electronics,West,7,4137,221.66,511,ABC0511,591,15,11,Standard,1.3,Premium,Yes,Low Rating,No
21-05-2022,Camera,Electronics,West,5,250,16.81,512,ABC0512,50,16,5,Standard,3.4,Regular,Yes,Product Issue,No
14-09-2022,Tablet,Electronics,West,5,1185,254.34,513,ABC0513,237,14,2,Standard,3.7,Regular,No,Not Returned,No
12-03-2024,Headphones,Accessories,South,2,1504,108.52,514,ABC0514,752,36,9,Express,1.5,Regular,Yes,Low Rating,No
28-06-2024,Keyboard,Accessories,West,6,6888,945.07,515,ABC0515,1148,20,12,Standard,1.4,Premium,Yes,Low Rating,No
25-12-2024,Smartphone,Electronics,West,3,3588,958.84,516,ABC0516,1196,12,12,Same Day,1,Premium,Yes,Low Rating,No
18-11-2022,Laptop,Electronics,South,7,1477,367.22,517,ABC0517,211,16,6,Same Day,3.2,Regular,No,Not Returned,No
22-10-2022,Smartwatch,Electronics,East,8,1280,131.56,518,ABC0518,160,28,3,Standard,4,Regular,No,Not Returned,No
16-11-2024,Tablet,Electronics,South,7,7161,630.76,519,ABC0519,1023,32,12,Same Day,1.5,Premium,Yes,Low Rating,No
13-03-2023,Printer,Office,North,5,1850,346.4,520,ABC0520,370,12,7,Express,3,Regular,No,Not Returned,No
27-12-2023,Mouse,Accessories,East,3,3378,520.31,521,ABC0521,1126,32,9,Standard,1.8,Premium,Yes,Low Rating,No
30-10-2024,Laptop,Electronics,West,7,7672,2046.38,522,ABC0522,1096,30,3,Standard,3.9,Premium,No,Not Returned,No
03-11-2024,Tablet,Electronics,South,6,4254,938.66,523,ABC0523,709,12,2,Express,3.3,Premium,No,Not Returned,No
19-11-2024,Keyboard,Accessories,East,5,2285,279.9,524,ABC0524,457,32,7,Same Day,2.6,Regular,Yes,Not Returned,No
29-04-2024,Keyboard,Accessories,West,7,5775,680.6,525,ABC0525,825,32,7,Express,2,Premium,Yes,Low Rating,No
21-10-2022,Smartphone,Electronics,North,9,9360,910.35,526,ABC0526,1040,31,4,Express,3.6,Premium,No,Not Returned,No
25-01-2023,Printer,Office,North,8,6936,1156.52,527,ABC0527,867,21,11,Same Day,1,Premium,Yes,Low Rating,No
17-05-2022,Camera,Electronics,East,9,5634,464.71,528,ABC0528,626,13,9,Express,1.6,Premium,Yes,Low Rating,No
29-03-2024,Smartphone,Electronics,North,4,2644,731.86,529,ABC0529,661,37,8,Same Day,2.9,Premium,Yes,Not Returned,No
22-11-2023,Headphones,Accessories,North,1,247,35.65,530,ABC0530,247,24,1,Same Day,4,Regular,Yes,Product Issue,No
24-09-2023,Laptop,Electronics,East,7,1869,357.27,531,ABC0531,267,17,1,Express,4.2,Regular,No,Not Returned,No
17-07-2024,Smartwatch,Electronics,West,7,1988,430.59,532,ABC0532,284,32,5,Same Day,3,Regular,No,Not Returned,No
17-06-2023,Laptop,Electronics,West,4,1920,549.11,533,ABC0533,480,33,6,Express,2.8,Regular,Yes,Not Returned,No
20-05-2024,Headphones,Accessories,West,3,2577,196.37,534,ABC0534,859,17,3,Same Day,3.6,Premium,No,Not Returned,No
10-06-2024,Camera,Electronics,East,3,828,117.95,535,ABC0535,276,39,9,Standard,1.8,Regular,Yes,Low Rating,No
31-01-2022,Camera,Electronics,South,2,1580,403.76,536,ABC0536,790,10,12,Same Day,1.2,Regular,Yes,Low Rating,No
13-09-2023,Camera,Electronics,East,9,9009,1909.26,537,ABC0537,1001,22,10,Same Day,2,Premium,Yes,Low Rating,No
01-10-2022,Smartphone,Electronics,East,9,7425,1580.86,538,ABC0538,825,9,6,Express,3.3,Premium,No,Not Returned,No
24-12-2024,Monitor,Accessories,West,5,2945,672.35,539,ABC0539,589,29,4,Same Day,2.7,Premium,Yes,Not Returned,No
19-07-2023,Mouse,Accessories,West,3,294,22.9,540,ABC0540,98,6,12,Standard,1.2,Regular,Yes,Low Rating,No
17-05-2024,Mouse,Accessories,South,5,5875,789.23,541,ABC0541,1175,14,7,Standard,2.9,Premium,Yes,Not Returned,No
17-01-2022,Smartwatch,Electronics,West,3,1308,197.6,542,ABC0542,436,34,8,Same Day,2,Regular,Yes,Low Rating,No
10-01-2024,Monitor,Accessories,South,4,2360,391.82,543,ABC0543,590,9,9,Same Day,2.8,Premium,Yes,Late Delivery,No
10-04-2023,Smartwatch,Electronics,West,6,1008,245.45,544,ABC0544,168,37,11,Standard,1.9,Regular,Yes,Low Rating,No
27-10-2023,Smartwatch,Electronics,North,6,1344,338.4,545,ABC0545,224,5,6,Express,2.9,Regular,Yes,Not Returned,No
12-01-2022,Printer,Office,West,7,5635,1185.97,546,ABC0546,805,22,6,Standard,2.7,Premium,Yes,Not Returned,No
15-09-2023,Mouse,Accessories,East,4,4088,1200.03,547,ABC0547,1022,36,8,Standard,3.2,Premium,No,Not Returned,No
04-12-2024,Camera,Electronics,South,8,2192,441.77,548,ABC0548,274,15,12,Same Day,1,Regular,Yes,Low Rating,No
06-06-2022,Keyboard,Accessories,South,8,1952,444.15,549,ABC0549,244,25,5,Same Day,3.4,Regular,No,Not Returned,No
28-01-2023,Smartphone,Electronics,East,7,3955,1144.76,550,ABC0550,565,30,3,Standard,4,Premium,No,Not Returned,No
24-06-2023,Mouse,Accessories,South,8,5256,1118.16,551,ABC0551,657,29,12,Express,2.2,Premium,Yes,Low Rating,No
28-12-2022,Camera,Electronics,North,1,1163,115.09,552,ABC0552,1163,26,3,Standard,3.9,Regular,No,Not Returned,No
24-09-2022,Smartwatch,Electronics,North,9,5004,973.65,553,ABC0553,556,31,6,Standard,3,Premium,No,Not Returned,No
06-05-2023,Mouse,Accessories,North,8,9128,1342.19,554,ABC0554,1141,17,2,Express,3.9,Premium,No,Not Returned,No
13-07-2023,Laptop,Electronics,East,4,4700,576.34,555,ABC0555,1175,37,6,Standard,2.8,Premium,Yes,Not Returned,No
05-01-2022,Camera,Electronics,West,2,1686,146.39,556,ABC0556,843,38,6,Standard,2.5,Regular,Yes,Not Returned,No
03-08-2024,Keyboard,Accessories,South,9,4572,279.54,557,ABC0557,508,39,8,Same Day,1.9,Premium,Yes,Low Rating,No
21-08-2023,Smartphone,Electronics,South,5,2510,515.12,558,ABC0558,502,5,7,Express,1.8,Premium,Yes,Low Rating,No
04-06-2023,Smartphone,Electronics,West,3,3117,829.09,559,ABC0559,1039,25,8,Same Day,2.8,Premium,Yes,Not Returned,No
12-05-2024,Laptop,Electronics,West,1,380,94.35,560,ABC0560,380,10,9,Same Day,2.1,Regular,Yes,Low Rating,No
14-07-2023,Monitor,Accessories,West,9,2889,604.19,561,ABC0561,321,32,6,Express,3.1,Premium,No,Not Returned,No
08-11-2024,Smartwatch,Electronics,East,9,3654,581.9,562,ABC0562,406,21,3,Express,4,Premium,No,Not Returned,No
12-09-2023,Printer,Office,East,6,5610,298.77,563,ABC0563,935,9,10,Standard,1.7,Premium,Yes,Low Rating,No
27-04-2024,Smartphone,Electronics,South,1,668,99.4,564,ABC0564,668,35,3,Same Day,4.8,Regular,Yes,Product Issue,No
08-01-2022,Smartphone,Electronics,South,7,3983,360.13,565,ABC0565,569,9,11,Express,1,Premium,Yes,Low Rating,No
24-01-2024,Keyboard,Accessories,South,1,1112,272.81,566,ABC0566,1112,7,12,Same Day,1.1,Regular,Yes,Low Rating,No
20-06-2022,Monitor,Accessories,North,9,4230,221.06,567,ABC0567,470,27,1,Same Day,4.8,Premium,No,Not Returned,No
01-08-2024,Tablet,Electronics,East,8,2968,530.3,568,ABC0568,371,14,11,Express,1.9,Premium,Yes,Low Rating,No
10-01-2022,Monitor,Accessories,West,5,4690,706.74,569,ABC0569,938,14,5,Standard,3.6,Premium,No,Not Returned,No
09-05-2022,Camera,Electronics,West,6,4296,1240.31,570,ABC0570,716,23,4,Same Day,3.9,Premium,No,Not Returned,No
19-12-2023,Camera,Electronics,North,7,7203,523.52,571,ABC0571,1029,21,9,Express,1.4,Premium,Yes,Low Rating,No
20-11-2022,Smartphone,Electronics,North,4,3640,695.31,572,ABC0572,910,25,9,Standard,1.6,Premium,Yes,Low Rating,No
11-11-2022,Smartphone,Electronics,East,1,1131,304.62,573,ABC0573,1131,18,5,Same Day,2.7,Regular,Yes,Not Returned,No
03-01-2024,Camera,Electronics,West,9,3627,797.53,574,ABC0574,403,13,10,Express,1,Premium,Yes,Low Rating,No
11-08-2023,Mouse,Accessories,South,8,7968,1249.98,575,ABC0575,996,5,4,Same Day,3.9,Premium,No,Not Returned,No
23-11-2022,Headphones,Accessories,South,3,3546,490.28,576,ABC0576,1182,17,7,Express,2.5,Premium,Yes,Not Returned,No
01-03-2024,Tablet,Electronics,South,5,2270,546.56,577,ABC0577,454,8,6,Express,3.2,Regular,No,Not Returned,No
07-07-2023,Keyboard,Accessories,West,2,1354,136.91,578,ABC0578,677,5,4,Same Day,3.7,Regular,No,Not Returned,No
20-04-2023,Headphones,Accessories,West,7,6811,1423.57,579,ABC0579,973,36,10,Same Day,1.8,Premium,Yes,Low Rating,No
09-02-2022,Smartwatch,Electronics,East,3,1410,232.65,580,ABC0580,470,38,2,Express,5,Regular,No,Not Returned,No
17-10-2022,Keyboard,Accessories,North,2,1170,249.99,581,ABC0581,585,32,1,Standard,4.7,Regular,No,Not Returned,No
04-08-2023,Laptop,Electronics,East,7,4739,740.74,582,ABC0582,677,35,4,Same Day,4,Premium,No,Not Returned,No
01-12-2023,Mouse,Accessories,South,9,7866,1554.38,583,ABC0583,874,12,4,Express,3.5,Premium,No,Not Returned,No
31-07-2022,Monitor,Accessories,East,5,3645,388.31,584,ABC0584,729,30,1,Express,5,Premium,No,Not Returned,No
24-02-2023,Headphones,Accessories,East,6,5358,568.34,585,ABC0585,893,38,6,Standard,2.4,Premium,Yes,Low Rating,No
18-05-2024,Camera,Electronics,North,5,1775,486.37,586,ABC0586,355,7,4,Standard,2.7,Regular,Yes,Not Returned,No
19-05-2023,Headphones,Accessories,South,9,4905,1351.25,587,ABC0587,545,16,1,Standard,5,Premium,No,Not Returned,No
29-09-2022,Mouse,Accessories,East,6,4260,372.33,588,ABC0588,710,5,1,Same Day,5,Premium,No,Not Returned,No
03-09-2024,Printer,Office,East,2,1632,292.78,589,ABC0589,816,9,1,Express,3.7,Regular,No,Not Returned,No
12-03-2023,Smartwatch,Electronics,East,6,3324,466.78,590,ABC0590,554,34,8,Express,2.3,Premium,Yes,Low Rating,No
17-07-2023,Camera,Electronics,West,5,4590,347.14,591,ABC0591,918,34,10,Express,1.7,Premium,Yes,Low Rating,No
14-04-2022,Laptop,Electronics,East,9,8496,2182.42,592,ABC0592,944,21,8,Standard,2.7,Premium,Yes,Not Returned,No
16-06-2022,Printer,Office,North,6,6444,518.79,593,ABC0593,1074,27,2,Express,5,Premium,No,Not Returned,No
14-03-2022,Camera,Electronics,North,1,812,51.13,594,ABC0594,812,19,11,Same Day,1,Regular,Yes,Low Rating,No
15-07-2023,Monitor,Accessories,West,6,1764,465.93,595,ABC0595,294,25,7,Standard,2.2,Regular,Yes,Low Rating,No
13-05-2024,Printer,Office,West,1,1012,172.67,596,ABC0596,1012,18,8,Standard,2.3,Regular,Yes,Low Rating,No
03-05-2023,Keyboard,Accessories,South,2,836,47.07,597,ABC0597,418,6,8,Standard,1.9,Regular,Yes,Low Rating,No
29-12-2023,Smartwatch,Electronics,East,1,723,115.26,598,ABC0598,723,15,11,Standard,1,Regular,Yes,Low Rating,No
05-12-2022,Headphones,Accessories,North,6,5628,1033.15,599,ABC0599,938,38,10,Same Day,1.6,Premium,Yes,Low Rating,No
26-09-2024,Laptop,Electronics,North,5,1660,283.14,600,ABC0600,332,38,11,Express,1.8,Regular,Yes,Low Rating,No
28-03-2023,Headphones,Accessories,West,3,2295,244.83,601,ABC0601,765,22,7,Same Day,2.7,Regular,Yes,Not Returned,No
19-04-2024,Printer,Office,East,2,2190,477.8,602,ABC0602,1095,34,5,Express,3.6,Regular,No,Not Returned,No
11-10-2024,Tablet,Electronics,East,7,3500,919.35,603,ABC0603,500,19,1,Same Day,4.9,Premium,No,Not Returned,No
23-04-2022,Headphones,Accessories,West,2,1098,239.92,604,ABC0604,549,31,12,Standard,1,Regular,Yes,Low Rating,No
01-06-2023,Mouse,Accessories,North,5,945,194.03,605,ABC0605,189,38,9,Standard,2,Regular,Yes,Low Rating,No
19-02-2022,Mouse,Accessories,West,6,5622,1382.67,606,ABC0606,937,37,7,Same Day,1.9,Premium,Yes,Low Rating,No
13-07-2023,Camera,Electronics,East,3,2325,309.49,607,ABC0607,775,28,2,Same Day,4.1,Regular,No,Not Returned,No
03-08-2022,Keyboard,Accessories,South,1,1157,252.08,608,ABC0608,1157,19,6,Express,3,Regular,No,Not Returned,No
30-01-2024,Printer,Office,West,3,531,126.24,609,ABC0609,177,34,2,Same Day,4.3,Regular,No,Not Returned,No
23-07-2023,Tablet,Electronics,West,2,1760,278.09,610,ABC0610,880,21,1,Same Day,4,Regular,No,Not Returned,No
12-11-2023,Smartwatch,Electronics,North,1,371,108.58,611,ABC0611,371,9,7,Express,2.1,Regular,Yes,Low Rating,No
15-10-2024,Smartphone,Electronics,East,4,1896,191.7,612,ABC0612,474,33,2,Express,4.5,Regular,No,Not Returned,No
09-08-2023,Smartwatch,Electronics,South,2,514,106.75,613,ABC0613,257,8,2,Express,4.7,Regular,No,Not Returned,No
18-08-2022,Monitor,Accessories,West,7,1876,129.25,614,ABC0614,268,14,11,Same Day,1.2,Regular,Yes,Low Rating,No
19-08-2023,Camera,Electronics,East,6,1182,236.12,615,ABC0615,197,21,5,Express,3.2,Regular,No,Not Returned,No
14-03-2022,Smartphone,Electronics,North,5,4255,961.41,616,ABC0616,851,14,5,Standard,3.8,Premium,No,Not Returned,No
15-09-2022,Monitor,Accessories,North,9,1341,150.7,617,ABC0617,149,21,7,Standard,2.3,Regular,Yes,Low Rating,No
23-09-2022,Keyboard,Accessories,North,1,644,49.25,618,ABC0618,644,24,1,Standard,5,Regular,Yes,Product Issue,No
17-05-2024,Monitor,Accessories,South,3,1827,94.4,619,ABC0619,609,28,8,Same Day,1.7,Regular,Yes,Low Rating,No
27-10-2024,Camera,Electronics,North,1,930,136.16,620,ABC0620,930,9,3,Standard,4.5,Regular,No,Not Returned,No
15-02-2022,Camera,Electronics,South,4,528,152.8,621,ABC0621,132,38,4,Same Day,3.9,Regular,No,Not Returned,No
23-02-2022,Monitor,Accessories,South,6,4236,739.22,622,ABC0622,706,10,9,Same Day,3.2,Premium,No,Late Delivery,No
14-01-2023,Headphones,Accessories,North,4,1664,190.82,623,ABC0623,416,6,4,Standard,3.1,Regular,No,Not Returned,No
12-01-2023,Smartwatch,Electronics,North,3,2727,554.46,624,ABC0624,909,17,10,Express,1,Premium,Yes,Low Rating,No
08-02-2022,Smartwatch,Electronics,North,2,522,52.73,625,ABC0625,261,15,12,Same Day,1.6,Regular,Yes,Low Rating,No
06-12-2024,Mouse,Accessories,West,7,8288,1945.03,626,ABC0626,1184,27,5,Standard,2.6,Premium,Yes,Not Returned,No
12-03-2024,Laptop,Electronics,West,9,1062,73.58,627,ABC0627,118,20,7,Same Day,3,Regular,Yes,Product Issue,No
01-10-2023,Smartphone,Electronics,East,3,1140,226.52,628,ABC0628,380,35,4,Express,4.3,Regular,No,Not Returned,No
12-04-2024,Keyboard,Accessories,East,8,3488,712.24,629,ABC0629,436,15,1,Express,4.9,Premium,No,Not Returned,No
22-12-2023,Tablet,Electronics,North,8,5920,1436.7,630,ABC0630,740,20,9,Standard,2.1,Premium,Yes,Low Rating,No
06-03-2024,Monitor,Accessories,North,9,3096,362.89,631,ABC0631,344,12,4,Same Day,3.9,Premium,No,Not Returned,No
02-05-2024,Monitor,Accessories,South,5,3490,205.04,632,ABC0632,698,8,9,Same Day,2.4,Premium,Yes,Low Rating,No
02-04-2022,Smartwatch,Electronics,South,6,4374,702.62,633,ABC0633,729,8,6,Same Day,3.3,Premium,No,Not Returned,No
11-02-2024,Smartphone,Electronics,South,6,3366,541.86,634,ABC0634,561,29,1,Same Day,4.1,Premium,No,Not Returned,No
02-04-2024,Printer,Office,East,6,822,231.62,635,ABC0635,137,7,12,Standard,1.9,Regular,Yes,Low Rating,No
27-11-2024,Monitor,Accessories,North,2,340,39.12,636,ABC0636,170,36,3,Express,4,Regular,Yes,Product Issue,No
30-08-2022,Mouse,Accessories,East,1,763,217.94,637,ABC0637,763,7,11,Standard,1.6,Regular,Yes,Low Rating,No
15-07-2022,Headphones,Accessories,West,4,3408,856.98,638,ABC0638,852,31,2,Same Day,4.7,Premium,No,Not Returned,No
21-02-2022,Tablet,Electronics,West,7,2282,537.71,639,ABC0639,326,33,9,Same Day,2.6,Regular,Yes,Late Delivery,No
14-09-2023,Camera,Electronics,South,7,4151,1047.43,640,ABC0640,593,36,12,Express,1.5,Premium,Yes,Low Rating,No
08-04-2024,Laptop,Electronics,North,7,6279,1689.55,641,ABC0641,897,23,1,Same Day,4.7,Premium,No,Not Returned,No
24-10-2023,Monitor,Accessories,North,3,474,83.32,642,ABC0642,158,25,9,Standard,2,Regular,Yes,Low Rating,No
16-04-2023,Monitor,Accessories,West,5,680,176.44,643,ABC0643,136,9,9,Standard,2.2,Regular,Yes,Low Rating,No
15-10-2023,Headphones,Accessories,West,9,8496,1721.6,644,ABC0644,944,22,8,Express,2.9,Premium,Yes,Not Returned,No
20-08-2023,Keyboard,Accessories,South,7,7826,714.68,645,ABC0645,1118,32,8,Standard,1.8,Premium,Yes,Low Rating,No
24-10-2023,Mouse,Accessories,South,6,4014,717.44,646,ABC0646,669,26,11,Standard,1.7,Premium,Yes,Low Rating,No
26-07-2024,Laptop,Electronics,East,1,687,62.82,647,ABC0647,687,25,12,Standard,1,Regular,Yes,Low Rating,No
31-10-2024,Smartwatch,Electronics,South,3,2943,234.27,648,ABC0648,981,10,1,Standard,5,Premium,No,Not Returned,No
28-04-2022,Printer,Office,East,7,5649,660.37,649,ABC0649,807,5,11,Same Day,1.5,Premium,Yes,Low Rating,No
15-08-2024,Tablet,Electronics,North,8,3296,623.67,650,ABC0650,412,9,8,Standard,2.1,Premium,Yes,Low Rating,No
28-09-2024,Headphones,Accessories,North,3,1137,173.92,651,ABC0651,379,16,10,Express,1.9,Regular,Yes,Low Rating,No
18-07-2024,Smartphone,Electronics,North,2,380,101.7,652,ABC0652,190,30,3,Express,4,Regular,No,Not Returned,No
22-10-2022,Laptop,Electronics,West,5,4405,1247.86,653,ABC0653,881,38,11,Standard,1.3,Premium,Yes,Low Rating,No
01-11-2022,Tablet,Electronics,East,1,120,9.43,654,ABC0654,120,18,7,Express,1.8,Regular,Yes,Low Rating,No
13-06-2023,Printer,Office,East,1,1176,182.07,655,ABC0655,1176,30,11,Standard,1,Regular,Yes,Low Rating,No
20-02-2023,Camera,Electronics,South,3,1770,366.58,656,ABC0656,590,31,1,Express,4.6,Regular,No,Not Returned,No
20-05-2023,Camera,Electronics,South,6,4302,965.02,657,ABC0657,717,13,1,Express,3.8,Premium,No,Not Returned,No
19-12-2023,Camera,Electronics,North,3,2988,362.68,658,ABC0658,996,30,10,Standard,1.4,Premium,Yes,Low Rating,No
17-06-2024,Headphones,Accessories,East,3,3033,458.41,659,ABC0659,1011,26,5,Standard,3.1,Premium,No,Not Returned,No
14-07-2023,Mouse,Accessories,South,9,6363,1752.65,660,ABC0660,707,34,5,Same Day,2.9,Premium,Yes,Not Returned,No
04-07-2022,Tablet,Electronics,West,6,3402,501.29,661,ABC0661,567,21,8,Standard,2.7,Premium,Yes,Not Returned,No
23-03-2022,Keyboard,Accessories,South,4,3496,1032.81,662,ABC0662,874,30,7,Standard,2.2,Premium,Yes,Low Rating,No
19-11-2022,Monitor,Accessories,East,4,1080,204.95,663,ABC0663,270,5,8,Same Day,2.4,Regular,Yes,Low Rating,No
28-02-2022,Headphones,Accessories,East,6,1530,218.99,664,ABC0664,255,12,6,Standard,2.8,Regular,Yes,Not Returned,No
11-09-2023,Keyboard,Accessories,West,4,3568,764.2,665,ABC0665,892,39,6,Standard,2.9,Premium,Yes,Not Returned,No
13-11-2022,Smartphone,Electronics,West,1,954,48.97,666,ABC0666,954,19,2,Same Day,5,Regular,Yes,Product Issue,No
17-03-2024,Camera,Electronics,West,4,1196,223.66,667,ABC0667,299,26,6,Standard,3.1,Regular,No,Not Returned,No
13-02-2022,Smartwatch,Electronics,North,4,2136,217.47,668,ABC0668,534,18,5,Standard,3.5,Regular,No,Not Returned,No
13-07-2024,Printer,Office,South,9,8496,2316.03,669,ABC0669,944,30,3,Same Day,3.6,Premium,No,Not Returned,No
07-05-2024,Laptop,Electronics,West,7,7280,1450.82,670,ABC0670,1040,32,6,Same Day,3.3,Premium,No,Not Returned,No
24-09-2022,Smartwatch,Electronics,South,5,4935,625.39,671,ABC0671,987,27,8,Express,2.6,Premium,Yes,Not Returned,No
12-08-2024,Tablet,Electronics,South,8,9056,872.48,672,ABC0672,1132,18,9,Standard,2.2,Premium,Yes,Low Rating,No
06-01-2023,Smartwatch,Electronics,South,1,563,46.96,673,ABC0673,563,28,1,Express,4.1,Regular,Yes,Product Issue,No
03-03-2022,Printer,Office,South,2,1570,247.7,674,ABC0674,785,6,3,Express,3.7,Regular,No,Not Returned,No
02-03-2022,Camera,Electronics,North,3,2181,517.02,675,ABC0675,727,30,3,Same Day,4.7,Regular,No,Not Returned,No
25-09-2024,Mouse,Accessories,North,4,3808,442.33,676,ABC0676,952,18,11,Standard,1,Premium,Yes,Low Rating,No
06-12-2022,Keyboard,Accessories,West,7,6552,635.09,677,ABC0677,936,11,8,Standard,3.1,Premium,No,Not Returned,No
18-06-2023,Laptop,Electronics,South,8,6544,1086.29,678,ABC0678,818,7,1,Same Day,4.4,Premium,No,Not Returned,No
21-11-2023,Mouse,Accessories,West,3,2631,157.19,679,ABC0679,877,27,5,Express,3.4,Premium,No,Not Returned,No
31-03-2023,Monitor,Accessories,West,9,945,94.75,680,ABC0680,105,22,3,Same Day,3.9,Regular,Yes,Product Issue,No
11-06-2024,Monitor,Accessories,West,2,760,192.42,681,ABC0681,380,39,2,Standard,3.9,Regular,No,Not Returned,No
25-04-2023,Monitor,Accessories,North,4,1392,394.48,682,ABC0682,348,19,8,Same Day,1.9,Regular,Yes,Low Rating,No
17-12-2022,Smartwatch,Electronics,East,3,1242,206.74,683,ABC0683,414,29,3,Standard,3.6,Regular,No,Not Returned,No
05-07-2024,Laptop,Electronics,East,3,3183,868.73,684,ABC0684,1061,32,7,Express,2.7,Premium,Yes,Not Returned,No
07-04-2023,Monitor,Accessories,West,5,4260,229.77,685,ABC0685,852,14,12,Standard,1.4,Premium,Yes,Low Rating,No
26-07-2022,Smartphone,Electronics,West,1,1041,132.46,686,ABC0686,1041,21,11,Express,1.4,Regular,Yes,Low Rating,No
18-05-2022,Smartwatch,Electronics,East,3,1692,348.81,687,ABC0687,564,26,1,Express,4.6,Regular,No,Not Returned,No
15-03-2022,Camera,Electronics,North,4,1728,403.06,688,ABC0688,432,30,6,Standard,3.6,Regular,No,Not Returned,No
13-10-2023,Camera,Electronics,South,4,4484,893.27,689,ABC0689,1121,29,3,Standard,4,Premium,No,Not Returned,No
19-06-2024,Smartphone,Electronics,East,7,4123,750.05,690,ABC0690,589,21,8,Express,2.1,Premium,Yes,Low Rating,No
03-11-2024,Mouse,Accessories,East,2,2372,392.07,691,ABC0691,1186,17,6,Same Day,2.5,Premium,Yes,Not Returned,No
16-04-2023,Smartphone,Electronics,East,7,5201,745.2,692,ABC0692,743,24,12,Standard,1.6,Premium,Yes,Low Rating,No
27-09-2024,Mouse,Accessories,South,5,3100,695.28,693,ABC0693,620,29,2,Express,4.2,Premium,No,Not Returned,No
12-07-2022,Smartwatch,Electronics,East,6,5292,1105.95,694,ABC0694,882,8,6,Express,2.7,Premium,Yes,Not Returned,No
06-03-2023,Tablet,Electronics,South,6,5952,971.53,695,ABC0695,992,14,7,Same Day,2.3,Premium,Yes,Low Rating,No
10-01-2023,Smartphone,Electronics,East,4,1932,472.91,696,ABC0696,483,7,5,Standard,3.9,Regular,No,Not Returned,No
05-10-2023,Tablet,Electronics,West,6,3486,1011.74,697,ABC0697,581,22,3,Express,3.7,Premium,No,Not Returned,No
25-05-2024,Tablet,Electronics,West,2,1708,441.43,698,ABC0698,854,26,4,Same Day,4.2,Regular,No,Not Returned,No
12-09-2024,Monitor,Accessories,South,4,4324,288.12,699,ABC0699,1081,38,4,Express,3.6,Premium,No,Not Returned,No
30-07-2024,Laptop,Electronics,South,4,2708,302.14,700,ABC0700,677,12,6,Standard,2.4,Premium,Yes,Low Rating,No
29-03-2022,Printer,Office,West,8,7944,1142.83,701,ABC0701,993,23,10,Same Day,1.5,Premium,Yes,Low Rating,No
10-04-2023,Camera,Electronics,East,3,684,39.33,702,ABC0702,228,10,1,Express,4.7,Regular,Yes,Product Issue,No
01-01-2023,Printer,Office,West,9,5904,1440.45,703,ABC0703,656,30,11,Same Day,1.3,Premium,Yes,Low Rating,No
20-03-2024,Printer,Office,South,5,4970,1080.12,704,ABC0704,994,38,4,Standard,3.6,Premium,No,Not Returned,No
02-02-2024,Headphones,Accessories,West,2,2288,234.97,705,ABC0705,1144,10,10,Same Day,1.5,Regular,Yes,Low Rating,No
18-07-2023,Smartphone,Electronics,East,6,4662,350.79,706,ABC0706,777,37,4,Standard,3.3,Premium,No,Not Returned,No
25-02-2022,Mouse,Accessories,East,4,2532,404.96,707,ABC0707,633,26,10,Express,1.7,Premium,Yes,Low Rating,No
19-12-2024,Tablet,Electronics,South,8,9328,1008.6,708,ABC0708,1166,25,1,Standard,4.9,Premium,No,Not Returned,No
05-02-2022,Printer,Office,North,1,686,86.18,709,ABC0709,686,10,9,Express,1.3,Regular,Yes,Low Rating,No
29-02-2024,Smartwatch,Electronics,South,6,1290,343.35,710,ABC0710,215,10,4,Express,4.3,Regular,No,Not Returned,No
26-08-2022,Printer,Office,West,5,1205,235.19,711,ABC0711,241,8,7,Standard,1,Regular,Yes,Low Rating,No
17-09-2024,Headphones,Accessories,South,7,7966,1313.56,712,ABC0712,1138,34,12,Express,1,Premium,Yes,Low Rating,No
14-08-2022,Camera,Electronics,North,7,1085,130.72,713,ABC0713,155,15,3,Same Day,4.2,Regular,No,Not Returned,No
29-08-2024,Monitor,Accessories,West,9,6633,1239.11,714,ABC0714,737,34,10,Express,1.4,Premium,Yes,Low Rating,No
21-11-2024,Laptop,Electronics,North,7,5096,971.5,715,ABC0715,728,35,12,Standard,1,Premium,Yes,Low Rating,No
20-07-2022,Tablet,Electronics,East,4,4120,710.07,716,ABC0716,1030,28,3,Same Day,4,Premium,No,Not Returned,No
15-08-2022,Monitor,Accessories,West,3,1479,207.58,717,ABC0717,493,13,8,Same Day,2.4,Regular,Yes,Low Rating,No
09-04-2024,Smartphone,Electronics,West,7,1652,397.49,718,ABC0718,236,7,8,Express,1.8,Regular,Yes,Low Rating,No
07-07-2022,Laptop,Electronics,South,1,1028,240.61,719,ABC0719,1028,35,11,Express,1,Regular,Yes,Low Rating,No
01-05-2023,Monitor,Accessories,East,4,4580,655.14,720,ABC0720,1145,28,12,Standard,1.5,Premium,Yes,Low Rating,No
28-01-2024,Monitor,Accessories,South,8,2152,196.53,721,ABC0721,269,35,1,Same Day,4.7,Regular,No,Not Returned,No
04-07-2022,Monitor,Accessories,South,6,4566,866.13,722,ABC0722,761,10,10,Standard,1,Premium,Yes,Low Rating,No
06-04-2024,Headphones,Accessories,East,3,2244,301.53,723,ABC0723,748,6,2,Express,4.6,Regular,No,Not Returned,No
01-02-2024,Mouse,Accessories,West,4,1344,140.52,724,ABC0724,336,24,8,Same Day,1.9,Regular,Yes,Low Rating,No
01-10-2023,Printer,Office,South,6,2622,131.53,725,ABC0725,437,32,1,Standard,4.3,Premium,No,Not Returned,No
03-12-2022,Smartphone,Electronics,South,1,325,46.84,726,ABC0726,325,15,12,Standard,1.1,Regular,Yes,Low Rating,No
17-12-2024,Keyboard,Accessories,West,1,960,95.88,727,ABC0727,960,8,8,Standard,2.4,Regular,Yes,Low Rating,No
30-11-2023,Smartphone,Electronics,North,7,2639,268.88,728,ABC0728,377,19,8,Standard,2.1,Premium,Yes,Low Rating,No
05-06-2024,Printer,Office,South,5,1025,246.15,729,ABC0729,205,10,2,Standard,4.1,Regular,No,Not Returned,No
13-01-2022,Monitor,Accessories,West,2,1924,434.86,730,ABC0730,962,34,4,Same Day,3.5,Regular,No,Not Returned,No
29-08-2023,Smartphone,Electronics,North,2,1660,362.88,731,ABC0731,830,6,6,Standard,2.6,Regular,Yes,Not Returned,No
23-05-2022,Printer,Office,North,1,985,105.09,732,ABC0732,985,19,12,Same Day,1.5,Regular,Yes,Low Rating,No
14-07-2024,Keyboard,Accessories,North,5,2600,537.11,733,ABC0733,520,15,11,Standard,1,Premium,Yes,Low Rating,No
21-10-2024,Camera,Electronics,West,4,2792,725.35,734,ABC0734,698,12,9,Express,1.9,Premium,Yes,Low Rating,No
31-08-2024,Headphones,Accessories,North,2,378,87.37,735,ABC0735,189,30,8,Express,1.6,Regular,Yes,Low Rating,No
17-04-2022,Camera,Electronics,West,8,968,271.61,736,ABC0736,121,9,12,Standard,1.5,Regular,Yes,Low Rating,No
12-05-2024,Smartwatch,Electronics,North,3,564,108.35,737,ABC0737,188,10,8,Express,2.2,Regular,Yes,Low Rating,No
25-01-2023,Laptop,Electronics,South,5,2365,667.61,738,ABC0738,473,30,7,Same Day,2.1,Premium,Yes,Low Rating,No
01-04-2024,Smartphone,Electronics,West,6,3252,834.84,739,ABC0739,542,8,9,Standard,2.3,Premium,Yes,Low Rating,No
05-05-2024,Camera,Electronics,North,1,276,42.68,740,ABC0740,276,23,2,Same Day,3.2,Regular,Yes,Product Issue,No
20-05-2024,Mouse,Accessories,West,3,3408,205.76,741,ABC0741,1136,24,3,Standard,4.1,Premium,No,Not Returned,No
20-10-2022,Laptop,Electronics,East,6,1398,180.88,742,ABC0742,233,37,10,Express,2.2,Regular,Yes,Low Rating,No
27-02-2022,Keyboard,Accessories,North,4,904,108.85,743,ABC0743,226,24,8,Same Day,2.4,Regular,Yes,Low Rating,No
01-12-2023,Keyboard,Accessories,South,1,1178,161.06,744,ABC0744,1178,16,6,Express,2.7,Regular,Yes,Not Returned,No
29-07-2022,Headphones,Accessories,West,3,2535,292.19,745,ABC0745,845,5,10,Express,1,Premium,Yes,Low Rating,No
17-04-2023,Tablet,Electronics,West,1,496,146.92,746,ABC0746,496,30,9,Standard,2.5,Regular,Yes,Late Delivery,No
30-06-2024,Smartphone,Electronics,West,4,3888,284.17,747,ABC0747,972,18,10,Same Day,2.1,Premium,Yes,Low Rating,No
12-03-2024,Tablet,Electronics,East,7,4921,798.16,748,ABC0748,703,15,4,Express,3.3,Premium,No,Not Returned,No
04-07-2024,Smartwatch,Electronics,West,8,4472,290.79,749,ABC0749,559,17,8,Standard,2,Premium,Yes,Low Rating,No
09-04-2023,Tablet,Electronics,North,3,603,153.37,750,ABC0750,201,7,10,Standard,2.3,Regular,Yes,Low Rating,No
10-03-2023,Headphones,Accessories,West,9,1899,501.4,751,ABC0751,211,37,3,Standard,4.3,Regular,No,Not Returned,No
03-01-2023,Printer,Office,North,4,544,67.84,752,ABC0752,136,10,3,Express,3.1,Regular,Yes,Product Issue,No
29-05-2022,Monitor,Accessories,North,9,6471,1844.59,753,ABC0753,719,14,8,Standard,2.2,Premium,Yes,Low Rating,No
22-03-2023,Keyboard,Accessories,North,1,677,54.14,754,ABC0754,677,9,5,Same Day,3.2,Regular,Yes,Product Issue,No
07-09-2022,Laptop,Electronics,South,4,1372,302.58,755,ABC0755,343,27,3,Same Day,4.1,Regular,No,Not Returned,No
08-06-2024,Keyboard,Accessories,North,9,7542,1477.49,756,ABC0756,838,14,10,Express,1.7,Premium,Yes,Low Rating,No
16-04-2023,Monitor,Accessories,West,1,924,125.65,757,ABC0757,924,6,11,Same Day,1.1,Regular,Yes,Low Rating,No
11-07-2022,Smartphone,Electronics,East,5,3940,755.11,758,ABC0758,788,17,1,Standard,4.8,Premium,No,Not Returned,No
05-10-2024,Tablet,Electronics,West,2,374,49.26,759,ABC0759,187,6,3,Express,3.8,Regular,Yes,Product Issue,No
19-03-2023,Printer,Office,North,5,1800,252.69,760,ABC0760,360,24,12,Standard,2.7,Regular,Yes,Late Delivery,No
26-12-2022,Monitor,Accessories,West,5,3170,868.34,761,ABC0761,634,5,9,Express,2.1,Premium,Yes,Low Rating,No
17-08-2024,Headphones,Accessories,North,7,5362,1029.47,762,ABC0762,766,13,5,Express,3.3,Premium,No,Not Returned,No
05-11-2023,Monitor,Accessories,East,9,5976,1747.57,763,ABC0763,664,21,12,Standard,1.9,Premium,Yes,Low Rating,No
06-07-2023,Keyboard,Accessories,North,9,8514,1400.4,764,ABC0764,946,13,10,Same Day,1,Premium,Yes,Low Rating,No
25-11-2023,Laptop,Electronics,South,1,810,157.47,765,ABC0765,810,15,2,Same Day,4.3,Regular,No,Not Returned,No
08-01-2022,Mouse,Accessories,South,1,71,12.02,766,ABC0766,71,19,7,Express,2.2,Regular,Yes,Low Rating,No
15-06-2022,Laptop,Electronics,North,1,651,57.94,767,ABC0767,651,28,2,Standard,4.7,Regular,Yes,Product Issue,No
13-03-2022,Monitor,Accessories,North,3,1245,119.11,768,ABC0768,415,39,4,Standard,3.4,Regular,No,Not Returned,No
06-11-2023,Monitor,Accessories,West,1,464,58.38,769,ABC0769,464,34,12,Express,1.3,Regular,Yes,Low Rating,No
11-02-2023,Monitor,Accessories,North,5,5155,356.43,770,ABC0770,1031,35,7,Same Day,2.9,Premium,Yes,Not Returned,No
11-12-2023,Smartphone,Electronics,East,5,5175,786.27,771,ABC0771,1035,9,4,Standard,4.1,Premium,No,Not Returned,No
13-01-2022,Smartphone,Electronics,East,2,1668,470.42,772,ABC0772,834,18,7,Same Day,2.9,Regular,Yes,Not Returned,No
30-09-2024,Printer,Office,East,3,1872,532.81,773,ABC0773,624,15,7,Same Day,2.6,Regular,Yes,Not Returned,No
16-01-2023,Laptop,Electronics,North,3,513,132.56,774,ABC0774,171,13,1,Express,4,Regular,No,Not Returned,No
05-04-2024,Printer,Office,West,2,2276,366.5,775,ABC0775,1138,38,6,Express,3.5,Regular,No,Not Returned,No
02-01-2024,Mouse,Accessories,West,4,3428,305.79,776,ABC0776,857,16,9,Same Day,2.7,Premium,Yes,Late Delivery,No
02-03-2024,Keyboard,Accessories,East,2,1640,176.87,777,ABC0777,820,39,2,Standard,3.9,Regular,No,Not Returned,No
25-05-2024,Camera,Electronics,East,7,7077,1921.73,778,ABC0778,1011,39,3,Standard,4.4,Premium,No,Not Returned,No
20-10-2023,Printer,Office,South,9,9225,1391.15,779,ABC0779,1025,5,10,Express,1.1,Premium,Yes,Low Rating,No
20-06-2022,Mouse,Accessories,South,5,3910,584.77,780,ABC0780,782,26,5,Same Day,3.4,Premium,No,Not Returned,No
09-05-2023,Printer,Office,West,5,1995,369.22,781,ABC0781,399,33,9,Standard,2.2,Regular,Yes,Low Rating,No
31-08-2023,Keyboard,Accessories,North,7,385,43.43,782,ABC0782,55,12,4,Standard,3.5,Regular,Yes,Product Issue,No
23-03-2023,Mouse,Accessories,East,4,4316,566.7,783,ABC0783,1079,15,1,Express,4.7,Premium,No,Not Returned,No
28-04-2024,Smartwatch,Electronics,North,1,1169,340.69,784,ABC0784,1169,18,4,Same Day,4.1,Regular,No,Not Returned,No
30-03-2023,Headphones,Accessories,East,5,2325,506.32,785,ABC0785,465,34,6,Standard,2.9,Regular,Yes,Not Returned,No
18-02-2024,Monitor,Accessories,North,1,199,48.92,786,ABC0786,199,39,5,Express,3,Regular,Yes,Product Issue,No
13-08-2022,Smartwatch,Electronics,South,3,375,80.58,787,ABC0787,125,25,1,Standard,4.1,Regular,Yes,Product Issue,No
05-05-2022,Laptop,Electronics,East,9,8010,763.32,788,ABC0788,890,9,4,Standard,3.5,Premium,No,Not Returned,No
03-01-2023,Mouse,Accessories,East,4,316,77.13,789,ABC0789,79,23,6,Standard,2.4,Regular,Yes,Low Rating,No
14-11-2024,Camera,Electronics,South,9,5895,442.49,790,ABC0790,655,18,10,Express,1.5,Premium,Yes,Low Rating,No
09-04-2022,Headphones,Accessories,East,4,388,35.21,791,ABC0791,97,30,10,Same Day,1.4,Regular,Yes,Low Rating,No
12-06-2024,Mouse,Accessories,West,5,3670,462.97,792,ABC0792,734,8,4,Express,4.1,Premium,No,Not Returned,No
15-10-2024,Smartphone,Electronics,East,9,7731,2178.05,793,ABC0793,859,29,9,Same Day,2,Premium,Yes,Low Rating,No
18-10-2023,Laptop,Electronics,South,3,1596,91.23,794,ABC0794,532,29,5,Standard,4.6,Regular,Yes,Product Issue,No
06-04-2024,Camera,Electronics,East,4,4192,216.16,795,ABC0795,1048,22,8,Same Day,1.3,Premium,Yes,Low Rating,No
29-07-2023,Tablet,Electronics,West,7,5264,756.33,796,ABC0796,752,12,9,Standard,2.2,Premium,Yes,Low Rating,No
04-06-2023,Laptop,Electronics,North,1,425,48.81,797,ABC0797,425,18,10,Standard,1.4,Regular,Yes,Low Rating,No
17-03-2022,Smartwatch,Electronics,North,4,3380,211.72,798,ABC0798,845,36,5,Express,2.9,Premium,Yes,Not Returned,No
07-03-2024,Printer,Office,East,7,8379,2009.05,799,ABC0799,1197,37,6,Standard,3,Premium,No,Not Returned,No
05-03-2022,Keyboard,Accessories,North,4,2040,393.72,800,ABC0800,510,27,1,Express,4.6,Regular,No,Not Returned,No
17-04-2024,Printer,Office,East,4,1336,116.65,801,ABC0801,334,19,11,Same Day,1.9,Regular,Yes,Low Rating,No
22-08-2024,Keyboard,Accessories,South,2,1934,157.41,802,ABC0802,967,37,12,Same Day,1,Regular,Yes,Low Rating,No
09-04-2024,Keyboard,Accessories,South,3,1560,391.11,803,ABC0803,520,29,7,Standard,2.3,Regular,Yes,Low Rating,No
20-07-2024,Keyboard,Accessories,North,6,4446,1217.86,804,ABC0804,741,21,4,Express,3.8,Premium,No,Not Returned,No
17-03-2023,Printer,Office,West,3,1893,508.8,805,ABC0805,631,37,11,Standard,1.2,Regular,Yes,Low Rating,No
04-07-2024,Camera,Electronics,East,4,4492,670.42,806,ABC0806,1123,6,2,Express,3.8,Premium,No,Not Returned,No
12-08-2023,Mouse,Accessories,South,6,6228,1852.45,807,ABC0807,1038,18,5,Express,3.2,Premium,No,Not Returned,No
23-04-2023,Camera,Electronics,East,7,4403,1295.89,808,ABC0808,629,10,12,Express,1.1,Premium,Yes,Low Rating,No
15-10-2022,Headphones,Accessories,South,9,4176,510.97,809,ABC0809,464,10,3,Same Day,4,Premium,No,Not Returned,No
24-05-2022,Keyboard,Accessories,West,2,486,64.43,810,ABC0810,243,7,6,Express,3.2,Regular,Yes,Product Issue,No
09-05-2022,Printer,Office,East,5,4880,1084.69,811,ABC0811,976,11,8,Same Day,2.1,Premium,Yes,Low Rating,No
02-11-2022,Printer,Office,West,5,265,53.21,812,ABC0812,53,12,7,Express,2.8,Regular,Yes,Product Issue,No
10-09-2023,Laptop,Electronics,East,1,1041,128.58,813,ABC0813,1041,19,3,Same Day,4.1,Regular,No,Not Returned,No
28-03-2024,Smartphone,Electronics,East,8,9448,616.5,814,ABC0814,1181,33,8,Same Day,2.4,Premium,Yes,Low Rating,No
01-07-2022,Headphones,Accessories,South,3,1617,440.46,815,ABC0815,539,37,2,Same Day,4.3,Regular,No,Not Returned,No
17-02-2024,Laptop,Electronics,West,2,1486,233.7,816,ABC0816,743,34,10,Standard,2.8,Regular,Yes,Late Delivery,No
08-07-2023,Smartwatch,Electronics,East,8,7152,1539.72,817,ABC0817,894,31,9,Express,2.6,Premium,Yes,Late Delivery,No
29-12-2022,Mouse,Accessories,East,6,1404,368.36,818,ABC0818,234,33,4,Standard,3.8,Regular,No,Not Returned,No
11-08-2023,Camera,Electronics,South,2,122,16.23,819,ABC0819,61,37,1,Express,4.3,Regular,Yes,Product Issue,No
01-08-2023,Camera,Electronics,North,9,7533,1285.72,820,ABC0820,837,31,8,Express,2.2,Premium,Yes,Low Rating,No
23-07-2023,Headphones,Accessories,South,4,3888,810.08,821,ABC0821,972,37,7,Standard,3.5,Premium,No,Not Returned,No
05-07-2024,Smartphone,Electronics,South,5,870,48.87,822,ABC0822,174,8,11,Same Day,1.1,Regular,Yes,Low Rating,No
28-11-2022,Mouse,Accessories,South,2,1446,403.89,823,ABC0823,723,26,5,Express,3.3,Regular,No,Not Returned,No
11-11-2024,Tablet,Electronics,South,6,510,151.91,824,ABC0824,85,6,10,Same Day,1.6,Regular,Yes,Low Rating,No
29-07-2024,Keyboard,Accessories,West,8,6224,790.27,825,ABC0825,778,14,5,Standard,3.5,Premium,No,Not Returned,No
25-04-2023,Keyboard,Accessories,North,2,686,85.03,826,ABC0826,343,9,7,Same Day,2.4,Regular,Yes,Low Rating,No
11-12-2023,Mouse,Accessories,West,4,2840,591.94,827,ABC0827,710,14,5,Express,3.4,Premium,No,Not Returned,No
12-11-2023,Laptop,Electronics,South,7,2562,347.62,828,ABC0828,366,37,8,Express,2.1,Premium,Yes,Low Rating,No
04-05-2024,Smartphone,Electronics,West,5,790,216.12,829,ABC0829,158,17,11,Express,2,Regular,Yes,Low Rating,No
09-07-2022,Laptop,Electronics,East,5,4170,786.42,830,ABC0830,834,35,6,Standard,2.7,Premium,Yes,Not Returned,No
22-11-2022,Tablet,Electronics,East,4,1360,373.59,831,ABC0831,340,28,5,Express,3.8,Regular,No,Not Returned,No
13-03-2022,Camera,Electronics,East,6,5316,782.42,832,ABC0832,886,19,9,Standard,1.7,Premium,Yes,Low Rating,No
20-07-2023,Laptop,Electronics,West,4,3956,293.38,833,ABC0833,989,33,11,Same Day,1,Premium,Yes,Low Rating,No
09-05-2022,Monitor,Accessories,North,3,726,94.38,834,ABC0834,242,12,2,Express,4,Regular,Yes,Product Issue,No
04-08-2024,Smartphone,Electronics,North,4,228,29.37,835,ABC0835,57,9,1,Express,3.8,Regular,Yes,Product Issue,No
31-07-2022,Headphones,Accessories,North,3,2274,442.57,836,ABC0836,758,33,8,Express,2.6,Regular,Yes,Not Returned,No
13-09-2024,Keyboard,Accessories,North,9,2628,459.87,837,ABC0837,292,8,12,Same Day,1,Premium,Yes,Low Rating,No
26-05-2024,Camera,Electronics,South,6,606,104.85,838,ABC0838,101,16,3,Express,3.8,Regular,No,Not Returned,No
15-11-2024,Headphones,Accessories,East,8,7256,558.79,839,ABC0839,907,6,11,Standard,1.7,Premium,Yes,Low Rating,No
11-03-2023,Camera,Electronics,West,4,1956,125.69,840,ABC0840,489,31,12,Same Day,1.4,Regular,Yes,Low Rating,No
20-06-2024,Printer,Office,South,6,3954,690.1,841,ABC0841,659,35,12,Same Day,1,Premium,Yes,Low Rating,No
11-01-2023,Keyboard,Accessories,East,6,2262,442.86,842,ABC0842,377,30,12,Same Day,1.2,Regular,Yes,Low Rating,No
15-02-2022,Printer,Office,North,4,2804,391.59,843,ABC0843,701,31,7,Same Day,3.2,Premium,No,Not Returned,No
26-04-2022,Tablet,Electronics,South,9,5850,1511.06,844,ABC0844,650,9,10,Same Day,1.3,Premium,Yes,Low Rating,No
07-06-2023,Keyboard,Accessories,West,1,56,9.16,845,ABC0845,56,24,11,Standard,1.6,Regular,Yes,Low Rating,No
17-01-2024,Monitor,Accessories,East,9,4302,344.64,846,ABC0846,478,15,8,Same Day,1.8,Premium,Yes,Low Rating,No
14-05-2024,Camera,Electronics,West,9,10143,1690.66,847,ABC0847,1127,14,6,Express,3.2,Premium,No,Not Returned,No
15-05-2023,Headphones,Accessories,North,1,1012,164.89,848,ABC0848,1012,10,12,Same Day,1.1,Regular,Yes,Low Rating,No
22-05-2023,Tablet,Electronics,East,9,8964,448.62,849,ABC0849,996,12,10,Same Day,2,Premium,Yes,Low Rating,No
05-08-2022,Mouse,Accessories,South,6,1758,262.36,850,ABC0850,293,27,9,Same Day,2.3,Regular,Yes,Low Rating,No
12-10-2023,Printer,Office,North,6,6348,557.72,851,ABC0851,1058,30,7,Same Day,2,Premium,Yes,Low Rating,No
04-11-2023,Printer,Office,North,2,1582,422.46,852,ABC0852,791,16,10,Same Day,1.7,Regular,Yes,Low Rating,No
17-05-2023,Mouse,Accessories,South,2,1924,394.4,853,ABC0853,962,30,5,Standard,4.1,Regular,No,Not Returned,No
02-04-2023,Keyboard,Accessories,North,1,120,23.86,854,ABC0854,120,17,8,Standard,1.2,Regular,Yes,Low Rating,No
26-01-2024,Headphones,Accessories,East,8,7752,1943.84,855,ABC0855,969,22,2,Same Day,4.8,Premium,No,Not Returned,No
13-07-2023,Camera,Electronics,East,2,1114,300.44,856,ABC0856,557,29,7,Standard,3.5,Regular,No,Not Returned,No
28-11-2024,Keyboard,Accessories,North,5,1765,229.06,857,ABC0857,353,37,4,Express,2.9,Regular,Yes,Not Returned,No
10-08-2022,Keyboard,Accessories,West,6,6834,1418.21,858,ABC0858,1139,16,9,Same Day,1.7,Premium,Yes,Low Rating,No
14-09-2022,Smartphone,Electronics,East,5,1520,433.53,859,ABC0859,304,8,12,Express,1.3,Regular,Yes,Low Rating,No
05-08-2023,Smartwatch,Electronics,West,7,8141,767.6,860,ABC0860,1163,9,1,Express,4.2,Premium,No,Not Returned,No
30-08-2023,Tablet,Electronics,South,8,5176,866.36,861,ABC0861,647,12,7,Same Day,3.3,Premium,No,Not Returned,No
11-05-2024,Mouse,Accessories,East,9,738,64.42,862,ABC0862,82,32,6,Express,3.5,Regular,Yes,Product Issue,No
17-01-2024,Printer,Office,South,9,4086,217.48,863,ABC0863,454,35,8,Express,1.6,Premium,Yes,Low Rating,No
16-09-2022,Mouse,Accessories,East,2,442,28.13,864,ABC0864,221,13,5,Express,3,Regular,Yes,Product Issue,No
13-01-2023,Smartphone,Electronics,East,6,2478,153.86,865,ABC0865,413,33,1,Same Day,5,Premium,No,Not Returned,No
22-01-2022,Keyboard,Accessories,South,2,1860,327.15,866,ABC0866,930,18,1,Same Day,5,Regular,No,Not Returned,No
24-05-2022,Monitor,Accessories,East,9,4968,991.82,867,ABC0867,552,26,9,Express,3.1,Premium,No,Late Delivery,No
05-03-2023,Printer,Office,South,3,1446,278.94,868,ABC0868,482,15,10,Same Day,1.2,Regular,Yes,Low Rating,No
25-04-2023,Mouse,Accessories,East,7,1722,414.87,869,ABC0869,246,27,6,Same Day,3.7,Regular,No,Not Returned,No
13-07-2024,Smartwatch,Electronics,East,7,6573,460.28,870,ABC0870,939,5,10,Express,1.2,Premium,Yes,Low Rating,No
01-09-2024,Headphones,Accessories,East,3,2481,249.52,871,ABC0871,827,25,5,Same Day,3.6,Premium,No,Not Returned,No
26-12-2024,Monitor,Accessories,West,6,3828,1102.86,872,ABC0872,638,30,1,Standard,5,Premium,No,Not Returned,No
20-08-2023,Tablet,Electronics,East,7,1197,103.34,873,ABC0873,171,27,6,Same Day,1.5,Regular,Yes,Low Rating,No
09-01-2022,Tablet,Electronics,West,7,7623,1459.84,874,ABC0874,1089,5,6,Standard,3.5,Premium,No,Not Returned,No
14-08-2022,Mouse,Accessories,North,9,3384,252.11,875,ABC0875,376,19,3,Express,4.7,Premium,No,Not Returned,No
01-01-2022,Monitor,Accessories,South,8,1296,273.97,876,ABC0876,162,25,8,Same Day,2.9,Regular,Yes,Not Returned,No
25-07-2024,Tablet,Electronics,West,8,2840,262.62,877,ABC0877,355,13,1,Express,5,Premium,No,Not Returned,No
22-08-2024,Camera,Electronics,East,7,1540,342.93,878,ABC0878,220,13,1,Express,5,Regular,No,Not Returned,No
28-06-2022,Camera,Electronics,West,2,1414,308.39,879,ABC0879,707,14,6,Express,2.7,Regular,Yes,Not Returned,No
26-04-2023,Camera,Electronics,West,8,8328,466.38,880,ABC0880,1041,30,10,Express,2.3,Premium,Yes,Low Rating,No
29-08-2023,Camera,Electronics,North,2,744,217.21,881,ABC0881,372,39,1,Express,4.4,Regular,No,Not Returned,No
02-01-2023,Mouse,Accessories,South,9,1773,168.01,882,ABC0882,197,29,6,Same Day,3,Regular,No,Not Returned,No
11-08-2023,Smartphone,Electronics,East,7,6034,1018.37,883,ABC0883,862,30,1,Standard,5,Premium,No,Not Returned,No
22-06-2023,Smartphone,Electronics,South,9,756,99.21,884,ABC0884,84,15,6,Same Day,3.2,Regular,Yes,Product Issue,No
27-07-2024,Monitor,Accessories,East,8,2256,468.52,885,ABC0885,282,6,3,Same Day,4.7,Regular,No,Not Returned,No
30-11-2023,Monitor,Accessories,North,7,875,203.63,886,ABC0886,125,11,8,Same Day,3.6,Regular,No,Not Returned,No
26-11-2024,Headphones,Accessories,South,4,1208,115.13,887,ABC0887,302,22,6,Same Day,2.4,Regular,Yes,Low Rating,No
15-08-2023,Headphones,Accessories,South,2,352,54.19,888,ABC0888,176,31,11,Standard,1.2,Regular,Yes,Low Rating,No
23-02-2023,Printer,Office,West,6,4266,357.51,889,ABC0889,711,38,1,Same Day,4.8,Premium,No,Not Returned,No
26-03-2022,Tablet,Electronics,North,7,1841,496.89,890,ABC0890,263,31,5,Express,3.1,Regular,No,Not Returned,No
27-07-2024,Camera,Electronics,East,1,712,89.5,891,ABC0891,712,21,8,Same Day,2.3,Regular,Yes,Low Rating,No
23-03-2024,Printer,Office,West,2,724,72.19,892,ABC0892,362,28,3,Same Day,4.4,Regular,Yes,Product Issue,No
09-12-2024,Smartphone,Electronics,West,8,5832,662.72,893,ABC0893,729,29,12,Standard,1.3,Premium,Yes,Low Rating,No
17-06-2023,Keyboard,Accessories,South,6,4188,989.14,894,ABC0894,698,11,6,Standard,3.1,Premium,No,Not Returned,No
21-09-2023,Tablet,Electronics,West,1,392,50.7,895,ABC0895,392,10,5,Express,3.4,Regular,Yes,Product Issue,No
14-05-2022,Laptop,Electronics,East,9,963,49.71,896,ABC0896,107,28,6,Same Day,2.9,Regular,Yes,Product Issue,No
13-04-2024,Camera,Electronics,West,6,5706,319.46,897,ABC0897,951,37,10,Same Day,2.4,Premium,Yes,Low Rating,No
11-06-2024,Headphones,Accessories,West,7,1365,312.04,898,ABC0898,195,33,1,Same Day,5,Regular,No,Not Returned,No
23-05-2023,Headphones,Accessories,South,1,202,11.24,899,ABC0899,202,26,7,Express,3.2,Regular,Yes,Product Issue,No
24-12-2023,Smartphone,Electronics,North,9,2430,613.67,900,ABC0900,270,30,9,Standard,1.4,Premium,Yes,Low Rating,No
26-04-2023,Monitor,Accessories,South,3,2670,515.39,901,ABC0901,890,32,2,Express,4.2,Premium,No,Not Returned,No
21-01-2022,Tablet,Electronics,South,7,2758,520.66,902,ABC0902,394,25,10,Same Day,1.8,Premium,Yes,Low Rating,No
14-10-2022,Monitor,Accessories,South,9,873,82.35,903,ABC0903,97,11,5,Standard,2.9,Regular,Yes,Product Issue,No
23-08-2023,Smartwatch,Electronics,West,9,7245,1410.92,904,ABC0904,805,21,10,Standard,1.7,Premium,Yes,Low Rating,No
13-09-2023,Camera,Electronics,North,4,960,255.24,905,ABC0905,240,24,4,Express,3.7,Regular,No,Not Returned,No
28-12-2024,Smartwatch,Electronics,East,4,1284,171.02,906,ABC0906,321,24,6,Standard,3.5,Regular,No,Not Returned,No
09-06-2023,Mouse,Accessories,West,4,512,110.47,907,ABC0907,128,26,6,Standard,2.8,Regular,Yes,Not Returned,No
10-07-2022,Smartwatch,Electronics,South,9,9729,2039.41,908,ABC0908,1081,32,11,Same Day,1.9,Premium,Yes,Low Rating,No
11-01-2023,Camera,Electronics,North,5,1580,166.16,909,ABC0909,316,11,2,Same Day,3.9,Regular,No,Not Returned,No
26-07-2023,Mouse,Accessories,East,8,976,234.24,910,ABC0910,122,5,2,Standard,3.9,Regular,No,Not Returned,No
05-01-2024,Printer,Office,North,8,1824,495.35,911,ABC0911,228,36,4,Standard,3.5,Regular,No,Not Returned,No
08-05-2023,Smartphone,Electronics,South,4,3188,202.81,912,ABC0912,797,17,1,Express,4.7,Premium,No,Not Returned,No
29-11-2023,Camera,Electronics,East,7,5467,556.02,913,ABC0913,781,34,9,Express,1,Premium,Yes,Low Rating,No
05-09-2024,Smartphone,Electronics,South,6,5406,1277.46,914,ABC0914,901,27,7,Standard,2.9,Premium,Yes,Not Returned,No
08-08-2024,Headphones,Accessories,East,8,2984,742.31,915,ABC0915,373,23,12,Same Day,1.9,Premium,Yes,Low Rating,No
12-04-2023,Printer,Office,North,1,919,193.35,916,ABC0916,919,36,7,Standard,3,Regular,No,Not Returned,No
18-08-2023,Camera,Electronics,South,6,1686,426.72,917,ABC0917,281,34,3,Standard,3.9,Regular,No,Not Returned,No
02-06-2023,Laptop,Electronics,West,7,4165,493.24,918,ABC0918,595,33,11,Same Day,1,Premium,Yes,Low Rating,No
17-11-2023,Smartphone,Electronics,West,7,1281,282.63,919,ABC0919,183,33,12,Same Day,1,Regular,Yes,Low Rating,No
17-06-2024,Smartwatch,Electronics,East,3,2829,362.16,920,ABC0920,943,34,3,Express,3.2,Premium,No,Not Returned,No
06-04-2024,Monitor,Accessories,West,3,2211,292.31,921,ABC0921,737,20,1,Express,4.6,Regular,No,Not Returned,No
18-12-2024,Headphones,Accessories,East,4,4740,607.81,922,ABC0922,1185,23,3,Express,5,Premium,No,Not Returned,No
09-12-2023,Camera,Electronics,East,1,718,169.09,923,ABC0923,718,22,3,Express,2.6,Regular,Yes,Not Returned,No
10-10-2022,Headphones,Accessories,North,6,1716,108.81,924,ABC0924,286,5,4,Same Day,4,Regular,No,Not Returned,No
22-04-2024,Monitor,Accessories,South,7,1547,152.59,925,ABC0925,221,18,4,Standard,3.3,Regular,No,Not Returned,No
14-06-2022,Mouse,Accessories,North,1,739,111.18,926,ABC0926,739,6,3,Express,3.8,Regular,No,Not Returned,No
03-09-2023,Laptop,Electronics,West,3,819,231.88,927,ABC0927,273,32,10,Express,1.2,Regular,Yes,Low Rating,No
19-12-2023,Laptop,Electronics,South,8,5696,1156.3,928,ABC0928,712,34,12,Same Day,1,Premium,Yes,Low Rating,No
22-01-2023,Monitor,Accessories,South,2,1706,184.71,929,ABC0929,853,8,8,Same Day,2.4,Regular,Yes,Low Rating,No
23-01-2024,Camera,Electronics,North,2,2066,608.23,930,ABC0930,1033,5,8,Standard,2.5,Regular,Yes,Not Returned,No
07-06-2024,Laptop,Electronics,North,2,256,35.66,931,ABC0931,128,12,1,Standard,5,Regular,Yes,Product Issue,No
04-02-2024,Smartphone,Electronics,North,2,1102,182.54,932,ABC0932,551,33,7,Same Day,1.8,Regular,Yes,Low Rating,No
31-08-2024,Monitor,Accessories,North,8,2872,483.94,933,ABC0933,359,7,11,Express,1.8,Premium,Yes,Low Rating,No
11-11-2024,Tablet,Electronics,East,4,2584,394.52,934,ABC0934,646,36,2,Express,4.8,Premium,No,Not Returned,No
27-07-2024,Mouse,Accessories,North,2,1366,298.32,935,ABC0935,683,14,1,Express,4.9,Regular,No,Not Returned,No
11-05-2024,Smartwatch,Electronics,South,7,1253,354.23,936,ABC0936,179,14,3,Standard,3.8,Regular,No,Not Returned,No
24-03-2023,Laptop,Electronics,West,7,2618,300.81,937,ABC0937,374,23,4,Express,3.8,Premium,No,Not Returned,No
22-09-2022,Headphones,Accessories,East,9,6822,1811.37,938,ABC0938,758,38,6,Express,2.9,Premium,Yes,Not Returned,No
05-11-2023,Keyboard,Accessories,East,6,5286,636.16,939,ABC0939,881,37,10,Same Day,2.2,Premium,Yes,Low Rating,No
13-06-2024,Monitor,Accessories,North,1,579,133.57,940,ABC0940,579,27,5,Express,3.2,Regular,No,Not Returned,No
28-02-2022,Laptop,Electronics,West,8,1392,190.99,941,ABC0941,174,32,4,Same Day,3.7,Regular,No,Not Returned,No
14-11-2022,Laptop,Electronics,West,9,2493,696.69,942,ABC0942,277,36,8,Express,1.5,Premium,Yes,Low Rating,No
17-09-2023,Smartphone,Electronics,North,7,6461,766.45,943,ABC0943,923,11,11,Standard,1.5,Premium,Yes,Low Rating,No
17-08-2022,Tablet,Electronics,East,2,1486,201.07,944,ABC0944,743,33,12,Express,1,Regular,Yes,Low Rating,No
14-05-2023,Printer,Office,South,1,1152,280.28,945,ABC0945,1152,12,4,Express,3.9,Regular,No,Not Returned,No
12-03-2022,Smartwatch,Electronics,West,2,1750,103.99,946,ABC0946,875,5,10,Same Day,2.1,Regular,Yes,Low Rating,No
12-07-2022,Smartphone,Electronics,West,7,4417,495.37,947,ABC0947,631,7,12,Same Day,1,Premium,Yes,Low Rating,No
05-07-2024,Laptop,Electronics,South,4,3724,276.85,948,ABC0948,931,28,2,Same Day,4.3,Premium,No,Not Returned,No
16-06-2023,Camera,Electronics,West,3,2220,121.14,949,ABC0949,740,27,3,Express,4.1,Regular,No,Not Returned,No
20-06-2023,Monitor,Accessories,West,8,9104,2620.58,950,ABC0950,1138,12,6,Express,3.2,Premium,No,Not Returned,No
08-08-2024,Printer,Office,West,3,3093,584.23,951,ABC0951,1031,7,8,Standard,2.7,Premium,Yes,Not Returned,No
01-03-2023,Headphones,Accessories,South,6,3048,842.24,952,ABC0952,508,37,8,Express,2.7,Premium,Yes,Not Returned,No
02-05-2022,Smartphone,Electronics,North,1,161,36.58,953,ABC0953,161,32,11,Standard,1.1,Regular,Yes,Low Rating,No
23-07-2023,Monitor,Accessories,West,7,7238,1889.69,954,ABC0954,1034,12,9,Same Day,2.8,Premium,Yes,Late Delivery,No
30-03-2024,Smartphone,Electronics,North,3,3561,347.31,955,ABC0955,1187,38,7,Same Day,3,Premium,No,Not Returned,No
07-08-2022,Monitor,Accessories,North,5,1850,534.39,956,ABC0956,370,39,2,Same Day,5,Regular,No,Not Returned,No
06-03-2022,Mouse,Accessories,West,6,3522,626.72,957,ABC0957,587,36,8,Standard,2.5,Premium,Yes,Not Returned,No
24-11-2023,Smartwatch,Electronics,East,1,584,172.4,958,ABC0958,584,28,7,Express,2.9,Regular,Yes,Not Returned,No
31-08-2023,Smartphone,Electronics,East,4,2556,412.44,959,ABC0959,639,18,8,Same Day,2.3,Premium,Yes,Low Rating,No
14-10-2023,Smartphone,Electronics,South,2,348,56.31,960,ABC0960,174,36,12,Express,1,Regular,Yes,Low Rating,No
16-05-2023,Monitor,Accessories,South,9,1602,142.49,961,ABC0961,178,20,3,Express,4.5,Regular,No,Not Returned,No
19-06-2023,Monitor,Accessories,South,3,2853,437.59,962,ABC0962,951,8,7,Same Day,2.8,Premium,Yes,Not Returned,No
21-07-2023,Printer,Office,West,1,1024,230.3,963,ABC0963,1024,25,10,Standard,1.6,Regular,Yes,Low Rating,No
20-03-2022,Camera,Electronics,East,5,4485,1324.49,964,ABC0964,897,18,9,Express,1.5,Premium,Yes,Low Rating,No
06-08-2023,Printer,Office,East,2,436,79.69,965,ABC0965,218,35,3,Same Day,4.8,Regular,Yes,Product Issue,No
21-10-2024,Smartwatch,Electronics,North,2,2232,150.12,966,ABC0966,1116,22,10,Express,1.7,Regular,Yes,Low Rating,No
14-08-2022,Keyboard,Accessories,South,6,7056,1445.01,967,ABC0967,1176,11,6,Express,2.4,Premium,Yes,Low Rating,No
15-03-2022,Keyboard,Accessories,East,5,875,96.65,968,ABC0968,175,14,2,Express,4.4,Regular,Yes,Product Issue,No
01-02-2022,Smartwatch,Electronics,East,3,315,61.94,969,ABC0969,105,11,2,Express,4.2,Regular,Yes,Product Issue,No
24-04-2022,Laptop,Electronics,East,2,358,51.75,970,ABC0970,179,37,5,Express,3.2,Regular,Yes,Product Issue,No
23-03-2023,Camera,Electronics,South,7,3451,194.42,971,ABC0971,493,27,5,Standard,3.6,Premium,No,Not Returned,No
10-02-2022,Laptop,Electronics,North,9,1350,189.13,972,ABC0972,150,25,7,Standard,2.6,Regular,Yes,Not Returned,No
19-10-2023,Tablet,Electronics,West,8,3320,413.32,973,ABC0973,415,23,12,Same Day,1,Premium,Yes,Low Rating,No
10-09-2024,Mouse,Accessories,North,9,8442,940.33,974,ABC0974,938,23,2,Standard,5,Premium,No,Not Returned,No
17-06-2022,Keyboard,Accessories,South,1,166,31.97,975,ABC0975,166,33,11,Standard,1,Regular,Yes,Low Rating,No
09-08-2023,Mouse,Accessories,North,5,3720,448.6,976,ABC0976,744,22,7,Standard,2.6,Premium,Yes,Not Returned,No
11-07-2023,Laptop,Electronics,South,2,1090,136.65,977,ABC0977,545,6,5,Express,3.8,Regular,No,Not Returned,No
05-01-2024,Laptop,Electronics,West,9,9783,2347.49,978,ABC0978,1087,5,6,Express,3.3,Premium,No,Not Returned,No
22-09-2022,Smartphone,Electronics,North,4,2432,657.18,979,ABC0979,608,9,8,Same Day,2.8,Premium,Yes,Not Returned,No
22-06-2023,Mouse,Accessories,North,7,4060,291.42,980,ABC0980,580,24,10,Same Day,2.7,Premium,Yes,Late Delivery,No
26-03-2023,Smartwatch,Electronics,North,1,387,99.59,981,ABC0981,387,15,12,Same Day,1.8,Regular,Yes,Low Rating,No
11-08-2023,Smartwatch,Electronics,North,3,966,120.56,982,ABC0982,322,6,4,Express,3.1,Regular,No,Not Returned,No
17-05-2024,Tablet,Electronics,North,3,3366,882.29,983,ABC0983,1122,7,7,Standard,1.9,Premium,Yes,Low Rating,No
30-06-2024,Monitor,Accessories,West,7,7833,1843.94,984,ABC0984,1119,27,6,Standard,3.2,Premium,No,Not Returned,No
09-04-2023,Monitor,Accessories,West,1,610,33.55,985,ABC0985,610,16,10,Express,1,Regular,Yes,Low Rating,No
28-05-2022,Smartwatch,Electronics,West,8,4288,597.09,986,ABC0986,536,24,2,Same Day,3.4,Premium,No,Not Returned,No
18-07-2022,Printer,Office,North,9,7740,605.35,987,ABC0987,860,9,8,Same Day,2.5,Premium,Yes,Not Returned,No
20-08-2024,Smartwatch,Electronics,West,9,3150,457.13,988,ABC0988,350,34,10,Same Day,2,Premium,Yes,Low Rating,No
31-12-2023,Keyboard,Accessories,West,2,894,224.75,989,ABC0989,447,13,9,Express,2.9,Regular,Yes,Late Delivery,No
09-10-2022,Laptop,Electronics,North,8,7544,1219.73,990,ABC0990,943,38,5,Same Day,3.7,Premium,No,Not Returned,No
01-03-2024,Keyboard,Accessories,North,8,6360,1871.88,991,ABC0991,795,39,10,Same Day,2.6,Premium,Yes,Late Delivery,No
19-03-2022,Smartphone,Electronics,West,4,2428,485.75,992,ABC0992,607,26,4,Express,3.8,Premium,No,Not Returned,No
05-10-2022,Headphones,Accessories,South,2,574,38.52,993,ABC0993,287,28,6,Standard,2.4,Regular,Yes,Low Rating,No
25-04-2023,Keyboard,Accessories,West,6,6744,660.47,994,ABC0994,1124,21,8,Express,2.7,Premium,Yes,Not Returned,No
11-09-2023,Headphones,Accessories,North,6,798,213.4,995,ABC0995,133,14,11,Express,2,Regular,Yes,Low Rating,No
13-01-2023,Printer,Office,North,5,2860,339,996,ABC0996,572,34,3,Express,4.2,Premium,No,Not Returned,No
03-04-2022,Printer,Office,South,5,5410,1129.77,997,ABC0997,1082,27,10,Express,2.4,Premium,Yes,Low Rating,No
26-02-2023,Laptop,Electronics,West,5,4445,580.15,998,ABC0998,889,36,11,Standard,1.3,Premium,Yes,Low Rating,No
03-11-2024,Smartwatch,Electronics,South,8,7536,1197.09,999,ABC0999,942,21,11,Same Day,1.6,Premium,Yes,Low Rating,No
26-09-2023,Monitor,Accessories,North,7,4165,263.26,"1,000",ABC1000,595,21,1,Express,4.6,Premium,No,Not Returned,No
19-02-2024,Laptop,Electronics,East,3,3021,763.99,"1,001",ABC1001,1007,18,4,Standard,4.9,Premium,No,Not Returned,No
29-04-2024,Keyboard,Accessories,North,2,310,70.66,"1,002",ABC1002,155,13,4,Same Day,4.1,Regular,Yes,Product Issue,No
15-05-2024,Headphones,Accessories,South,2,2170,522,"1,003",ABC1003,1085,6,1,Same Day,4.1,Regular,No,Not Returned,No
22-10-2024,Tablet,Electronics,West,3,2832,317.76,"1,004",ABC1004,944,29,9,Same Day,2.9,Premium,Yes,Late Delivery,No
31-07-2022,Smartwatch,Electronics,West,5,3945,392.09,"1,005",ABC1005,789,13,3,Express,3.6,Premium,No,Not Returned,No
10-09-2022,Tablet,Electronics,South,4,2104,308,"1,006",ABC1006,526,26,5,Express,3.3,Regular,No,Not Returned,No
24-08-2022,Monitor,Accessories,South,2,2060,517.64,"1,007",ABC1007,1030,8,6,Same Day,3.2,Regular,No,Not Returned,No
23-06-2024,Printer,Office,North,4,1060,155.78,"1,008",ABC1008,265,30,8,Same Day,2.6,Regular,Yes,Not Returned,No
13-01-2023,Smartwatch,Electronics,South,6,810,108.61,"1,009",ABC1009,135,33,6,Same Day,3.2,Regular,No,Not Returned,No
23-09-2022,Laptop,Electronics,West,3,873,57.42,"1,010",ABC1010,291,38,3,Same Day,3.4,Regular,Yes,Product Issue,No
08-02-2022,Tablet,Electronics,West,5,595,121.11,"1,011",ABC1011,119,27,6,Same Day,3.2,Regular,No,Not Returned,No
18-12-2022,Laptop,Electronics,West,2,1562,119.56,"1,012",ABC1012,781,15,1,Same Day,5,Regular,No,Not Returned,No
25-01-2022,Smartwatch,Electronics,East,9,5337,1575.99,"1,013",ABC1013,593,10,4,Standard,4.2,Premium,No,Not Returned,No
09-12-2022,Printer,Office,North,2,212,13.4,"1,014",ABC1014,106,22,6,Same Day,2.3,Regular,Yes,Low Rating,No
14-06-2023,Printer,Office,East,8,2704,705.74,"1,015",ABC1015,338,25,7,Express,2.3,Premium,Yes,Low Rating,No
31-05-2024,Laptop,Electronics,North,5,3225,523.32,"1,016",ABC1016,645,38,11,Express,1,Premium,Yes,Low Rating,No
07-08-2023,Monitor,Accessories,North,2,1342,184.59,"1,017",ABC1017,671,21,11,Express,1.5,Regular,Yes,Low Rating,No
13-07-2022,Mouse,Accessories,South,7,3395,1012.78,"1,018",ABC1018,485,29,10,Same Day,1,Premium,Yes,Low Rating,No
01-12-2024,Smartwatch,Electronics,East,4,3968,480.72,"1,019",ABC1019,992,16,3,Express,3.4,Premium,No,Not Returned,No
12-04-2024,Smartphone,Electronics,West,5,4555,776.65,"1,020",ABC1020,911,27,9,Standard,1.7,Premium,Yes,Low Rating,No
26-02-2022,Tablet,Electronics,West,2,2132,365.44,"1,021",ABC1021,1066,26,12,Same Day,1,Regular,Yes,Low Rating,No
31-03-2022,Mouse,Accessories,West,6,6516,842.83,"1,022",ABC1022,1086,25,12,Express,1,Premium,Yes,Low Rating,No
17-08-2023,Smartwatch,Electronics,North,2,2040,481.15,"1,023",ABC1023,1020,31,7,Standard,1.6,Regular,Yes,Low Rating,No
23-09-2024,Mouse,Accessories,East,6,6126,428.38,"1,024",ABC1024,1021,35,1,Standard,4.9,Premium,No,Not Returned,No
11-09-2022,Smartwatch,Electronics,West,8,520,30.58,"1,025",ABC1025,65,10,2,Express,4.1,Regular,Yes,Product Issue,No
01-01-2023,Camera,Electronics,South,5,4470,526.96,"1,026",ABC1026,894,31,1,Standard,4.4,Premium,No,Not Returned,No
12-07-2024,Smartwatch,Electronics,West,8,5504,1196.78,"1,027",ABC1027,688,38,11,Express,1.1,Premium,Yes,Low Rating,No
11-01-2022,Headphones,Accessories,West,4,3036,511.69,"1,028",ABC1028,759,16,9,Standard,2,Premium,Yes,Low Rating,No
05-10-2024,Smartwatch,Electronics,East,5,2725,308.29,"1,029",ABC1029,545,11,9,Same Day,2.3,Premium,Yes,Low Rating,No
16-09-2024,Printer,Office,North,8,4080,336.96,"1,030",ABC1030,510,14,7,Same Day,3.3,Premium,No,Not Returned,No
23-05-2024,Keyboard,Accessories,North,8,3080,776.6,"1,031",ABC1031,385,21,10,Same Day,2.2,Premium,Yes,Low Rating,No
08-06-2023,Smartwatch,Electronics,North,5,1525,413.75,"1,032",ABC1032,305,30,3,Same Day,5,Regular,No,Not Returned,No
16-07-2022,Monitor,Accessories,South,4,1332,342.85,"1,033",ABC1033,333,25,5,Same Day,3.7,Regular,No,Not Returned,No
24-07-2023,Smartphone,Electronics,South,7,4669,803.21,"1,034",ABC1034,667,32,4,Express,3.7,Premium,No,Not Returned,No
12-03-2022,Smartwatch,Electronics,West,6,5310,1099.84,"1,035",ABC1035,885,6,7,Same Day,2.4,Premium,Yes,Low Rating,No
12-01-2023,Camera,Electronics,East,8,9392,2651.84,"1,036",ABC1036,1174,5,9,Same Day,1.8,Premium,Yes,Low Rating,No
03-11-2022,Monitor,Accessories,South,5,1350,198.19,"1,037",ABC1037,270,30,12,Same Day,1.3,Regular,Yes,Low Rating,No
14-03-2024,Monitor,Accessories,North,4,3648,768.61,"1,038",ABC1038,912,33,2,Same Day,3.8,Premium,No,Not Returned,No
27-07-2023,Printer,Office,North,2,300,47.59,"1,039",ABC1039,150,25,8,Standard,2.4,Regular,Yes,Low Rating,No
14-08-2022,Smartphone,Electronics,North,3,3408,727.26,"1,040",ABC1040,1136,15,9,Same Day,2,Premium,Yes,Low Rating,No
17-11-2024,Keyboard,Accessories,South,9,4302,475.96,"1,041",ABC1041,478,15,10,Same Day,1.3,Premium,Yes,Low Rating,No
13-05-2024,Keyboard,Accessories,South,5,4575,771.24,"1,042",ABC1042,915,39,10,Express,1.1,Premium,Yes,Low Rating,No
21-10-2022,Laptop,Electronics,East,8,9304,1855.7,"1,043",ABC1043,1163,38,9,Standard,3.3,Premium,No,Late Delivery,No
15-04-2024,Monitor,Accessories,East,4,1928,232.48,"1,044",ABC1044,482,28,10,Express,1,Regular,Yes,Low Rating,No
17-01-2023,Printer,Office,East,2,1042,86.24,"1,045",ABC1045,521,26,7,Same Day,2.6,Regular,Yes,Product Issue,No
28-11-2023,Tablet,Electronics,East,3,2214,507.7,"1,046",ABC1046,738,9,9,Express,2.6,Regular,Yes,Late Delivery,No
03-05-2024,Keyboard,Accessories,South,4,3024,678.26,"1,047",ABC1047,756,37,9,Express,2.3,Premium,Yes,Low Rating,No
11-08-2023,Camera,Electronics,East,2,1104,173.01,"1,048",ABC1048,552,24,3,Same Day,3.8,Regular,No,Not Returned,No
26-07-2022,Mouse,Accessories,East,8,6056,1631.71,"1,049",ABC1049,757,23,4,Standard,3.1,Premium,No,Not Returned,No
07-02-2023,Mouse,Accessories,South,5,5295,1375.98,"1,050",ABC1050,1059,39,2,Standard,4.4,Premium,No,Not Returned,No
19-01-2022,Smartphone,Electronics,North,4,3668,839.4,"1,051",ABC1051,917,21,10,Express,1,Premium,Yes,Low Rating,No
30-06-2023,Printer,Office,South,9,4293,295.47,"1,052",ABC1052,477,38,3,Same Day,4.1,Premium,No,Not Returned,No
19-08-2022,Mouse,Accessories,North,7,5789,950.45,"1,053",ABC1053,827,13,11,Express,1.4,Premium,Yes,Low Rating,No
27-08-2023,Smartwatch,Electronics,North,6,4440,800.92,"1,054",ABC1054,740,30,11,Express,1.9,Premium,Yes,Low Rating,No
10-03-2022,Printer,Office,South,5,5515,330.02,"1,055",ABC1055,1103,6,5,Express,2.8,Premium,Yes,Not Returned,No
12-10-2024,Camera,Electronics,North,4,784,192.77,"1,056",ABC1056,196,13,5,Same Day,3.2,Regular,No,Not Returned,No
15-06-2024,Laptop,Electronics,East,4,576,156.59,"1,057",ABC1057,144,13,6,Same Day,3.2,Regular,No,Not Returned,No
09-09-2024,Smartwatch,Electronics,West,5,705,198.62,"1,058",ABC1058,141,21,7,Standard,2.8,Regular,Yes,Not Returned,No
24-09-2023,Keyboard,Accessories,North,6,4458,1215.3,"1,059",ABC1059,743,5,7,Same Day,2,Premium,Yes,Low Rating,No
25-08-2022,Smartphone,Electronics,East,6,6780,811.92,"1,060",ABC1060,1130,29,1,Express,4.3,Premium,No,Not Returned,No
01-10-2023,Smartwatch,Electronics,North,5,3970,642.7,"1,061",ABC1061,794,29,2,Express,5,Premium,No,Not Returned,No
08-01-2023,Monitor,Accessories,North,7,5131,368.11,"1,062",ABC1062,733,39,12,Standard,1.1,Premium,Yes,Low Rating,No
02-10-2022,Laptop,Electronics,East,7,1750,90.21,"1,063",ABC1063,250,7,9,Same Day,1.2,Regular,Yes,Low Rating,No
11-02-2022,Tablet,Electronics,East,7,8337,753.35,"1,064",ABC1064,1191,34,10,Express,2.1,Premium,Yes,Low Rating,No
15-09-2022,Keyboard,Accessories,East,9,9810,549.46,"1,065",ABC1065,1090,38,2,Standard,3.5,Premium,No,Not Returned,No
28-01-2024,Keyboard,Accessories,East,3,2658,794.36,"1,066",ABC1066,886,16,6,Standard,2.8,Premium,Yes,Not Returned,No
23-07-2022,Printer,Office,West,1,473,43.65,"1,067",ABC1067,473,23,11,Express,1.6,Regular,Yes,Low Rating,No
14-01-2022,Tablet,Electronics,North,9,2205,410.01,"1,068",ABC1068,245,21,11,Express,1.9,Regular,Yes,Low Rating,No
13-06-2023,Smartphone,Electronics,South,9,6948,1409.3,"1,069",ABC1069,772,14,1,Same Day,3.5,Premium,No,Not Returned,No
09-09-2022,Tablet,Electronics,North,3,774,212.02,"1,070",ABC1070,258,16,3,Standard,4.4,Regular,No,Not Returned,No
26-12-2023,Tablet,Electronics,North,3,2532,343.13,"1,071",ABC1071,844,20,2,Express,4.8,Premium,No,Not Returned,No
16-11-2024,Laptop,Electronics,West,7,6587,1173.91,"1,072",ABC1072,941,28,3,Standard,3.7,Premium,No,Not Returned,No
01-04-2024,Smartphone,Electronics,East,7,7266,806.79,"1,073",ABC1073,1038,23,5,Same Day,3.4,Premium,No,Not Returned,No
27-11-2024,Smartphone,Electronics,East,7,6867,502.06,"1,074",ABC1074,981,12,11,Express,1,Premium,Yes,Low Rating,No
01-07-2023,Camera,Electronics,South,9,4887,396.36,"1,075",ABC1075,543,35,10,Same Day,1,Premium,Yes,Low Rating,No
13-02-2023,Mouse,Accessories,West,4,864,251.99,"1,076",ABC1076,216,25,6,Standard,3.6,Regular,No,Not Returned,No
09-11-2023,Smartphone,Electronics,East,6,5190,1215.07,"1,077",ABC1077,865,21,9,Same Day,1.7,Premium,Yes,Low Rating,No
20-05-2022,Keyboard,Accessories,South,8,2128,294.45,"1,078",ABC1078,266,27,12,Same Day,1,Regular,Yes,Low Rating,No
26-06-2024,Mouse,Accessories,East,2,1718,218.82,"1,079",ABC1079,859,20,11,Standard,1.5,Regular,Yes,Low Rating,No
02-05-2022,Smartphone,Electronics,North,2,1270,229.39,"1,080",ABC1080,635,10,10,Same Day,1.5,Regular,Yes,Low Rating,No
18-05-2023,Keyboard,Accessories,East,7,2569,130.19,"1,081",ABC1081,367,12,12,Standard,1,Premium,Yes,Low Rating,No
14-02-2022,Printer,Office,South,2,1518,262.65,"1,082",ABC1082,759,29,12,Express,1.2,Regular,Yes,Low Rating,No
22-11-2022,Headphones,Accessories,South,2,1210,268.37,"1,083",ABC1083,605,22,4,Standard,2.9,Regular,Yes,Not Returned,No
15-03-2022,Mouse,Accessories,East,2,1128,94.13,"1,084",ABC1084,564,29,7,Standard,3.2,Regular,Yes,Product Issue,No
23-08-2023,Headphones,Accessories,North,1,1077,77.97,"1,085",ABC1085,1077,16,6,Express,2.9,Regular,Yes,Product Issue,No
18-12-2023,Keyboard,Accessories,East,6,2244,517.47,"1,086",ABC1086,374,19,2,Standard,3.8,Regular,No,Not Returned,No
16-09-2022,Mouse,Accessories,West,8,1608,464.18,"1,087",ABC1087,201,30,10,Express,1.1,Regular,Yes,Low Rating,No
15-12-2024,Camera,Electronics,West,5,3685,476.2,"1,088",ABC1088,737,30,11,Express,1.4,Premium,Yes,Low Rating,No
25-04-2024,Camera,Electronics,North,8,4080,1079.49,"1,089",ABC1089,510,36,11,Standard,1.2,Premium,Yes,Low Rating,No
09-02-2024,Monitor,Accessories,North,1,404,84.4,"1,090",ABC1090,404,14,11,Same Day,1,Regular,Yes,Low Rating,No
19-04-2023,Keyboard,Accessories,South,2,1738,163.38,"1,091",ABC1091,869,20,8,Same Day,2,Regular,Yes,Low Rating,No
31-01-2023,Printer,Office,West,3,828,210.33,"1,092",ABC1092,276,11,7,Express,2.3,Regular,Yes,Low Rating,No
24-11-2023,Mouse,Accessories,North,4,4344,461.72,"1,093",ABC1093,1086,21,7,Same Day,3.3,Premium,No,Not Returned,No
02-10-2023,Tablet,Electronics,North,1,1130,268.88,"1,094",ABC1094,1130,27,8,Same Day,2.4,Regular,Yes,Low Rating,No
18-04-2024,Headphones,Accessories,North,3,1698,304.91,"1,095",ABC1095,566,30,12,Standard,1.8,Regular,Yes,Low Rating,No
27-06-2023,Tablet,Electronics,East,4,844,136.02,"1,096",ABC1096,211,25,12,Express,1,Regular,Yes,Low Rating,No
20-02-2023,Printer,Office,West,2,2286,218.18,"1,097",ABC1097,1143,26,11,Express,1.2,Regular,Yes,Low Rating,No
12-12-2023,Camera,Electronics,East,2,1026,170.31,"1,098",ABC1098,513,11,1,Standard,4.9,Regular,No,Not Returned,No
04-10-2023,Laptop,Electronics,West,6,6984,1433.65,"1,099",ABC1099,1164,18,1,Same Day,5,Premium,No,Not Returned,No
18-02-2022,Monitor,Accessories,West,4,1672,432.35,"1,100",ABC1100,418,19,8,Express,2.7,Regular,Yes,Not Returned,No
08-01-2023,Laptop,Electronics,North,6,1092,63.98,"1,101",ABC1101,182,11,4,Same Day,3.2,Regular,Yes,Product Issue,No
01-04-2024,Headphones,Accessories,South,2,272,24.71,"1,102",ABC1102,136,13,5,Express,2.9,Regular,Yes,Product Issue,No
12-11-2023,Headphones,Accessories,West,2,1126,204.99,"1,103",ABC1103,563,12,8,Express,2.2,Regular,Yes,Low Rating,No
22-10-2023,Mouse,Accessories,West,7,8155,2177.38,"1,104",ABC1104,1165,27,5,Express,4.1,Premium,No,Not Returned,No
29-03-2023,Smartwatch,Electronics,East,7,4298,358.38,"1,105",ABC1105,614,33,10,Express,1.2,Premium,Yes,Low Rating,No
17-12-2022,Smartphone,Electronics,East,5,1365,310.66,"1,106",ABC1106,273,22,4,Same Day,3.4,Regular,No,Not Returned,No
28-11-2024,Camera,Electronics,West,6,4116,381.35,"1,107",ABC1107,686,35,12,Same Day,1.4,Premium,Yes,Low Rating,No
07-04-2022,Headphones,Accessories,South,8,904,181.45,"1,108",ABC1108,113,34,6,Same Day,3.3,Regular,No,Not Returned,No
05-12-2024,Smartwatch,Electronics,South,1,70,10.64,"1,109",ABC1109,70,39,12,Same Day,1.3,Regular,Yes,Low Rating,No
03-09-2023,Keyboard,Accessories,East,2,344,72.87,"1,110",ABC1110,172,22,5,Standard,3.4,Regular,Yes,Product Issue,No
19-08-2023,Printer,Office,East,1,330,78.52,"1,111",ABC1111,330,21,7,Express,2.1,Regular,Yes,Low Rating,No
17-08-2024,Headphones,Accessories,South,2,518,34.22,"1,112",ABC1112,259,18,10,Express,1.3,Regular,Yes,Low Rating,No
18-08-2022,Mouse,Accessories,North,9,2763,458.4,"1,113",ABC1113,307,35,7,Express,3.2,Premium,No,Not Returned,No
26-03-2022,Smartwatch,Electronics,North,2,2298,343.53,"1,114",ABC1114,1149,28,4,Standard,4.1,Regular,No,Not Returned,No
02-10-2024,Monitor,Accessories,South,1,436,73.89,"1,115",ABC1115,436,39,12,Same Day,1,Regular,Yes,Low Rating,No
28-09-2022,Mouse,Accessories,East,6,1824,213.47,"1,116",ABC1116,304,38,5,Express,3.8,Regular,No,Not Returned,No
12-05-2024,Laptop,Electronics,North,5,1540,411.83,"1,117",ABC1117,308,7,3,Same Day,4.7,Regular,No,Not Returned,No
14-03-2023,Tablet,Electronics,East,7,5572,385.82,"1,118",ABC1118,796,30,4,Same Day,3.7,Premium,No,Not Returned,No
21-09-2023,Monitor,Accessories,East,6,3030,335.71,"1,119",ABC1119,505,27,4,Standard,3.9,Premium,No,Not Returned,No
02-05-2024,Monitor,Accessories,West,5,1245,345.84,"1,120",ABC1120,249,19,3,Standard,4.5,Regular,No,Not Returned,No
31-01-2022,Tablet,Electronics,South,4,1252,326.69,"1,121",ABC1121,313,8,10,Same Day,1.3,Regular,Yes,Low Rating,No
04-06-2024,Camera,Electronics,North,9,4959,479.28,"1,122",ABC1122,551,33,5,Express,4.5,Premium,No,Not Returned,No
16-02-2023,Monitor,Accessories,West,7,8162,443.81,"1,123",ABC1123,1166,26,5,Express,3.9,Premium,No,Not Returned,No
26-05-2023,Monitor,Accessories,East,5,1370,253.92,"1,124",ABC1124,274,29,11,Standard,1.6,Regular,Yes,Low Rating,No
28-12-2023,Tablet,Electronics,North,3,3111,607.23,"1,125",ABC1125,1037,17,7,Standard,2.6,Premium,Yes,Not Returned,No
10-10-2022,Mouse,Accessories,South,7,7805,1078.03,"1,126",ABC1126,1115,22,4,Standard,3.9,Premium,No,Not Returned,No
21-04-2024,Smartphone,Electronics,South,9,10314,2729.6,"1,127",ABC1127,1146,37,4,Standard,2.9,Premium,Yes,Not Returned,No
29-09-2023,Keyboard,Accessories,South,9,10782,2730.14,"1,128",ABC1128,1198,20,9,Standard,3,Premium,No,Late Delivery,No
22-10-2024,Monitor,Accessories,West,5,4375,987.96,"1,129",ABC1129,875,6,6,Standard,3.6,Premium,No,Not Returned,No
31-07-2023,Monitor,Accessories,North,5,2265,595.05,"1,130",ABC1130,453,39,4,Standard,4.4,Regular,No,Not Returned,No
15-04-2022,Laptop,Electronics,East,1,166,9.69,"1,131",ABC1131,166,38,2,Express,4.3,Regular,Yes,Product Issue,No
24-04-2024,Headphones,Accessories,North,7,7217,1481.7,"1,132",ABC1132,1031,34,6,Standard,2.8,Premium,Yes,Not Returned,No
16-01-2022,Tablet,Electronics,East,3,1767,186.54,"1,133",ABC1133,589,17,2,Standard,4,Regular,No,Not Returned,No
06-12-2023,Laptop,Electronics,East,3,2883,557.81,"1,134",ABC1134,961,17,5,Express,3.7,Premium,No,Not Returned,No
04-09-2024,Smartwatch,Electronics,South,3,1338,396.08,"1,135",ABC1135,446,22,6,Express,2.7,Regular,Yes,Not Returned,No
24-08-2024,Printer,Office,East,9,9459,604.06,"1,136",ABC1136,1051,36,4,Same Day,3.6,Premium,No,Not Returned,No
10-06-2022,Printer,Office,North,3,168,45.31,"1,137",ABC1137,56,36,3,Standard,4.3,Regular,Yes,Product Issue,No
03-10-2022,Smartphone,Electronics,South,9,4536,479.78,"1,138",ABC1138,504,39,7,Standard,2.3,Premium,Yes,Low Rating,No
25-02-2022,Mouse,Accessories,East,4,4404,793.7,"1,139",ABC1139,1101,33,2,Standard,4.9,Premium,No,Not Returned,No
18-08-2023,Monitor,Accessories,North,4,1952,148.67,"1,140",ABC1140,488,33,11,Standard,1.3,Regular,Yes,Low Rating,No
23-12-2022,Mouse,Accessories,North,3,2004,467.76,"1,141",ABC1141,668,20,6,Same Day,2.2,Regular,Yes,Low Rating,No
30-06-2022,Keyboard,Accessories,South,4,468,131.48,"1,142",ABC1142,117,14,4,Express,3.3,Regular,No,Not Returned,No
10-11-2024,Smartphone,Electronics,West,9,8667,1597.49,"1,143",ABC1143,963,34,6,Express,3.7,Premium,No,Not Returned,No
24-02-2024,Printer,Office,West,7,6097,567.32,"1,144",ABC1144,871,29,4,Standard,3.2,Premium,No,Not Returned,No
11-04-2022,Headphones,Accessories,South,9,4752,1415.65,"1,145",ABC1145,528,24,4,Standard,4.1,Premium,No,Not Returned,No
10-05-2023,Keyboard,Accessories,East,1,1172,124.9,"1,146",ABC1146,1172,9,4,Standard,3.7,Regular,No,Not Returned,No
20-05-2022,Keyboard,Accessories,North,2,1608,170.29,"1,147",ABC1147,804,5,9,Same Day,1.9,Regular,Yes,Low Rating,No
21-05-2023,Printer,Office,South,7,7595,969.07,"1,148",ABC1148,1085,34,7,Same Day,3.9,Premium,No,Not Returned,No
17-07-2024,Smartwatch,Electronics,West,1,1142,306.84,"1,149",ABC1149,1142,7,3,Express,3.4,Regular,No,Not Returned,No
18-11-2024,Keyboard,Accessories,North,2,116,13.67,"1,150",ABC1150,58,18,3,Standard,3.6,Regular,Yes,Product Issue,No
06-06-2022,Smartphone,Electronics,East,9,3951,908.13,"1,151",ABC1151,439,34,6,Standard,3,Premium,No,Not Returned,No
21-12-2023,Keyboard,Accessories,East,2,1606,138.96,"1,152",ABC1152,803,8,6,Standard,4.2,Regular,No,Not Returned,No
16-11-2022,Headphones,Accessories,South,3,2025,403,"1,153",ABC1153,675,22,4,Standard,3.7,Regular,No,Not Returned,No
24-07-2023,Smartwatch,Electronics,West,2,2006,235.52,"1,154",ABC1154,1003,29,9,Same Day,2.1,Regular,Yes,Low Rating,No
05-06-2024,Camera,Electronics,South,9,9423,652.06,"1,155",ABC1155,1047,5,4,Express,3.5,Premium,No,Not Returned,No
24-08-2022,Laptop,Electronics,North,4,2276,399.94,"1,156",ABC1156,569,19,9,Express,2.2,Regular,Yes,Low Rating,No
22-08-2022,Monitor,Accessories,West,5,4880,664.06,"1,157",ABC1157,976,13,4,Same Day,3.5,Premium,No,Not Returned,No
18-11-2024,Laptop,Electronics,East,3,1773,183.15,"1,158",ABC1158,591,19,2,Standard,4.7,Regular,No,Not Returned,No
21-01-2023,Smartwatch,Electronics,South,9,2718,195.97,"1,159",ABC1159,302,28,2,Express,4.7,Premium,No,Not Returned,No
07-11-2022,Headphones,Accessories,East,4,3168,939.45,"1,160",ABC1160,792,8,5,Express,3.2,Premium,No,Not Returned,No
31-01-2022,Camera,Electronics,West,2,1716,368.06,"1,161",ABC1161,858,16,4,Same Day,3.1,Regular,No,Not Returned,No
07-02-2024,Smartphone,Electronics,West,2,214,14.08,"1,162",ABC1162,107,10,7,Standard,2.7,Regular,Yes,Product Issue,No
04-06-2024,Camera,Electronics,East,2,2092,366.12,"1,163",ABC1163,1046,28,11,Express,2,Regular,Yes,Low Rating,No
21-03-2024,Headphones,Accessories,West,3,225,46.96,"1,164",ABC1164,75,15,5,Standard,2.9,Regular,Yes,Product Issue,No
26-03-2023,Smartwatch,Electronics,East,1,859,217.67,"1,165",ABC1165,859,17,6,Express,3.2,Regular,No,Not Returned,No
10-04-2022,Printer,Office,West,2,2070,183.41,"1,166",ABC1166,1035,38,10,Same Day,1.1,Regular,Yes,Low Rating,No
10-06-2024,Keyboard,Accessories,South,6,3240,758.19,"1,167",ABC1167,540,29,4,Standard,3.1,Premium,No,Not Returned,No
08-10-2022,Tablet,Electronics,East,2,1748,506.52,"1,168",ABC1168,874,11,12,Same Day,1.7,Regular,Yes,Low Rating,No
06-07-2023,Mouse,Accessories,West,8,2080,108.48,"1,169",ABC1169,260,8,2,Express,4.7,Regular,No,Not Returned,No
18-06-2022,Smartwatch,Electronics,North,3,2193,521.14,"1,170",ABC1170,731,12,10,Same Day,1.8,Regular,Yes,Low Rating,No
08-06-2023,Headphones,Accessories,West,5,2080,614.77,"1,171",ABC1171,416,24,9,Same Day,1,Regular,Yes,Low Rating,No
13-05-2022,Mouse,Accessories,South,5,5070,986.39,"1,172",ABC1172,1014,33,10,Same Day,1.4,Premium,Yes,Low Rating,No
08-03-2024,Laptop,Electronics,South,7,469,47.4,"1,173",ABC1173,67,14,7,Express,3,Regular,Yes,Product Issue,No
08-10-2023,Printer,Office,South,1,802,153.55,"1,174",ABC1174,802,38,4,Standard,2.9,Regular,Yes,Not Returned,No
31-12-2024,Smartphone,Electronics,West,6,930,213.6,"1,175",ABC1175,155,30,3,Same Day,3.8,Regular,No,Not Returned,No
11-03-2022,Smartwatch,Electronics,South,1,495,55.17,"1,176",ABC1176,495,7,10,Standard,2,Regular,Yes,Low Rating,No
01-08-2024,Monitor,Accessories,East,6,4938,847.89,"1,177",ABC1177,823,10,3,Express,3.2,Premium,No,Not Returned,No
21-08-2022,Tablet,Electronics,South,2,1300,267.46,"1,178",ABC1178,650,9,9,Standard,1.2,Regular,Yes,Low Rating,No
11-12-2024,Mouse,Accessories,South,7,2100,131.67,"1,179",ABC1179,300,9,5,Same Day,2.6,Regular,Yes,Not Returned,No
13-03-2024,Camera,Electronics,South,2,2248,636.52,"1,180",ABC1180,1124,27,3,Same Day,4.2,Regular,No,Not Returned,No
05-12-2023,Headphones,Accessories,North,8,7096,991.23,"1,181",ABC1181,887,13,5,Same Day,3.1,Premium,No,Not Returned,No
13-05-2022,Headphones,Accessories,East,3,1992,252.21,"1,182",ABC1182,664,39,2,Same Day,4.8,Regular,No,Not Returned,No
29-01-2022,Camera,Electronics,South,4,4056,1189.26,"1,183",ABC1183,1014,24,11,Same Day,1.4,Premium,Yes,Low Rating,No
22-12-2022,Camera,Electronics,East,2,1986,208.88,"1,184",ABC1184,993,39,4,Same Day,4.6,Regular,No,Not Returned,No
07-04-2024,Printer,Office,East,3,1635,196.73,"1,185",ABC1185,545,22,10,Express,1,Regular,Yes,Low Rating,No
05-03-2022,Smartwatch,Electronics,East,9,3132,443.27,"1,186",ABC1186,348,21,2,Express,4.5,Premium,No,Not Returned,No
21-05-2023,Smartphone,Electronics,South,8,7064,1554.52,"1,187",ABC1187,883,28,2,Express,3.9,Premium,No,Not Returned,No
16-03-2024,Camera,Electronics,East,1,907,249.2,"1,188",ABC1188,907,7,12,Standard,1.3,Regular,Yes,Low Rating,No
14-01-2023,Mouse,Accessories,South,9,7938,1191.41,"1,189",ABC1189,882,36,8,Standard,2.4,Premium,Yes,Low Rating,No
11-11-2023,Printer,Office,South,4,4360,1207.46,"1,190",ABC1190,1090,39,1,Express,4.2,Premium,No,Not Returned,No
19-08-2024,Keyboard,Accessories,West,3,375,95.04,"1,191",ABC1191,125,17,7,Standard,2.6,Regular,Yes,Product Issue,No
24-09-2022,Monitor,Accessories,North,7,826,101.01,"1,192",ABC1192,118,29,5,Standard,3.4,Regular,No,Not Returned,No
04-11-2023,Headphones,Accessories,East,1,1011,186.42,"1,193",ABC1193,1011,13,11,Same Day,1,Regular,Yes,Low Rating,No
09-09-2023,Mouse,Accessories,East,3,807,148.58,"1,194",ABC1194,269,8,8,Same Day,2.7,Regular,Yes,Not Returned,No
17-12-2024,Headphones,Accessories,North,2,1840,367.7,"1,195",ABC1195,920,18,1,Standard,4.2,Regular,No,Not Returned,No
07-02-2022,Keyboard,Accessories,West,5,4550,1039.34,"1,196",ABC1196,910,38,11,Standard,2.4,Premium,Yes,Low Rating,No
07-01-2024,Smartphone,Electronics,North,9,8793,901.7,"1,197",ABC1197,977,15,7,Express,3.1,Premium,No,Not Returned,No
09-07-2024,Headphones,Accessories,North,5,310,32.01,"1,198",ABC1198,62,7,5,Standard,3.5,Regular,Yes,Product Issue,No
28-11-2023,Headphones,Accessories,East,3,1143,275.04,"1,199",ABC1199,381,32,4,Same Day,5,Regular,No,Not Returned,No
10-03-2022,Monitor,Accessories,West,3,2610,740.21,"1,200",ABC1200,870,33,7,Standard,2.5,Premium,Yes,Not Returned,No
31-07-2022,Tablet,Electronics,West,6,1494,269.25,"1,201",ABC1201,249,13,10,Express,2,Regular,Yes,Low Rating,No
05-07-2023,Smartphone,Electronics,North,4,1524,189.32,"1,202",ABC1202,381,7,2,Same Day,4.4,Regular,No,Not Returned,No
21-11-2023,Tablet,Electronics,North,9,9441,2171.42,"1,203",ABC1203,1049,29,12,Same Day,1.4,Premium,Yes,Low Rating,No
18-06-2022,Smartphone,Electronics,South,4,3520,417.26,"1,204",ABC1204,880,38,1,Same Day,5,Premium,No,Not Returned,No
29-03-2023,Tablet,Electronics,West,2,390,103.99,"1,205",ABC1205,195,16,1,Same Day,4.9,Regular,No,Not Returned,No
27-01-2024,Printer,Office,South,3,3219,255.09,"1,206",ABC1206,1073,13,11,Standard,1.9,Premium,Yes,Low Rating,No
29-09-2024,Laptop,Electronics,North,1,450,75.89,"1,207",ABC1207,450,19,12,Express,1,Regular,Yes,Low Rating,No
12-08-2023,Smartwatch,Electronics,South,4,828,216.98,"1,208",ABC1208,207,29,1,Standard,4.6,Regular,No,Not Returned,No
17-01-2022,Printer,Office,East,1,1146,152.79,"1,209",ABC1209,1146,9,12,Standard,1.8,Regular,Yes,Low Rating,No
09-07-2024,Monitor,Accessories,West,3,1986,361.33,"1,210",ABC1210,662,15,5,Same Day,3.6,Regular,No,Not Returned,No
21-03-2023,Smartwatch,Electronics,North,8,7264,1776.83,"1,211",ABC1211,908,38,10,Express,1.8,Premium,Yes,Low Rating,No
08-06-2023,Laptop,Electronics,East,7,7469,915.63,"1,212",ABC1212,1067,28,7,Same Day,2.3,Premium,Yes,Low Rating,No
19-03-2024,Laptop,Electronics,South,5,1385,165.55,"1,213",ABC1213,277,19,2,Standard,4.8,Regular,No,Not Returned,No
13-03-2023,Tablet,Electronics,North,4,4556,315.07,"1,214",ABC1214,1139,12,10,Standard,1.3,Premium,Yes,Low Rating,No
08-02-2024,Monitor,Accessories,North,3,456,61.42,"1,215",ABC1215,152,9,8,Same Day,1.8,Regular,Yes,Low Rating,No
15-11-2024,Monitor,Accessories,North,2,1984,125.13,"1,216",ABC1216,992,30,4,Standard,3.7,Regular,No,Not Returned,No
17-09-2024,Smartwatch,Electronics,North,6,5178,1321.58,"1,217",ABC1217,863,22,12,Standard,1,Premium,Yes,Low Rating,No
11-05-2023,Smartwatch,Electronics,West,1,281,30.51,"1,218",ABC1218,281,10,3,Same Day,4.3,Regular,Yes,Product Issue,No
26-11-2024,Monitor,Accessories,South,9,3033,177.92,"1,219",ABC1219,337,17,10,Standard,1.9,Premium,Yes,Low Rating,No
27-03-2022,Camera,Electronics,East,3,1107,65.88,"1,220",ABC1220,369,32,11,Express,1.2,Regular,Yes,Low Rating,No
10-04-2022,Mouse,Accessories,South,3,1446,356.7,"1,221",ABC1221,482,9,8,Same Day,2.2,Regular,Yes,Low Rating,No
27-07-2024,Printer,Office,North,3,1335,263.04,"1,222",ABC1222,445,17,2,Express,4.3,Regular,No,Not Returned,No
23-01-2023,Mouse,Accessories,South,2,266,20.11,"1,223",ABC1223,133,21,11,Standard,1,Regular,Yes,Low Rating,No
22-04-2024,Smartphone,Electronics,West,6,648,162.3,"1,224",ABC1224,108,36,11,Standard,1.4,Regular,Yes,Low Rating,No
15-03-2023,Tablet,Electronics,South,2,344,80.87,"1,225",ABC1225,172,33,3,Same Day,3.9,Regular,Yes,Product Issue,No
25-05-2024,Smartphone,Electronics,West,6,5724,1640.19,"1,226",ABC1226,954,7,12,Standard,1.1,Premium,Yes,Low Rating,No
16-03-2022,Headphones,Accessories,East,5,4920,323.38,"1,227",ABC1227,984,38,3,Same Day,3.9,Premium,No,Not Returned,No
07-01-2023,Camera,Electronics,West,5,5440,457.04,"1,228",ABC1228,1088,31,10,Same Day,1.5,Premium,Yes,Low Rating,No
25-04-2024,Smartphone,Electronics,West,7,7994,908.65,"1,229",ABC1229,1142,17,11,Same Day,1.5,Premium,Yes,Low Rating,No
23-10-2023,Camera,Electronics,South,9,3780,724.36,"1,230",ABC1230,420,37,1,Same Day,5,Premium,No,Not Returned,No
27-05-2023,Smartphone,Electronics,North,1,1017,209.97,"1,231",ABC1231,1017,10,6,Same Day,2.7,Regular,Yes,Not Returned,No
31-01-2023,Smartphone,Electronics,West,6,1578,82.85,"1,232",ABC1232,263,28,2,Express,4.5,Regular,Yes,Product Issue,No
09-10-2023,Smartphone,Electronics,South,2,912,161.37,"1,233",ABC1233,456,23,1,Same Day,4.9,Regular,No,Not Returned,No
29-04-2024,Laptop,Electronics,West,6,2520,182.59,"1,234",ABC1234,420,20,2,Express,3.7,Premium,No,Not Returned,No
06-12-2024,Mouse,Accessories,East,8,2632,262.55,"1,235",ABC1235,329,32,12,Standard,1.5,Premium,Yes,Low Rating,No
10-07-2023,Monitor,Accessories,West,6,6582,729.68,"1,236",ABC1236,1097,37,6,Same Day,4,Premium,No,Not Returned,No
16-01-2024,Camera,Electronics,East,8,3432,172.69,"1,237",ABC1237,429,17,4,Standard,3.6,Premium,No,Not Returned,No
10-09-2023,Keyboard,Accessories,South,2,1030,254.65,"1,238",ABC1238,515,29,6,Same Day,2.9,Regular,Yes,Not Returned,No
13-10-2022,Mouse,Accessories,West,8,1192,289.91,"1,239",ABC1239,149,31,12,Express,1,Regular,Yes,Low Rating,No
24-07-2024,Printer,Office,West,9,7083,994.47,"1,240",ABC1240,787,11,9,Express,2.3,Premium,Yes,Low Rating,No
22-02-2022,Printer,Office,South,7,3675,227.14,"1,241",ABC1241,525,9,10,Express,1.9,Premium,Yes,Low Rating,No
30-10-2023,Monitor,Accessories,North,4,4740,833.27,"1,242",ABC1242,1185,35,12,Standard,1,Premium,Yes,Low Rating,No
14-04-2024,Headphones,Accessories,East,4,1716,364.96,"1,243",ABC1243,429,27,10,Same Day,1.2,Regular,Yes,Low Rating,No
07-02-2023,Printer,Office,South,7,3528,260.06,"1,244",ABC1244,504,14,8,Standard,2.6,Premium,Yes,Not Returned,No
22-06-2022,Camera,Electronics,South,3,777,71.72,"1,245",ABC1245,259,36,1,Express,4.6,Regular,Yes,Product Issue,No
29-04-2022,Camera,Electronics,East,4,3368,558.93,"1,246",ABC1246,842,34,8,Standard,1.8,Premium,Yes,Low Rating,No
11-10-2022,Tablet,Electronics,North,4,4240,251.46,"1,247",ABC1247,1060,35,9,Express,2.8,Premium,Yes,Late Delivery,No
15-04-2022,Laptop,Electronics,South,3,3285,292.87,"1,248",ABC1248,1095,22,6,Express,2.6,Premium,Yes,Not Returned,No
14-01-2023,Smartphone,Electronics,South,6,4872,612.73,"1,249",ABC1249,812,6,10,Express,1.7,Premium,Yes,Low Rating,No
24-08-2022,Smartphone,Electronics,East,9,2466,638.41,"1,250",ABC1250,274,18,5,Same Day,3.2,Premium,No,Not Returned,No
26-10-2024,Tablet,Electronics,West,5,2465,497.19,"1,251",ABC1251,493,17,6,Same Day,2.5,Premium,Yes,Not Returned,No
15-05-2023,Tablet,Electronics,North,3,612,40.15,"1,252",ABC1252,204,33,6,Express,3.1,Regular,Yes,Product Issue,No
25-10-2022,Tablet,Electronics,South,5,4170,658.98,"1,253",ABC1253,834,16,9,Standard,2.2,Premium,Yes,Low Rating,No
13-03-2023,Camera,Electronics,South,8,1088,160.33,"1,254",ABC1254,136,6,4,Standard,3.4,Regular,No,Not Returned,No
30-07-2024,Keyboard,Accessories,West,2,1626,354.49,"1,255",ABC1255,813,36,2,Same Day,4.2,Regular,No,Not Returned,No
06-11-2023,Smartphone,Electronics,North,6,6486,359.49,"1,256",ABC1256,1081,17,11,Express,1.6,Premium,Yes,Low Rating,No
14-12-2022,Monitor,Accessories,West,8,6968,1226.22,"1,257",ABC1257,871,31,11,Standard,1,Premium,Yes,Low Rating,No
03-01-2024,Smartphone,Electronics,North,1,357,82.86,"1,258",ABC1258,357,21,9,Express,1.6,Regular,Yes,Low Rating,No
17-02-2024,Laptop,Electronics,South,1,454,58.4,"1,259",ABC1259,454,35,2,Standard,4.4,Regular,Yes,Product Issue,No
04-04-2024,Tablet,Electronics,East,3,3582,501.47,"1,260",ABC1260,1194,38,10,Same Day,1.4,Premium,Yes,Low Rating,No
25-06-2024,Tablet,Electronics,West,9,3762,484.75,"1,261",ABC1261,418,28,9,Express,1.7,Premium,Yes,Low Rating,No
31-10-2024,Smartwatch,Electronics,South,9,6642,394.48,"1,262",ABC1262,738,39,2,Express,4.8,Premium,No,Not Returned,No
25-09-2024,Monitor,Accessories,West,4,408,45.2,"1,263",ABC1263,102,10,12,Standard,1,Regular,Yes,Low Rating,No
08-03-2024,Tablet,Electronics,West,1,105,25.26,"1,264",ABC1264,105,23,8,Standard,3.3,Regular,Yes,Product Issue,No
04-05-2024,Tablet,Electronics,West,3,2682,584.69,"1,265",ABC1265,894,34,9,Standard,1.1,Premium,Yes,Low Rating,No
11-07-2022,Keyboard,Accessories,East,7,497,76.31,"1,266",ABC1266,71,11,12,Express,1,Regular,Yes,Low Rating,No
19-08-2022,Printer,Office,South,7,4823,420.58,"1,267",ABC1267,689,14,10,Same Day,2.1,Premium,Yes,Low Rating,No
01-10-2024,Smartwatch,Electronics,North,8,4048,666.1,"1,268",ABC1268,506,36,9,Same Day,1.5,Premium,Yes,Low Rating,No
19-10-2023,Printer,Office,South,7,2758,459.02,"1,269",ABC1269,394,38,10,Standard,1.2,Premium,Yes,Low Rating,No
23-12-2022,Smartphone,Electronics,North,8,4096,266.35,"1,270",ABC1270,512,32,9,Same Day,2.5,Premium,Yes,Late Delivery,No
11-10-2024,Printer,Office,North,8,7264,1318,"1,271",ABC1271,908,19,2,Standard,4.1,Premium,No,Not Returned,No
09-04-2022,Mouse,Accessories,East,6,4302,957.38,"1,272",ABC1272,717,34,4,Same Day,4.1,Premium,No,Not Returned,No
03-03-2022,Printer,Office,North,7,3297,583.86,"1,273",ABC1273,471,33,7,Express,2.4,Premium,Yes,Low Rating,No
27-01-2023,Printer,Office,North,5,5960,1139.78,"1,274",ABC1274,1192,26,12,Standard,1.2,Premium,Yes,Low Rating,No
22-01-2024,Keyboard,Accessories,West,1,386,114.9,"1,275",ABC1275,386,8,2,Same Day,4.1,Regular,No,Not Returned,No
20-01-2022,Printer,Office,West,1,684,170.36,"1,276",ABC1276,684,24,1,Express,4.2,Regular,No,Not Returned,No
15-06-2022,Laptop,Electronics,South,3,1275,168.64,"1,277",ABC1277,425,36,3,Same Day,4.9,Regular,No,Not Returned,No
18-05-2023,Mouse,Accessories,North,9,5949,368.51,"1,278",ABC1278,661,8,12,Express,1.6,Premium,Yes,Low Rating,No
06-02-2023,Camera,Electronics,East,7,5159,755.22,"1,279",ABC1279,737,31,4,Express,3.3,Premium,No,Not Returned,No
01-07-2022,Monitor,Accessories,North,4,1100,127.13,"1,280",ABC1280,275,21,8,Same Day,2.2,Regular,Yes,Low Rating,No
26-01-2024,Mouse,Accessories,South,2,290,50.23,"1,281",ABC1281,145,16,6,Same Day,3.7,Regular,Yes,Product Issue,No
05-08-2023,Smartwatch,Electronics,East,8,7144,492.1,"1,282",ABC1282,893,26,11,Express,1,Premium,Yes,Low Rating,No
09-08-2022,Keyboard,Accessories,West,5,4200,330.48,"1,283",ABC1283,840,21,2,Express,3.9,Premium,No,Not Returned,No
08-02-2022,Monitor,Accessories,North,6,5022,291.89,"1,284",ABC1284,837,14,9,Express,2.2,Premium,Yes,Low Rating,No
13-12-2024,Smartphone,Electronics,West,2,2354,371.34,"1,285",ABC1285,1177,5,2,Standard,5,Premium,No,Not Returned,No
10-10-2024,Smartphone,Electronics,South,2,2032,149.7,"1,286",ABC1286,1016,26,12,Express,1,Regular,Yes,Low Rating,No
15-10-2024,Printer,Office,South,8,9528,1942.35,"1,287",ABC1287,1191,30,5,Standard,3.9,Premium,No,Not Returned,No
25-05-2024,Keyboard,Accessories,South,2,2372,275.88,"1,288",ABC1288,1186,22,12,Express,1,Premium,Yes,Low Rating,No
14-02-2022,Laptop,Electronics,West,3,2703,609.75,"1,289",ABC1289,901,18,4,Standard,3.8,Premium,No,Not Returned,No
04-05-2023,Laptop,Electronics,South,4,1264,267.82,"1,290",ABC1290,316,33,7,Express,2.5,Regular,Yes,Not Returned,No
21-05-2024,Smartphone,Electronics,South,4,1624,333.74,"1,291",ABC1291,406,16,8,Express,3.3,Regular,No,Not Returned,No
14-05-2023,Mouse,Accessories,West,8,2976,507.77,"1,292",ABC1292,372,39,5,Express,4.1,Premium,No,Not Returned,No
02-07-2024,Headphones,Accessories,West,6,4998,863.82,"1,293",ABC1293,833,16,10,Same Day,2.8,Premium,Yes,Late Delivery,No
18-04-2024,Printer,Office,South,1,445,29.57,"1,294",ABC1294,445,11,5,Same Day,3,Regular,Yes,Product Issue,No
20-10-2022,Printer,Office,West,1,98,28.57,"1,295",ABC1295,98,33,2,Express,4.4,Regular,Yes,Product Issue,No
22-08-2022,Tablet,Electronics,North,7,4102,354.03,"1,296",ABC1296,586,15,8,Standard,2.5,Premium,Yes,Not Returned,No
11-01-2022,Printer,Office,North,1,1016,171.31,"1,297",ABC1297,1016,37,2,Standard,4,Regular,No,Not Returned,No
18-08-2023,Headphones,Accessories,South,4,1960,234.88,"1,298",ABC1298,490,10,10,Express,1.7,Regular,Yes,Low Rating,No
15-09-2024,Mouse,Accessories,West,7,2751,675.95,"1,299",ABC1299,393,19,12,Same Day,1.5,Premium,Yes,Low Rating,No
15-07-2022,Smartphone,Electronics,East,7,4032,742.98,"1,300",ABC1300,576,36,6,Standard,2.7,Premium,Yes,Not Returned,No
28-07-2024,Smartphone,Electronics,West,7,5978,1791.25,"1,301",ABC1301,854,15,8,Same Day,2,Premium,Yes,Low Rating,No
16-12-2023,Headphones,Accessories,West,7,8050,2129.97,"1,302",ABC1302,1150,27,6,Standard,2.6,Premium,Yes,Not Returned,No
24-05-2024,Monitor,Accessories,East,7,4648,1240.98,"1,303",ABC1303,664,30,4,Express,3,Premium,No,Not Returned,No
14-06-2022,Smartphone,Electronics,North,3,1119,108.68,"1,304",ABC1304,373,38,4,Same Day,4.1,Regular,No,Not Returned,No
14-06-2023,Printer,Office,South,9,2178,382.67,"1,305",ABC1305,242,38,6,Standard,2.6,Regular,Yes,Not Returned,No
11-12-2024,Laptop,Electronics,East,1,918,180.31,"1,306",ABC1306,918,33,4,Express,3.3,Regular,No,Not Returned,No
05-02-2023,Smartphone,Electronics,East,9,6903,837.35,"1,307",ABC1307,767,8,8,Express,2.6,Premium,Yes,Not Returned,No
21-08-2023,Keyboard,Accessories,North,5,4855,534.23,"1,308",ABC1308,971,21,9,Express,2,Premium,Yes,Low Rating,No
18-12-2023,Camera,Electronics,South,2,2158,483.94,"1,309",ABC1309,1079,39,1,Same Day,4.4,Regular,No,Not Returned,No
13-04-2023,Mouse,Accessories,North,7,4550,1077.8,"1,310",ABC1310,650,17,4,Same Day,4.1,Premium,No,Not Returned,No
24-09-2023,Tablet,Electronics,West,4,3592,249.54,"1,311",ABC1311,898,19,4,Express,3.4,Premium,No,Not Returned,No
19-12-2022,Tablet,Electronics,South,8,3488,943.25,"1,312",ABC1312,436,33,2,Same Day,3.2,Premium,No,Not Returned,No
21-05-2022,Monitor,Accessories,North,2,1214,163.8,"1,313",ABC1313,607,33,6,Standard,3.7,Regular,No,Not Returned,No
21-09-2024,Mouse,Accessories,West,9,7200,1469.23,"1,314",ABC1314,800,15,3,Express,3.6,Premium,No,Not Returned,No
24-03-2023,Laptop,Electronics,East,8,1808,339.31,"1,315",ABC1315,226,36,7,Express,2.3,Regular,Yes,Low Rating,No
29-12-2022,Camera,Electronics,West,9,7083,560.88,"1,316",ABC1316,787,6,11,Same Day,1,Premium,Yes,Low Rating,No
05-06-2024,Monitor,Accessories,East,4,1060,260.21,"1,317",ABC1317,265,18,11,Express,1.4,Regular,Yes,Low Rating,No
17-11-2022,Smartwatch,Electronics,South,9,7182,461.61,"1,318",ABC1318,798,24,5,Standard,3.2,Premium,No,Not Returned,No
07-05-2024,Smartphone,Electronics,West,6,5532,552.74,"1,319",ABC1319,922,26,4,Same Day,4.2,Premium,No,Not Returned,No
23-08-2024,Headphones,Accessories,South,8,1800,326.03,"1,320",ABC1320,225,15,5,Same Day,4.2,Regular,No,Not Returned,No
17-12-2023,Headphones,Accessories,South,1,351,32.61,"1,321",ABC1321,351,31,8,Express,2,Regular,Yes,Low Rating,No
10-11-2022,Smartwatch,Electronics,West,2,1200,191.43,"1,322",ABC1322,600,7,3,Express,3.5,Regular,No,Not Returned,No
01-12-2023,Tablet,Electronics,South,9,1593,322.46,"1,323",ABC1323,177,21,7,Express,2.4,Regular,Yes,Low Rating,No
15-12-2024,Monitor,Accessories,East,3,2580,448.02,"1,324",ABC1324,860,32,6,Same Day,3.2,Premium,No,Not Returned,No
12-03-2022,Keyboard,Accessories,East,6,6780,1794.97,"1,325",ABC1325,1130,33,12,Express,1,Premium,Yes,Low Rating,No
25-03-2022,Smartphone,Electronics,South,2,1298,204.08,"1,326",ABC1326,649,25,1,Standard,4.4,Regular,No,Not Returned,No
24-12-2024,Smartwatch,Electronics,South,7,4585,383.97,"1,327",ABC1327,655,20,7,Express,2,Premium,Yes,Low Rating,No
16-04-2023,Tablet,Electronics,North,1,516,70.53,"1,328",ABC1328,516,24,7,Express,1.6,Regular,Yes,Low Rating,No
14-05-2024,Tablet,Electronics,West,4,1780,420.28,"1,329",ABC1329,445,10,12,Same Day,1,Regular,Yes,Low Rating,No
07-11-2022,Keyboard,Accessories,North,5,365,94.05,"1,330",ABC1330,73,23,1,Express,5,Regular,Yes,Product Issue,No
26-02-2023,Tablet,Electronics,South,8,3896,735.66,"1,331",ABC1331,487,9,9,Same Day,2.2,Premium,Yes,Low Rating,No
28-04-2024,Laptop,Electronics,South,1,636,169.24,"1,332",ABC1332,636,7,6,Express,2.9,Regular,Yes,Not Returned,No
27-07-2024,Monitor,Accessories,East,7,637,87.86,"1,333",ABC1333,91,5,12,Standard,1.4,Regular,Yes,Low Rating,No
26-09-2023,Keyboard,Accessories,South,3,1302,180.82,"1,334",ABC1334,434,19,2,Standard,3.7,Regular,No,Not Returned,No
24-08-2024,Smartphone,Electronics,West,1,719,40.42,"1,335",ABC1335,719,38,5,Same Day,3.4,Regular,Yes,Product Issue,No
08-08-2023,Camera,Electronics,West,6,5106,1341.93,"1,336",ABC1336,851,39,11,Same Day,1,Premium,Yes,Low Rating,No
11-07-2023,Mouse,Accessories,West,3,1215,129.8,"1,337",ABC1337,405,29,4,Express,3.8,Regular,No,Not Returned,No
23-05-2024,Camera,Electronics,East,9,1791,187.28,"1,338",ABC1338,199,28,7,Express,2.8,Regular,Yes,Not Returned,No
30-09-2023,Printer,Office,East,9,6255,452.46,"1,339",ABC1339,695,16,8,Standard,2.5,Premium,Yes,Not Returned,No
02-05-2023,Printer,Office,East,5,4165,1012.37,"1,340",ABC1340,833,22,11,Express,1.9,Premium,Yes,Low Rating,No
31-12-2023,Monitor,Accessories,South,5,5990,1192.11,"1,341",ABC1341,1198,19,11,Standard,1.7,Premium,Yes,Low Rating,No
01-12-2023,Tablet,Electronics,South,1,847,142.74,"1,342",ABC1342,847,20,1,Same Day,4.1,Regular,No,Not Returned,No
04-02-2024,Camera,Electronics,East,8,688,131.26,"1,343",ABC1343,86,31,5,Express,3.9,Regular,No,Not Returned,No
24-06-2023,Tablet,Electronics,East,2,1188,286.38,"1,344",ABC1344,594,12,3,Same Day,3.9,Regular,No,Not Returned,No
20-08-2023,Camera,Electronics,North,7,3101,926.09,"1,345",ABC1345,443,29,1,Express,3.7,Premium,No,Not Returned,No
30-12-2024,Headphones,Accessories,West,9,8703,1562.88,"1,346",ABC1346,967,21,12,Standard,1,Premium,Yes,Low Rating,No
29-10-2024,Printer,Office,West,9,9324,2416.93,"1,347",ABC1347,1036,33,3,Same Day,4.3,Premium,No,Not Returned,No
20-09-2024,Laptop,Electronics,North,1,749,68.17,"1,348",ABC1348,749,12,6,Same Day,2.5,Regular,Yes,Product Issue,No
17-11-2024,Smartwatch,Electronics,West,4,3224,871.53,"1,349",ABC1349,806,19,7,Express,3.3,Premium,No,Not Returned,No
01-10-2023,Monitor,Accessories,South,3,459,40.96,"1,350",ABC1350,153,31,8,Same Day,1.9,Regular,Yes,Low Rating,No
24-12-2024,Smartwatch,Electronics,East,7,5726,976.14,"1,351",ABC1351,818,11,11,Standard,1.1,Premium,Yes,Low Rating,No
20-04-2022,Keyboard,Accessories,West,4,616,175.75,"1,352",ABC1352,154,7,4,Same Day,3.3,Regular,No,Not Returned,No
24-12-2024,Laptop,Electronics,North,2,1584,406.25,"1,353",ABC1353,792,33,3,Same Day,3.1,Regular,No,Not Returned,No
24-06-2023,Laptop,Electronics,East,5,3205,368.41,"1,354",ABC1354,641,28,5,Express,2.8,Premium,Yes,Not Returned,No
18-09-2024,Printer,Office,East,1,958,186.76,"1,355",ABC1355,958,7,9,Same Day,1.6,Regular,Yes,Low Rating,No
18-12-2023,Laptop,Electronics,East,9,5139,1315.93,"1,356",ABC1356,571,24,6,Express,2.9,Premium,Yes,Not Returned,No
09-11-2024,Smartphone,Electronics,West,5,3795,239.15,"1,357",ABC1357,759,19,9,Express,1,Premium,Yes,Low Rating,No
03-03-2024,Camera,Electronics,East,2,810,229.33,"1,358",ABC1358,405,29,6,Same Day,3.4,Regular,No,Not Returned,No
11-05-2024,Camera,Electronics,South,6,5106,1500.2,"1,359",ABC1359,851,34,2,Standard,4.7,Premium,No,Not Returned,No
30-06-2024,Monitor,Accessories,West,2,798,79.25,"1,360",ABC1360,399,18,5,Express,3.9,Regular,Yes,Product Issue,No
22-02-2022,Laptop,Electronics,West,5,3165,895.33,"1,361",ABC1361,633,11,12,Same Day,1,Premium,Yes,Low Rating,No
21-09-2023,Tablet,Electronics,East,5,5935,875.84,"1,362",ABC1362,1187,21,11,Express,1.2,Premium,Yes,Low Rating,No
27-06-2022,Keyboard,Accessories,South,4,3352,663.15,"1,363",ABC1363,838,24,9,Standard,2.5,Premium,Yes,Late Delivery,No
29-01-2024,Smartphone,Electronics,West,9,8343,821,"1,364",ABC1364,927,13,8,Standard,2.8,Premium,Yes,Not Returned,No
25-05-2022,Monitor,Accessories,East,4,2604,411.38,"1,365",ABC1365,651,26,7,Express,3.4,Premium,No,Not Returned,No
28-10-2023,Headphones,Accessories,West,1,526,108.88,"1,366",ABC1366,526,6,1,Standard,4.7,Regular,No,Not Returned,No
12-11-2023,Monitor,Accessories,West,9,5220,1324.01,"1,367",ABC1367,580,28,4,Same Day,3.6,Premium,No,Not Returned,No
12-11-2023,Printer,Office,North,9,1737,152.98,"1,368",ABC1368,193,12,12,Same Day,1,Regular,Yes,Low Rating,No
24-10-2022,Mouse,Accessories,West,6,3186,841.04,"1,369",ABC1369,531,15,7,Express,3.2,Premium,No,Not Returned,No
13-01-2023,Smartphone,Electronics,West,6,7014,1202.25,"1,370",ABC1370,1169,17,11,Standard,1.1,Premium,Yes,Low Rating,No
17-01-2023,Mouse,Accessories,South,9,3411,444.87,"1,371",ABC1371,379,21,7,Same Day,2.7,Premium,Yes,Not Returned,No
20-01-2022,Monitor,Accessories,East,1,513,87.58,"1,372",ABC1372,513,12,6,Same Day,3,Regular,Yes,Product Issue,No
05-07-2022,Smartphone,Electronics,West,1,1104,277.85,"1,373",ABC1373,1104,25,8,Same Day,1.1,Regular,Yes,Low Rating,No
11-08-2022,Smartphone,Electronics,East,9,2718,271.51,"1,374",ABC1374,302,22,11,Express,1,Premium,Yes,Low Rating,No
14-05-2023,Headphones,Accessories,North,6,1662,416.3,"1,375",ABC1375,277,34,6,Express,3.2,Regular,No,Not Returned,No
16-12-2023,Mouse,Accessories,West,5,1700,360.59,"1,376",ABC1376,340,22,10,Same Day,1.6,Regular,Yes,Low Rating,No
06-12-2024,Tablet,Electronics,South,4,2932,597.65,"1,377",ABC1377,733,35,3,Same Day,4.2,Premium,No,Not Returned,No
13-10-2023,Mouse,Accessories,North,4,3604,971.14,"1,378",ABC1378,901,36,4,Standard,4.1,Premium,No,Not Returned,No
26-03-2024,Camera,Electronics,West,4,4596,553.58,"1,379",ABC1379,1149,15,3,Standard,3.6,Premium,No,Not Returned,No
05-04-2024,Smartwatch,Electronics,East,6,930,68.24,"1,380",ABC1380,155,29,1,Standard,4.4,Regular,Yes,Product Issue,No
24-06-2023,Tablet,Electronics,North,3,2790,470.93,"1,381",ABC1381,930,37,10,Express,1.6,Premium,Yes,Low Rating,No
22-05-2022,Smartphone,Electronics,North,6,4596,1162.75,"1,382",ABC1382,766,12,5,Same Day,3.7,Premium,No,Not Returned,No
15-10-2023,Keyboard,Accessories,South,1,962,260.28,"1,383",ABC1383,962,15,1,Express,4.5,Regular,No,Not Returned,No
23-10-2024,Smartphone,Electronics,North,1,92,14.88,"1,384",ABC1384,92,26,1,Same Day,3.8,Regular,Yes,Product Issue,No
29-09-2024,Keyboard,Accessories,North,5,1130,254.99,"1,385",ABC1385,226,28,2,Standard,4.2,Regular,No,Not Returned,No
29-04-2024,Headphones,Accessories,East,6,6024,1706.41,"1,386",ABC1386,1004,21,4,Standard,4,Premium,No,Not Returned,No
16-01-2024,Printer,Office,South,1,879,135,"1,387",ABC1387,879,16,6,Standard,3.7,Regular,No,Not Returned,No
06-06-2022,Monitor,Accessories,East,8,2384,444.98,"1,388",ABC1388,298,36,8,Standard,2.5,Premium,Yes,Not Returned,No
25-12-2024,Camera,Electronics,South,4,4644,277.26,"1,389",ABC1389,1161,19,3,Same Day,3.3,Premium,No,Not Returned,No
04-04-2024,Keyboard,Accessories,East,1,607,79.78,"1,390",ABC1390,607,20,1,Standard,4.5,Regular,Yes,Product Issue,No
29-09-2022,Mouse,Accessories,South,7,770,129.11,"1,391",ABC1391,110,26,3,Same Day,4.2,Regular,No,Not Returned,No
06-11-2022,Keyboard,Accessories,South,1,711,158.89,"1,392",ABC1392,711,32,12,Same Day,1.4,Regular,Yes,Low Rating,No
02-08-2023,Keyboard,Accessories,South,2,1088,235.83,"1,393",ABC1393,544,24,3,Express,4.3,Regular,No,Not Returned,No
05-03-2024,Laptop,Electronics,East,7,4704,513.14,"1,394",ABC1394,672,37,5,Standard,3.2,Premium,No,Not Returned,No
15-12-2022,Laptop,Electronics,East,5,660,90.86,"1,395",ABC1395,132,14,11,Standard,1.8,Regular,Yes,Low Rating,No
25-11-2022,Headphones,Accessories,South,5,4680,516.26,"1,396",ABC1396,936,36,12,Express,1,Premium,Yes,Low Rating,No
06-10-2022,Camera,Electronics,East,7,6797,665.29,"1,397",ABC1397,971,37,12,Same Day,1.1,Premium,Yes,Low Rating,No
11-12-2024,Mouse,Accessories,North,9,558,38.86,"1,398",ABC1398,62,6,4,Standard,4,Regular,Yes,Product Issue,No
13-09-2023,Monitor,Accessories,East,4,4496,1115.75,"1,399",ABC1399,1124,37,4,Same Day,4,Premium,No,Not Returned,No
28-05-2022,Keyboard,Accessories,South,1,713,62.78,"1,400",ABC1400,713,37,9,Express,2.3,Regular,Yes,Low Rating,No
17-08-2022,Camera,Electronics,East,2,1310,212.43,"1,401",ABC1401,655,17,7,Same Day,3,Regular,No,Not Returned,No
31-10-2024,Keyboard,Accessories,West,9,2853,564.05,"1,402",ABC1402,317,34,4,Standard,3.1,Premium,No,Not Returned,No
20-11-2023,Camera,Electronics,South,2,2324,516.06,"1,403",ABC1403,1162,37,3,Same Day,4,Regular,No,Not Returned,No
16-04-2024,Laptop,Electronics,North,1,330,53.42,"1,404",ABC1404,330,17,6,Same Day,2.5,Regular,Yes,Product Issue,No
22-09-2023,Camera,Electronics,South,3,588,100.52,"1,405",ABC1405,196,30,3,Standard,3.9,Regular,No,Not Returned,No
07-05-2024,Smartphone,Electronics,East,1,63,11.91,"1,406",ABC1406,63,26,6,Standard,2.4,Regular,Yes,Low Rating,No
15-03-2022,Tablet,Electronics,East,7,847,147.71,"1,407",ABC1407,121,6,11,Same Day,1.5,Regular,Yes,Low Rating,No
28-06-2024,Printer,Office,East,1,1037,56.89,"1,408",ABC1408,1037,30,11,Same Day,1,Regular,Yes,Low Rating,No
06-01-2024,Mouse,Accessories,North,1,373,72.17,"1,409",ABC1409,373,19,12,Express,1.3,Regular,Yes,Low Rating,No
20-12-2023,Laptop,Electronics,North,1,1176,157.47,"1,410",ABC1410,1176,38,9,Standard,2,Regular,Yes,Low Rating,No
11-01-2022,Smartphone,Electronics,East,3,2139,422.52,"1,411",ABC1411,713,15,6,Same Day,4,Regular,No,Not Returned,No
11-12-2024,Monitor,Accessories,West,9,4140,301.12,"1,412",ABC1412,460,7,12,Standard,1,Premium,Yes,Low Rating,No
13-01-2024,Laptop,Electronics,North,1,1038,63.23,"1,413",ABC1413,1038,10,4,Express,3.6,Regular,Yes,Product Issue,No
28-07-2024,Monitor,Accessories,East,8,2024,203.11,"1,414",ABC1414,253,13,5,Same Day,3.7,Regular,No,Not Returned,No
15-04-2022,Smartwatch,Electronics,South,6,6624,1136.09,"1,415",ABC1415,1104,10,6,Same Day,2.9,Premium,Yes,Not Returned,No
23-09-2023,Smartwatch,Electronics,East,7,5019,1154.79,"1,416",ABC1416,717,13,11,Same Day,1.5,Premium,Yes,Low Rating,No
15-04-2024,Smartphone,Electronics,East,5,750,207.77,"1,417",ABC1417,150,35,3,Standard,4.5,Regular,No,Not Returned,No
23-03-2023,Camera,Electronics,North,7,6461,1455.36,"1,418",ABC1418,923,36,8,Express,2.2,Premium,Yes,Low Rating,No
04-11-2023,Tablet,Electronics,West,6,2946,208.01,"1,419",ABC1419,491,16,4,Standard,4.3,Premium,No,Not Returned,No
24-05-2024,Monitor,Accessories,South,1,618,81.04,"1,420",ABC1420,618,12,8,Same Day,1.5,Regular,Yes,Low Rating,No
27-03-2022,Printer,Office,South,2,1774,322.49,"1,421",ABC1421,887,12,10,Express,2.5,Regular,Yes,Late Delivery,No
11-05-2022,Camera,Electronics,East,9,8586,700.37,"1,422",ABC1422,954,32,10,Same Day,1,Premium,Yes,Low Rating,No
13-02-2024,Laptop,Electronics,South,5,2000,232.41,"1,423",ABC1423,400,24,3,Same Day,4.7,Regular,No,Not Returned,No
16-02-2023,Mouse,Accessories,East,1,849,205.88,"1,424",ABC1424,849,11,10,Standard,1,Regular,Yes,Low Rating,No
13-08-2023,Mouse,Accessories,East,6,3186,374.63,"1,425",ABC1425,531,15,7,Same Day,3.7,Premium,No,Not Returned,No
15-05-2024,Monitor,Accessories,South,4,2536,495.13,"1,426",ABC1426,634,24,11,Express,1.4,Premium,Yes,Low Rating,No
09-05-2024,Smartwatch,Electronics,South,2,1306,228.41,"1,427",ABC1427,653,20,12,Same Day,1,Regular,Yes,Low Rating,No
02-05-2022,Tablet,Electronics,East,3,2508,631.85,"1,428",ABC1428,836,8,9,Same Day,2.9,Premium,Yes,Late Delivery,No
13-07-2024,Tablet,Electronics,North,8,1048,107.56,"1,429",ABC1429,131,10,4,Standard,3.1,Regular,No,Not Returned,No
19-11-2022,Keyboard,Accessories,East,4,1516,256.96,"1,430",ABC1430,379,26,8,Express,2.2,Regular,Yes,Low Rating,No
04-03-2024,Smartphone,Electronics,West,9,10458,1835.21,"1,431",ABC1431,1162,30,3,Standard,5,Premium,No,Not Returned,No
20-05-2024,Headphones,Accessories,East,9,2754,259.16,"1,432",ABC1432,306,7,7,Same Day,2.9,Premium,Yes,Not Returned,No
28-09-2022,Printer,Office,West,4,3432,364.27,"1,433",ABC1433,858,18,3,Standard,3,Premium,No,Not Returned,No
25-12-2022,Monitor,Accessories,South,2,1234,257.89,"1,434",ABC1434,617,15,12,Standard,1,Regular,Yes,Low Rating,No
30-07-2022,Monitor,Accessories,East,1,847,146.25,"1,435",ABC1435,847,22,7,Standard,2.5,Regular,Yes,Not Returned,No
23-10-2022,Keyboard,Accessories,South,7,7672,896.11,"1,436",ABC1436,1096,16,11,Standard,1.4,Premium,Yes,Low Rating,No
04-04-2024,Monitor,Accessories,North,9,7596,1454.15,"1,437",ABC1437,844,27,10,Same Day,1.6,Premium,Yes,Low Rating,No
02-11-2024,Keyboard,Accessories,East,7,7252,1357.27,"1,438",ABC1438,1036,16,10,Same Day,1.9,Premium,Yes,Low Rating,No
05-12-2024,Smartwatch,Electronics,West,6,732,136.59,"1,439",ABC1439,122,17,11,Express,1,Regular,Yes,Low Rating,No
27-06-2023,Smartphone,Electronics,West,1,173,20.96,"1,440",ABC1440,173,29,11,Standard,1.1,Regular,Yes,Low Rating,No
18-03-2023,Camera,Electronics,North,3,2805,749.5,"1,441",ABC1441,935,23,6,Standard,3.2,Premium,No,Not Returned,No
18-09-2023,Smartphone,Electronics,West,8,7048,391.96,"1,442",ABC1442,881,12,2,Express,4,Premium,No,Not Returned,No
16-08-2024,Mouse,Accessories,East,6,4698,1020.11,"1,443",ABC1443,783,33,11,Standard,1.9,Premium,Yes,Low Rating,No
17-01-2024,Smartwatch,Electronics,South,1,565,148.79,"1,444",ABC1444,565,36,3,Express,3.6,Regular,No,Not Returned,No
17-06-2023,Monitor,Accessories,North,1,672,198.75,"1,445",ABC1445,672,22,6,Same Day,3.1,Regular,No,Not Returned,No
24-07-2022,Camera,Electronics,South,6,2604,566.34,"1,446",ABC1446,434,10,4,Express,3.6,Premium,No,Not Returned,No
31-05-2024,Tablet,Electronics,West,6,5124,501.5,"1,447",ABC1447,854,22,6,Standard,2.5,Premium,Yes,Not Returned,No
14-08-2022,Smartwatch,Electronics,West,5,2455,714.35,"1,448",ABC1448,491,23,1,Express,4.7,Premium,No,Not Returned,No
01-03-2022,Printer,Office,North,2,1796,225.15,"1,449",ABC1449,898,26,10,Same Day,1,Regular,Yes,Low Rating,No
25-01-2022,Laptop,Electronics,South,1,288,61.85,"1,450",ABC1450,288,36,12,Standard,1,Regular,Yes,Low Rating,No
23-07-2023,Laptop,Electronics,North,5,2160,553.41,"1,451",ABC1451,432,7,1,Same Day,4.7,Regular,No,Not Returned,No
10-03-2022,Tablet,Electronics,West,1,105,27.36,"1,452",ABC1452,105,32,3,Same Day,3.3,Regular,Yes,Product Issue,No
05-05-2023,Monitor,Accessories,South,9,7578,1596.64,"1,453",ABC1453,842,14,8,Express,2.6,Premium,Yes,Not Returned,No
10-03-2023,Headphones,Accessories,South,1,365,50.1,"1,454",ABC1454,365,39,8,Same Day,2.5,Regular,Yes,Product Issue,No
23-04-2024,Camera,Electronics,West,8,3752,537.98,"1,455",ABC1455,469,33,11,Standard,1.6,Premium,Yes,Low Rating,No
21-08-2024,Keyboard,Accessories,North,2,1384,316.21,"1,456",ABC1456,692,19,4,Same Day,3.7,Regular,No,Not Returned,No
21-02-2023,Smartphone,Electronics,West,5,475,76.22,"1,457",ABC1457,95,37,6,Same Day,2.4,Regular,Yes,Low Rating,No
09-01-2023,Printer,Office,West,4,1116,242.31,"1,458",ABC1458,279,11,8,Express,2.3,Regular,Yes,Low Rating,No
24-08-2023,Smartphone,Electronics,West,1,137,39.35,"1,459",ABC1459,137,16,7,Same Day,3,Regular,Yes,Product Issue,No
12-01-2022,Headphones,Accessories,South,6,738,158.96,"1,460",ABC1460,123,34,11,Express,1,Regular,Yes,Low Rating,No
09-10-2023,Camera,Electronics,West,3,1821,543.01,"1,461",ABC1461,607,25,7,Express,2.1,Regular,Yes,Low Rating,No
22-04-2022,Keyboard,Accessories,West,7,3654,670.16,"1,462",ABC1462,522,35,4,Standard,3.5,Premium,No,Not Returned,No
14-07-2024,Keyboard,Accessories,East,6,2592,404.89,"1,463",ABC1463,432,28,9,Standard,1.8,Premium,Yes,Low Rating,No
25-04-2022,Camera,Electronics,East,6,996,225.75,"1,464",ABC1464,166,24,12,Standard,1,Regular,Yes,Low Rating,No
10-07-2024,Mouse,Accessories,North,1,693,62.75,"1,465",ABC1465,693,8,10,Standard,1.5,Regular,Yes,Low Rating,No
24-10-2023,Keyboard,Accessories,East,3,513,48.23,"1,466",ABC1466,171,32,6,Express,3.1,Regular,Yes,Product Issue,No
17-05-2024,Smartwatch,Electronics,East,8,5736,937.62,"1,467",ABC1467,717,24,12,Same Day,1.6,Premium,Yes,Low Rating,No
06-04-2023,Mouse,Accessories,East,2,1458,208.93,"1,468",ABC1468,729,28,11,Standard,1.6,Regular,Yes,Low Rating,No
03-12-2022,Smartphone,Electronics,East,8,5496,1104.93,"1,469",ABC1469,687,36,3,Standard,4,Premium,No,Not Returned,No
07-01-2022,Tablet,Electronics,North,3,3183,358.87,"1,470",ABC1470,1061,38,5,Standard,2.8,Premium,Yes,Not Returned,No
27-07-2023,Headphones,Accessories,East,6,3990,975.5,"1,471",ABC1471,665,6,5,Same Day,3,Premium,No,Not Returned,No
05-02-2024,Smartphone,Electronics,West,2,582,76.45,"1,472",ABC1472,291,19,5,Standard,3.8,Regular,Yes,Product Issue,No
03-05-2022,Printer,Office,South,5,3340,845.53,"1,473",ABC1473,668,38,8,Same Day,2.1,Premium,Yes,Low Rating,No
30-08-2023,Monitor,Accessories,West,1,890,59.1,"1,474",ABC1474,890,10,9,Express,1.5,Regular,Yes,Low Rating,No
22-09-2024,Printer,Office,East,6,4890,689.01,"1,475",ABC1475,815,16,9,Express,3,Premium,No,Late Delivery,No
19-10-2023,Keyboard,Accessories,East,3,2625,349.61,"1,476",ABC1476,875,7,6,Express,3.8,Premium,No,Not Returned,No
14-09-2022,Smartwatch,Electronics,North,4,1440,200.09,"1,477",ABC1477,360,22,6,Same Day,2.9,Regular,Yes,Not Returned,No
26-12-2024,Headphones,Accessories,North,5,505,93.85,"1,478",ABC1478,101,25,9,Standard,1.5,Regular,Yes,Low Rating,No
28-01-2022,Laptop,Electronics,North,8,8192,1822.87,"1,479",ABC1479,1024,19,4,Standard,4,Premium,No,Not Returned,No
09-08-2023,Keyboard,Accessories,East,3,1920,144.3,"1,480",ABC1480,640,37,6,Standard,2.8,Regular,Yes,Not Returned,No
18-10-2022,Smartwatch,Electronics,West,8,8768,1065.8,"1,481",ABC1481,1096,39,4,Standard,4.1,Premium,No,Not Returned,No
12-10-2022,Mouse,Accessories,North,1,1140,117.05,"1,482",ABC1482,1140,30,11,Standard,1.1,Regular,Yes,Low Rating,No
23-01-2023,Laptop,Electronics,North,4,952,264.61,"1,483",ABC1483,238,12,1,Same Day,5,Regular,No,Not Returned,No
02-05-2024,Smartphone,Electronics,North,1,225,51.07,"1,484",ABC1484,225,34,7,Express,2.4,Regular,Yes,Low Rating,No
01-08-2022,Printer,Office,South,4,1304,336.95,"1,485",ABC1485,326,27,10,Standard,2.8,Regular,Yes,Late Delivery,No
25-06-2023,Camera,Electronics,East,3,1029,206.83,"1,486",ABC1486,343,18,11,Express,1.4,Regular,Yes,Low Rating,No
29-02-2024,Printer,Office,South,3,3402,442.67,"1,487",ABC1487,1134,18,12,Same Day,1.7,Premium,Yes,Low Rating,No
24-05-2022,Laptop,Electronics,North,9,8460,1201.94,"1,488",ABC1488,940,6,6,Same Day,2.7,Premium,Yes,Not Returned,No
07-03-2024,Monitor,Accessories,North,1,104,26.86,"1,489",ABC1489,104,9,9,Standard,1.3,Regular,Yes,Low Rating,No
18-12-2023,Monitor,Accessories,West,9,10665,1595.08,"1,490",ABC1490,1185,18,7,Same Day,1.5,Premium,Yes,Low Rating,No
12-08-2023,Smartwatch,Electronics,East,8,984,183.07,"1,491",ABC1491,123,29,7,Express,3.3,Regular,No,Not Returned,No
18-09-2024,Smartphone,Electronics,North,4,2064,359.3,"1,492",ABC1492,516,24,2,Standard,4.4,Regular,No,Not Returned,No
08-03-2022,Laptop,Electronics,North,2,594,172.47,"1,493",ABC1493,297,6,12,Standard,1,Regular,Yes,Low Rating,No
25-10-2023,Printer,Office,South,8,6016,898.33,"1,494",ABC1494,752,10,11,Express,2,Premium,Yes,Low Rating,No
22-08-2024,Smartphone,Electronics,North,8,2864,195.16,"1,495",ABC1495,358,21,9,Standard,2.6,Premium,Yes,Late Delivery,No
17-07-2024,Tablet,Electronics,North,4,724,186.95,"1,496",ABC1496,181,29,10,Standard,2.4,Regular,Yes,Low Rating,No
11-02-2024,Mouse,Accessories,East,6,4098,1174.46,"1,497",ABC1497,683,32,9,Express,1.3,Premium,Yes,Low Rating,No
12-06-2023,Monitor,Accessories,North,1,338,32.61,"1,498",ABC1498,338,6,6,Standard,3.6,Regular,Yes,Product Issue,No
09-03-2024,Printer,Office,West,8,9280,1596.88,"1,499",ABC1499,1160,39,3,Standard,4.2,Premium,No,Not Returned,No
16-04-2022,Smartwatch,Electronics,East,1,890,57.04,"1,500",ABC1500,890,9,1,Express,5,Regular,Yes,Product Issue,No
26-04-2023,Tablet,Electronics,South,2,1790,442.75,"1,501",ABC1501,895,5,4,Same Day,3.9,Regular,No,Not Returned,No
01-10-2023,Tablet,Electronics,North,9,8523,978.97,"1,502",ABC1502,947,16,3,Express,4.1,Premium,No,Not Returned,No
21-02-2023,Headphones,Accessories,West,9,7776,677.74,"1,503",ABC1503,864,27,12,Standard,1.6,Premium,Yes,Low Rating,No
20-03-2024,Mouse,Accessories,North,7,3031,417.5,"1,504",ABC1504,433,35,1,Express,5,Premium,No,Not Returned,No
02-10-2022,Camera,Electronics,South,9,4698,1262.47,"1,505",ABC1505,522,15,3,Standard,4.5,Premium,No,Not Returned,No
13-06-2023,Keyboard,Accessories,West,9,4851,1408.41,"1,506",ABC1506,539,14,4,Standard,3.4,Premium,No,Not Returned,No
22-01-2023,Camera,Electronics,East,6,4542,1169.16,"1,507",ABC1507,757,7,8,Express,2.2,Premium,Yes,Low Rating,No
21-09-2022,Headphones,Accessories,North,2,978,210.75,"1,508",ABC1508,489,18,9,Standard,1.1,Regular,Yes,Low Rating,No
04-01-2022,Mouse,Accessories,South,9,9378,1740.97,"1,509",ABC1509,1042,20,3,Same Day,3.7,Premium,No,Not Returned,No
06-08-2023,Smartwatch,Electronics,North,8,9464,2043.73,"1,510",ABC1510,1183,14,6,Standard,3.4,Premium,No,Not Returned,No
08-11-2024,Printer,Office,West,8,1720,401.26,"1,511",ABC1511,215,33,10,Express,1.9,Regular,Yes,Low Rating,No
11-07-2022,Keyboard,Accessories,West,8,4752,1124.22,"1,512",ABC1512,594,14,11,Same Day,1,Premium,Yes,Low Rating,No
23-10-2023,Keyboard,Accessories,South,4,584,127.28,"1,513",ABC1513,146,16,5,Same Day,4,Regular,No,Not Returned,No
28-07-2024,Camera,Electronics,North,9,4554,1031.09,"1,514",ABC1514,506,34,6,Standard,4.5,Premium,No,Not Returned,No
23-07-2022,Tablet,Electronics,South,2,2392,483.39,"1,515",ABC1515,1196,5,4,Express,3.2,Premium,No,Not Returned,No
20-11-2023,Camera,Electronics,South,7,3962,916.13,"1,516",ABC1516,566,9,10,Standard,1.6,Premium,Yes,Low Rating,No
21-05-2023,Laptop,Electronics,North,3,1308,141.04,"1,517",ABC1517,436,24,6,Standard,2.7,Regular,Yes,Not Returned,No
15-09-2023,Printer,Office,South,8,5912,1153.18,"1,518",ABC1518,739,12,7,Express,2.6,Premium,Yes,Not Returned,No
10-05-2023,Camera,Electronics,South,7,5831,1416.31,"1,519",ABC1519,833,16,9,Express,2.1,Premium,Yes,Low Rating,No
11-12-2022,Camera,Electronics,West,7,5572,690.68,"1,520",ABC1520,796,5,10,Standard,1.3,Premium,Yes,Low Rating,No
11-08-2023,Monitor,Accessories,North,6,5214,1093.04,"1,521",ABC1521,869,24,7,Same Day,2.5,Premium,Yes,Not Returned,No
18-06-2022,Mouse,Accessories,East,9,6705,1283.78,"1,522",ABC1522,745,32,6,Standard,3,Premium,No,Not Returned,No
28-01-2023,Headphones,Accessories,North,1,426,93.83,"1,523",ABC1523,426,16,1,Same Day,4.9,Regular,Yes,Product Issue,No
06-11-2024,Smartphone,Electronics,West,2,2204,523.82,"1,524",ABC1524,1102,32,2,Standard,5,Regular,No,Not Returned,No
25-08-2022,Smartphone,Electronics,North,3,2652,161.67,"1,525",ABC1525,884,19,1,Express,4.7,Premium,No,Not Returned,No
07-07-2023,Printer,Office,South,6,3132,919.52,"1,526",ABC1526,522,10,9,Same Day,1.7,Premium,Yes,Low Rating,No
04-06-2024,Printer,Office,West,5,1830,437.35,"1,527",ABC1527,366,24,10,Express,2,Regular,Yes,Low Rating,No
27-01-2024,Laptop,Electronics,East,9,2763,676.25,"1,528",ABC1528,307,18,10,Express,1.9,Premium,Yes,Low Rating,No
17-09-2022,Monitor,Accessories,North,8,9056,2281.97,"1,529",ABC1529,1132,6,9,Express,1.9,Premium,Yes,Low Rating,No
10-03-2022,Camera,Electronics,North,7,5439,1416.62,"1,530",ABC1530,777,13,7,Express,2.9,Premium,Yes,Not Returned,No
01-08-2022,Camera,Electronics,South,6,828,47.91,"1,531",ABC1531,138,24,2,Express,4.1,Regular,Yes,Product Issue,No
01-10-2024,Smartwatch,Electronics,East,5,1910,463.07,"1,532",ABC1532,382,30,6,Standard,2.7,Regular,Yes,Not Returned,No
19-02-2023,Tablet,Electronics,North,2,1874,333.86,"1,533",ABC1533,937,33,11,Same Day,1,Regular,Yes,Low Rating,No
02-08-2023,Mouse,Accessories,East,1,1032,291.41,"1,534",ABC1534,1032,5,4,Standard,3.5,Regular,No,Not Returned,No
26-06-2023,Keyboard,Accessories,East,3,3264,556.86,"1,535",ABC1535,1088,39,1,Standard,3.8,Premium,No,Not Returned,No
26-11-2022,Smartphone,Electronics,West,1,877,110.99,"1,536",ABC1536,877,10,1,Standard,4.3,Regular,No,Not Returned,No
23-05-2022,Camera,Electronics,North,3,924,183.18,"1,537",ABC1537,308,9,12,Express,1.3,Regular,Yes,Low Rating,No
26-04-2023,Camera,Electronics,West,3,417,114.42,"1,538",ABC1538,139,37,5,Standard,2.6,Regular,Yes,Not Returned,No
21-02-2024,Laptop,Electronics,West,5,2670,155.89,"1,539",ABC1539,534,18,12,Same Day,1,Premium,Yes,Low Rating,No
18-06-2024,Keyboard,Accessories,South,7,2716,512.09,"1,540",ABC1540,388,16,2,Standard,4.4,Premium,No,Not Returned,No
18-05-2023,Headphones,Accessories,West,9,10134,1334.37,"1,541",ABC1541,1126,24,4,Express,3.5,Premium,No,Not Returned,No
19-01-2022,Monitor,Accessories,North,5,5500,1230.98,"1,542",ABC1542,1100,28,1,Same Day,4.4,Premium,No,Not Returned,No
07-12-2024,Tablet,Electronics,East,6,6228,1756.82,"1,543",ABC1543,1038,38,4,Same Day,3.8,Premium,No,Not Returned,No
16-06-2024,Laptop,Electronics,West,7,1092,274.77,"1,544",ABC1544,156,29,11,Same Day,1.6,Regular,Yes,Low Rating,No
24-06-2023,Monitor,Accessories,West,5,3255,332.54,"1,545",ABC1545,651,33,6,Same Day,3,Premium,No,Not Returned,No
28-06-2022,Tablet,Electronics,West,5,5645,1320.86,"1,546",ABC1546,1129,35,10,Standard,1.5,Premium,Yes,Low Rating,No
20-03-2024,Smartphone,Electronics,North,9,7578,466.87,"1,547",ABC1547,842,27,4,Express,4.1,Premium,No,Not Returned,No
21-04-2023,Keyboard,Accessories,South,9,6282,1594.61,"1,548",ABC1548,698,24,1,Same Day,4,Premium,No,Not Returned,No
29-12-2024,Laptop,Electronics,South,6,2364,639.29,"1,549",ABC1549,394,27,7,Same Day,3,Premium,No,Not Returned,No
12-12-2023,Keyboard,Accessories,North,8,6880,1570.91,"1,550",ABC1550,860,20,2,Express,4.5,Premium,No,Not Returned,No
30-10-2022,Smartphone,Electronics,East,6,3288,249.02,"1,551",ABC1551,548,12,9,Standard,2.1,Premium,Yes,Low Rating,No
01-02-2024,Monitor,Accessories,East,6,5292,659.58,"1,552",ABC1552,882,25,3,Same Day,4,Premium,No,Not Returned,No
06-11-2023,Printer,Office,North,3,3522,883.41,"1,553",ABC1553,1174,5,8,Standard,1.4,Premium,Yes,Low Rating,No
08-10-2022,Smartwatch,Electronics,West,2,1518,87.6,"1,554",ABC1554,759,12,8,Standard,3,Regular,Yes,Product Issue,No
17-06-2023,Tablet,Electronics,North,7,2457,690.55,"1,555",ABC1555,351,33,3,Standard,4.4,Premium,No,Not Returned,No
09-01-2024,Headphones,Accessories,West,1,309,62.08,"1,556",ABC1556,309,36,4,Standard,3.2,Regular,Yes,Product Issue,No
24-01-2022,Monitor,Accessories,North,6,6192,717.46,"1,557",ABC1557,1032,9,2,Same Day,4.7,Premium,No,Not Returned,No
04-06-2022,Camera,Electronics,East,5,4235,747.96,"1,558",ABC1558,847,26,4,Same Day,3.8,Premium,No,Not Returned,No
13-08-2022,Smartwatch,Electronics,North,9,7128,457.11,"1,559",ABC1559,792,38,11,Standard,1,Premium,Yes,Low Rating,No
23-07-2024,Tablet,Electronics,North,5,5660,641.69,"1,560",ABC1560,1132,5,11,Standard,1.9,Premium,Yes,Low Rating,No
23-05-2024,Smartphone,Electronics,South,1,787,120.38,"1,561",ABC1561,787,30,11,Express,1.1,Regular,Yes,Low Rating,No
13-11-2022,Mouse,Accessories,West,3,375,107.26,"1,562",ABC1562,125,14,9,Express,2.7,Regular,Yes,Late Delivery,No
19-08-2023,Camera,Electronics,South,4,296,44.79,"1,563",ABC1563,74,34,2,Express,4.6,Regular,Yes,Product Issue,No
01-01-2022,Keyboard,Accessories,East,6,6372,570.75,"1,564",ABC1564,1062,22,12,Same Day,1.5,Premium,Yes,Low Rating,No
16-06-2024,Mouse,Accessories,West,6,2214,322.73,"1,565",ABC1565,369,21,12,Express,1.3,Regular,Yes,Low Rating,No
16-09-2024,Headphones,Accessories,South,6,2640,734.44,"1,566",ABC1566,440,30,3,Same Day,4.3,Premium,No,Not Returned,No
08-11-2023,Camera,Electronics,South,7,2240,580.47,"1,567",ABC1567,320,12,11,Same Day,1.4,Regular,Yes,Low Rating,No
06-05-2023,Smartwatch,Electronics,East,7,6258,1347.74,"1,568",ABC1568,894,16,11,Same Day,1,Premium,Yes,Low Rating,No
02-01-2024,Printer,Office,West,8,3816,574.57,"1,569",ABC1569,477,31,4,Same Day,3.7,Premium,No,Not Returned,No
15-05-2022,Smartwatch,Electronics,South,2,390,115.48,"1,570",ABC1570,195,12,5,Express,3.8,Regular,No,Not Returned,No
01-07-2024,Tablet,Electronics,South,7,630,83.28,"1,571",ABC1571,90,29,1,Standard,5,Regular,Yes,Product Issue,No
01-09-2022,Smartphone,Electronics,South,4,3868,819.26,"1,572",ABC1572,967,8,7,Standard,2.9,Premium,Yes,Not Returned,No
27-06-2023,Monitor,Accessories,North,1,777,211.31,"1,573",ABC1573,777,37,10,Standard,1,Regular,Yes,Low Rating,No
28-05-2024,Monitor,Accessories,North,3,1347,196.59,"1,574",ABC1574,449,5,7,Express,2.6,Regular,Yes,Not Returned,No
17-05-2023,Laptop,Electronics,East,9,7272,500.32,"1,575",ABC1575,808,23,9,Standard,1.8,Premium,Yes,Low Rating,No
28-09-2024,Printer,Office,North,6,5724,857.33,"1,576",ABC1576,954,35,4,Express,3.1,Premium,No,Not Returned,No
07-05-2022,Headphones,Accessories,West,3,312,74.8,"1,577",ABC1577,104,20,6,Express,3.5,Regular,Yes,Product Issue,No
18-05-2023,Laptop,Electronics,East,3,1947,239.63,"1,578",ABC1578,649,18,11,Express,1,Regular,Yes,Low Rating,No
09-10-2023,Tablet,Electronics,North,6,1128,207.97,"1,579",ABC1579,188,9,2,Standard,4.8,Regular,No,Not Returned,No
05-03-2023,Laptop,Electronics,East,9,4158,672.32,"1,580",ABC1580,462,30,12,Standard,1.7,Premium,Yes,Low Rating,No
04-07-2024,Keyboard,Accessories,East,6,2670,782.28,"1,581",ABC1581,445,32,12,Standard,1,Premium,Yes,Low Rating,No
31-05-2024,Headphones,Accessories,East,1,85,17.71,"1,582",ABC1582,85,6,4,Same Day,3.6,Regular,Yes,Product Issue,No
10-12-2023,Mouse,Accessories,East,8,4136,1056.54,"1,583",ABC1583,517,10,2,Express,4.8,Premium,No,Not Returned,No
07-05-2022,Tablet,Electronics,North,6,4332,348.61,"1,584",ABC1584,722,13,10,Same Day,1.3,Premium,Yes,Low Rating,No
01-07-2024,Monitor,Accessories,North,8,1600,305.3,"1,585",ABC1585,200,37,5,Express,3.7,Regular,No,Not Returned,No
28-10-2023,Tablet,Electronics,East,7,5075,471.21,"1,586",ABC1586,725,29,7,Standard,2.2,Premium,Yes,Low Rating,No
27-07-2022,Tablet,Electronics,South,6,4152,1065.46,"1,587",ABC1587,692,17,1,Express,4.1,Premium,No,Not Returned,No
13-05-2022,Printer,Office,East,7,5635,1665.01,"1,588",ABC1588,805,13,10,Express,1.8,Premium,Yes,Low Rating,No
16-09-2022,Smartwatch,Electronics,East,3,3108,220.97,"1,589",ABC1589,1036,17,10,Same Day,1.7,Premium,Yes,Low Rating,No
24-10-2022,Smartwatch,Electronics,South,7,4270,1197.44,"1,590",ABC1590,610,35,7,Express,1.8,Premium,Yes,Low Rating,No
15-02-2023,Monitor,Accessories,West,5,1350,321.9,"1,591",ABC1591,270,15,10,Standard,2.4,Regular,Yes,Low Rating,No
07-03-2024,Keyboard,Accessories,East,3,330,81.86,"1,592",ABC1592,110,8,6,Express,2.8,Regular,Yes,Product Issue,No
13-07-2022,Camera,Electronics,South,6,4260,504.82,"1,593",ABC1593,710,38,6,Express,3.3,Premium,No,Not Returned,No
31-07-2022,Headphones,Accessories,North,3,2712,751.52,"1,594",ABC1594,904,8,12,Express,1.8,Premium,Yes,Low Rating,No
26-03-2024,Smartphone,Electronics,West,1,328,46.23,"1,595",ABC1595,328,23,8,Same Day,2.5,Regular,Yes,Product Issue,No
13-08-2023,Smartphone,Electronics,West,8,7776,498.6,"1,596",ABC1596,972,10,8,Express,3,Premium,No,Not Returned,No
08-05-2022,Laptop,Electronics,East,4,2896,522.82,"1,597",ABC1597,724,38,6,Express,2.6,Premium,Yes,Not Returned,No
07-05-2023,Tablet,Electronics,North,2,1902,388.83,"1,598",ABC1598,951,22,3,Same Day,4.7,Regular,No,Not Returned,No
29-01-2022,Smartwatch,Electronics,North,7,3255,814.85,"1,599",ABC1599,465,17,5,Same Day,2.9,Premium,Yes,Not Returned,No
02-03-2022,Keyboard,Accessories,North,3,633,162.4,"1,600",ABC1600,211,27,2,Same Day,4,Regular,No,Not Returned,No
11-04-2023,Tablet,Electronics,East,7,6209,402.78,"1,601",ABC1601,887,23,5,Same Day,2.6,Premium,Yes,Not Returned,No
09-05-2023,Smartwatch,Electronics,East,9,4698,1167.9,"1,602",ABC1602,522,15,9,Standard,2.1,Premium,Yes,Low Rating,No
11-07-2024,Smartphone,Electronics,West,8,7424,1878.07,"1,603",ABC1603,928,5,10,Standard,2,Premium,Yes,Low Rating,No
26-01-2022,Printer,Office,East,1,498,58.3,"1,604",ABC1604,498,28,1,Express,5,Regular,Yes,Product Issue,No
30-08-2023,Headphones,Accessories,East,1,111,27.91,"1,605",ABC1605,111,11,10,Standard,1,Regular,Yes,Low Rating,No
18-08-2023,Laptop,Electronics,North,8,7520,1201.4,"1,606",ABC1606,940,29,5,Express,3.5,Premium,No,Not Returned,No
31-05-2023,Camera,Electronics,South,1,182,30.97,"1,607",ABC1607,182,25,12,Standard,1.2,Regular,Yes,Low Rating,No
18-02-2022,Mouse,Accessories,West,5,5890,309,"1,608",ABC1608,1178,19,6,Same Day,3.3,Premium,No,Not Returned,No
17-07-2024,Laptop,Electronics,South,4,3244,357.55,"1,609",ABC1609,811,5,11,Same Day,1,Premium,Yes,Low Rating,No
26-04-2024,Smartphone,Electronics,South,7,5229,1058.26,"1,610",ABC1610,747,16,7,Standard,1.4,Premium,Yes,Low Rating,No
19-10-2022,Smartwatch,Electronics,North,9,5202,1271.47,"1,611",ABC1611,578,11,9,Standard,2.4,Premium,Yes,Low Rating,No
15-03-2022,Keyboard,Accessories,West,3,438,67.43,"1,612",ABC1612,146,19,6,Express,2.9,Regular,Yes,Product Issue,No
14-02-2023,Keyboard,Accessories,East,6,6900,1109.73,"1,613",ABC1613,1150,25,5,Express,3.5,Premium,No,Not Returned,No
11-09-2022,Tablet,Electronics,East,3,369,36.07,"1,614",ABC1614,123,23,12,Express,1,Regular,Yes,Low Rating,No
17-01-2024,Laptop,Electronics,West,4,4140,1229.85,"1,615",ABC1615,1035,33,7,Same Day,2.8,Premium,Yes,Not Returned,No
13-04-2024,Printer,Office,South,3,1086,188.65,"1,616",ABC1616,362,29,1,Same Day,5,Regular,No,Not Returned,No
03-03-2023,Mouse,Accessories,South,2,2134,269.53,"1,617",ABC1617,1067,37,11,Same Day,1,Regular,Yes,Low Rating,No
16-06-2022,Laptop,Electronics,North,6,5310,637.81,"1,618",ABC1618,885,36,5,Same Day,3.9,Premium,No,Not Returned,No
20-08-2023,Headphones,Accessories,East,6,2748,682.8,"1,619",ABC1619,458,39,2,Express,4.2,Premium,No,Not Returned,No
18-09-2024,Printer,Office,South,9,3357,405.61,"1,620",ABC1620,373,30,4,Same Day,4.5,Premium,No,Not Returned,No
28-01-2023,Smartwatch,Electronics,West,9,10206,592.77,"1,621",ABC1621,1134,15,7,Same Day,2.4,Premium,Yes,Low Rating,No
20-10-2024,Smartphone,Electronics,South,6,2970,425.9,"1,622",ABC1622,495,39,5,Same Day,3,Premium,No,Not Returned,No
18-05-2022,Mouse,Accessories,West,4,1208,351.47,"1,623",ABC1623,302,12,12,Same Day,1,Regular,Yes,Low Rating,No
19-06-2024,Smartwatch,Electronics,South,3,945,135.59,"1,624",ABC1624,315,18,6,Standard,3.2,Regular,No,Not Returned,No
06-07-2022,Monitor,Accessories,East,8,7040,996.02,"1,625",ABC1625,880,14,2,Express,4.2,Premium,No,Not Returned,No
22-11-2023,Smartphone,Electronics,West,4,3684,1009.1,"1,626",ABC1626,921,6,3,Express,4.3,Premium,No,Not Returned,No
23-02-2024,Headphones,Accessories,East,2,1262,190.02,"1,627",ABC1627,631,13,7,Same Day,2.5,Regular,Yes,Not Returned,No
24-06-2022,Mouse,Accessories,South,3,3504,807.65,"1,628",ABC1628,1168,7,11,Standard,1.4,Premium,Yes,Low Rating,No
15-12-2022,Printer,Office,East,6,4464,1122.37,"1,629",ABC1629,744,25,2,Express,5,Premium,No,Not Returned,No
02-04-2024,Laptop,Electronics,East,4,1324,227.2,"1,630",ABC1630,331,30,12,Express,1.2,Regular,Yes,Low Rating,No
17-07-2023,Camera,Electronics,East,6,4140,451.27,"1,631",ABC1631,690,12,6,Same Day,3.2,Premium,No,Not Returned,No
03-04-2024,Mouse,Accessories,West,8,2384,120.28,"1,632",ABC1632,298,6,5,Same Day,2.6,Premium,Yes,Not Returned,No
02-05-2022,Laptop,Electronics,West,8,4624,1313.36,"1,633",ABC1633,578,10,10,Express,2.3,Premium,Yes,Low Rating,No
13-12-2023,Smartwatch,Electronics,West,6,4812,662.54,"1,634",ABC1634,802,32,1,Express,5,Premium,No,Not Returned,No
18-01-2022,Tablet,Electronics,North,6,5640,856.44,"1,635",ABC1635,940,33,12,Standard,1,Premium,Yes,Low Rating,No
23-09-2022,Smartwatch,Electronics,West,5,1840,307.09,"1,636",ABC1636,368,30,11,Express,1.9,Regular,Yes,Low Rating,No
01-11-2024,Keyboard,Accessories,North,7,8071,435.51,"1,637",ABC1637,1153,29,10,Express,1.8,Premium,Yes,Low Rating,No
25-10-2022,Keyboard,Accessories,North,3,2400,297.07,"1,638",ABC1638,800,16,11,Same Day,1.4,Premium,Yes,Low Rating,No
01-07-2023,Smartwatch,Electronics,East,6,3570,265.62,"1,639",ABC1639,595,9,4,Express,4.3,Premium,No,Not Returned,No
27-03-2022,Laptop,Electronics,East,3,1758,245.92,"1,640",ABC1640,586,38,11,Same Day,1.1,Regular,Yes,Low Rating,No
06-08-2023,Monitor,Accessories,North,4,3072,394.2,"1,641",ABC1641,768,19,2,Express,4,Premium,No,Not Returned,No
16-08-2023,Mouse,Accessories,South,5,2185,136.1,"1,642",ABC1642,437,19,4,Express,3.8,Regular,No,Not Returned,No
03-02-2023,Smartphone,Electronics,North,8,7664,1251.65,"1,643",ABC1643,958,27,1,Express,4.9,Premium,No,Not Returned,No
13-03-2024,Headphones,Accessories,West,5,1710,338.1,"1,644",ABC1644,342,10,2,Standard,4.8,Regular,No,Not Returned,No
17-08-2024,Printer,Office,South,2,1878,386.28,"1,645",ABC1645,939,25,8,Same Day,2.3,Regular,Yes,Low Rating,No
22-07-2023,Tablet,Electronics,South,1,569,141.33,"1,646",ABC1646,569,27,6,Standard,2.6,Regular,Yes,Not Returned,No
05-04-2023,Smartwatch,Electronics,West,3,1488,296.36,"1,647",ABC1647,496,20,2,Express,5,Regular,No,Not Returned,No
20-04-2024,Mouse,Accessories,West,9,9918,1956.17,"1,648",ABC1648,1102,19,12,Standard,1,Premium,Yes,Low Rating,No
19-12-2022,Smartwatch,Electronics,South,3,432,36.84,"1,649",ABC1649,144,29,6,Same Day,3,Regular,Yes,Product Issue,No
18-09-2023,Tablet,Electronics,East,9,9828,1300.68,"1,650",ABC1650,1092,15,10,Express,2.1,Premium,Yes,Low Rating,No
28-12-2024,Smartwatch,Electronics,North,5,3625,245.52,"1,651",ABC1651,725,19,9,Standard,2.6,Premium,Yes,Late Delivery,No
17-05-2022,Smartwatch,Electronics,South,3,2187,491.13,"1,652",ABC1652,729,8,7,Standard,2.4,Regular,Yes,Low Rating,No
24-10-2023,Monitor,Accessories,South,5,5105,1003.4,"1,653",ABC1653,1021,25,9,Same Day,1.1,Premium,Yes,Low Rating,No
09-12-2022,Headphones,Accessories,South,3,1392,345.78,"1,654",ABC1654,464,17,5,Standard,3,Regular,No,Not Returned,No
07-11-2022,Smartphone,Electronics,North,2,744,110.81,"1,655",ABC1655,372,26,7,Same Day,3.1,Regular,No,Not Returned,No
05-06-2023,Smartwatch,Electronics,South,4,1724,233.21,"1,656",ABC1656,431,23,11,Express,1.7,Regular,Yes,Low Rating,No
26-10-2023,Mouse,Accessories,West,5,1940,423.17,"1,657",ABC1657,388,38,7,Express,3,Regular,No,Not Returned,No
28-07-2023,Mouse,Accessories,South,4,356,59.15,"1,658",ABC1658,89,18,12,Standard,1.4,Regular,Yes,Low Rating,No
26-05-2023,Monitor,Accessories,West,5,1095,269.87,"1,659",ABC1659,219,8,12,Express,1.7,Regular,Yes,Low Rating,No
07-12-2022,Tablet,Electronics,North,8,4064,543.9,"1,660",ABC1660,508,31,3,Express,3.6,Premium,No,Not Returned,No
20-11-2024,Smartwatch,Electronics,West,7,5453,1592.37,"1,661",ABC1661,779,33,7,Standard,2.1,Premium,Yes,Low Rating,No
31-03-2024,Monitor,Accessories,South,8,7104,529.35,"1,662",ABC1662,888,32,1,Express,4.9,Premium,No,Not Returned,No
17-04-2024,Keyboard,Accessories,East,9,2745,660.56,"1,663",ABC1663,305,39,9,Standard,1.5,Premium,Yes,Low Rating,No
06-05-2024,Camera,Electronics,North,5,1030,64.81,"1,664",ABC1664,206,12,10,Same Day,1,Regular,Yes,Low Rating,No
25-02-2023,Tablet,Electronics,North,9,8973,471.86,"1,665",ABC1665,997,20,6,Same Day,3.6,Premium,No,Not Returned,No
14-12-2022,Keyboard,Accessories,North,2,794,128.5,"1,666",ABC1666,397,34,5,Same Day,3.5,Regular,No,Not Returned,No
20-12-2023,Printer,Office,South,6,2142,476.19,"1,667",ABC1667,357,22,7,Standard,2.7,Regular,Yes,Not Returned,No
13-10-2023,Headphones,Accessories,East,2,414,51.1,"1,668",ABC1668,207,6,5,Standard,3.4,Regular,Yes,Product Issue,No
14-06-2023,Tablet,Electronics,North,3,1416,220.7,"1,669",ABC1669,472,17,10,Express,1.6,Regular,Yes,Low Rating,No
02-04-2022,Tablet,Electronics,South,3,2103,541.35,"1,670",ABC1670,701,8,5,Express,3.9,Regular,No,Not Returned,No
20-06-2024,Camera,Electronics,West,3,861,173.49,"1,671",ABC1671,287,30,11,Express,1,Regular,Yes,Low Rating,No
19-05-2024,Headphones,Accessories,West,3,2367,222.26,"1,672",ABC1672,789,29,10,Express,1,Premium,Yes,Low Rating,No
16-01-2023,Tablet,Electronics,South,5,2435,688.82,"1,673",ABC1673,487,34,11,Express,1,Premium,Yes,Low Rating,No
07-05-2023,Printer,Office,South,4,2456,163.61,"1,674",ABC1674,614,15,7,Standard,2.8,Premium,Yes,Not Returned,No
01-07-2023,Laptop,Electronics,East,4,3216,962.49,"1,675",ABC1675,804,11,10,Standard,2.6,Premium,Yes,Late Delivery,No
25-07-2024,Smartwatch,Electronics,East,4,4324,833.11,"1,676",ABC1676,1081,35,7,Same Day,3.1,Premium,No,Not Returned,No
27-09-2023,Mouse,Accessories,South,4,2628,727.87,"1,677",ABC1677,657,14,11,Same Day,1.6,Premium,Yes,Low Rating,No
12-08-2023,Keyboard,Accessories,West,8,8992,2018.64,"1,678",ABC1678,1124,17,3,Same Day,4,Premium,No,Not Returned,No
24-07-2024,Laptop,Electronics,West,6,360,22.16,"1,679",ABC1679,60,35,3,Same Day,3.3,Regular,Yes,Product Issue,No
26-07-2022,Tablet,Electronics,South,3,2067,479.39,"1,680",ABC1680,689,11,10,Standard,1.9,Regular,Yes,Low Rating,No
03-12-2024,Mouse,Accessories,South,9,3573,550.44,"1,681",ABC1681,397,24,12,Standard,2,Premium,Yes,Low Rating,No
15-08-2023,Laptop,Electronics,South,8,1800,142.86,"1,682",ABC1682,225,8,3,Standard,3.9,Regular,No,Not Returned,No
28-11-2023,Printer,Office,South,8,3912,334.1,"1,683",ABC1683,489,11,6,Express,2.7,Premium,Yes,Not Returned,No
03-08-2022,Headphones,Accessories,North,8,5640,747.26,"1,684",ABC1684,705,5,12,Express,1,Premium,Yes,Low Rating,No
02-09-2022,Tablet,Electronics,South,1,552,115.74,"1,685",ABC1685,552,17,6,Same Day,3.3,Regular,No,Not Returned,No
25-04-2022,Mouse,Accessories,South,7,1428,289.65,"1,686",ABC1686,204,26,3,Express,4.1,Regular,No,Not Returned,No
12-01-2022,Printer,Office,West,1,349,42.05,"1,687",ABC1687,349,25,3,Standard,4.5,Regular,Yes,Product Issue,No
30-10-2022,Tablet,Electronics,North,6,6402,1366.28,"1,688",ABC1688,1067,26,8,Same Day,2.3,Premium,Yes,Low Rating,No
09-06-2023,Monitor,Accessories,East,9,657,185.95,"1,689",ABC1689,73,32,8,Same Day,2.2,Regular,Yes,Low Rating,No
13-01-2023,Mouse,Accessories,West,7,5327,950.7,"1,690",ABC1690,761,13,7,Express,2.8,Premium,Yes,Not Returned,No
27-01-2024,Keyboard,Accessories,North,4,4196,1152.45,"1,691",ABC1691,1049,30,10,Same Day,1.4,Premium,Yes,Low Rating,No
04-11-2023,Laptop,Electronics,East,4,2892,863.47,"1,692",ABC1692,723,13,4,Express,4.5,Premium,No,Not Returned,No
07-08-2024,Laptop,Electronics,West,9,2772,432.77,"1,693",ABC1693,308,19,4,Express,4.1,Premium,No,Not Returned,No
13-07-2024,Smartwatch,Electronics,North,6,4692,1044.97,"1,694",ABC1694,782,14,3,Same Day,3.5,Premium,No,Not Returned,No
07-12-2022,Mouse,Accessories,East,6,2742,334.48,"1,695",ABC1695,457,28,5,Express,3,Premium,No,Not Returned,No
16-01-2023,Smartphone,Electronics,North,8,8896,1154.96,"1,696",ABC1696,1112,12,3,Express,4.3,Premium,No,Not Returned,No
21-11-2022,Mouse,Accessories,North,2,2344,385.19,"1,697",ABC1697,1172,28,8,Express,2.4,Regular,Yes,Low Rating,No
26-01-2022,Headphones,Accessories,South,7,4186,655.53,"1,698",ABC1698,598,20,7,Express,2.8,Premium,Yes,Not Returned,No
14-11-2024,Tablet,Electronics,East,9,5238,1152.42,"1,699",ABC1699,582,30,3,Same Day,3.9,Premium,No,Not Returned,No
20-10-2022,Mouse,Accessories,North,3,2982,452.22,"1,700",ABC1700,994,31,9,Standard,2.2,Premium,Yes,Low Rating,No
14-05-2024,Smartwatch,Electronics,West,4,2580,602.5,"1,701",ABC1701,645,8,12,Standard,1,Premium,Yes,Low Rating,No
17-01-2024,Keyboard,Accessories,West,5,2675,671.6,"1,702",ABC1702,535,28,5,Express,3.6,Premium,No,Not Returned,No
30-07-2024,Printer,Office,East,4,2396,608.5,"1,703",ABC1703,599,23,9,Express,2.4,Premium,Yes,Low Rating,No
30-09-2024,Laptop,Electronics,West,5,1600,242.25,"1,704",ABC1704,320,14,7,Express,3.5,Regular,No,Not Returned,No
09-09-2023,Smartwatch,Electronics,North,4,304,34.73,"1,705",ABC1705,76,29,7,Standard,2.4,Regular,Yes,Low Rating,No
24-05-2024,Keyboard,Accessories,East,9,2070,457.39,"1,706",ABC1706,230,22,6,Express,3,Regular,No,Not Returned,No
12-09-2022,Printer,Office,North,5,1230,158.23,"1,707",ABC1707,246,23,2,Same Day,3.7,Regular,No,Not Returned,No
29-05-2023,Camera,Electronics,South,6,6234,758.78,"1,708",ABC1708,1039,14,9,Same Day,2.9,Premium,Yes,Late Delivery,No
27-01-2024,Headphones,Accessories,South,2,396,46.33,"1,709",ABC1709,198,37,6,Same Day,2,Regular,Yes,Low Rating,No
17-08-2023,Mouse,Accessories,East,9,2349,244.18,"1,710",ABC1710,261,9,8,Standard,3.2,Regular,No,Not Returned,No
15-07-2023,Headphones,Accessories,North,9,5949,626.92,"1,711",ABC1711,661,39,1,Express,4.7,Premium,No,Not Returned,No
15-01-2022,Printer,Office,East,7,5957,1433.85,"1,712",ABC1712,851,38,5,Express,3.5,Premium,No,Not Returned,No
04-12-2024,Headphones,Accessories,East,3,1989,299.79,"1,713",ABC1713,663,37,12,Express,1,Regular,Yes,Low Rating,No
19-11-2024,Mouse,Accessories,South,1,1138,243.36,"1,714",ABC1714,1138,25,1,Standard,4.7,Regular,No,Not Returned,No
15-04-2022,Tablet,Electronics,West,9,3321,689.64,"1,715",ABC1715,369,21,10,Standard,2,Premium,Yes,Low Rating,No
03-10-2023,Camera,Electronics,South,4,4480,592.82,"1,716",ABC1716,1120,26,11,Standard,1,Premium,Yes,Low Rating,No
14-02-2023,Smartwatch,Electronics,East,3,1533,440.88,"1,717",ABC1717,511,19,8,Standard,2,Regular,Yes,Low Rating,No
10-02-2024,Mouse,Accessories,East,1,109,10.35,"1,718",ABC1718,109,39,8,Same Day,1.9,Regular,Yes,Low Rating,No
07-04-2024,Smartphone,Electronics,South,4,2380,594.86,"1,719",ABC1719,595,32,1,Standard,4.9,Premium,No,Not Returned,No
22-08-2022,Printer,Office,South,8,2592,432.37,"1,720",ABC1720,324,11,9,Standard,2,Premium,Yes,Low Rating,No
08-12-2023,Laptop,Electronics,East,6,5112,1289.47,"1,721",ABC1721,852,36,2,Standard,4.6,Premium,No,Not Returned,No
02-04-2023,Smartwatch,Electronics,North,8,9392,1753.08,"1,722",ABC1722,1174,15,12,Express,1.1,Premium,Yes,Low Rating,No
21-10-2024,Laptop,Electronics,West,2,2386,381.83,"1,723",ABC1723,1193,14,9,Express,2.5,Premium,Yes,Late Delivery,No
03-12-2024,Smartwatch,Electronics,South,5,465,71.23,"1,724",ABC1724,93,13,1,Express,4.3,Regular,Yes,Product Issue,No
19-04-2023,Smartphone,Electronics,West,2,604,102.52,"1,725",ABC1725,302,18,12,Same Day,1,Regular,Yes,Low Rating,No
02-10-2022,Smartwatch,Electronics,East,2,2216,650.27,"1,726",ABC1726,1108,17,10,Same Day,2.2,Regular,Yes,Low Rating,No
06-06-2023,Mouse,Accessories,East,4,1168,220.22,"1,727",ABC1727,292,29,9,Standard,2.5,Regular,Yes,Late Delivery,No
26-01-2022,Monitor,Accessories,South,7,4088,230.43,"1,728",ABC1728,584,6,4,Express,2.9,Premium,Yes,Not Returned,No
24-02-2022,Keyboard,Accessories,West,7,2597,152.09,"1,729",ABC1729,371,39,9,Same Day,1.5,Premium,Yes,Low Rating,No
22-08-2023,Smartwatch,Electronics,West,3,2151,322.03,"1,730",ABC1730,717,11,7,Express,2.6,Regular,Yes,Not Returned,No
08-09-2024,Laptop,Electronics,East,6,462,71.22,"1,731",ABC1731,77,25,11,Same Day,1.2,Regular,Yes,Low Rating,No
23-10-2022,Mouse,Accessories,North,7,5957,1077.86,"1,732",ABC1732,851,22,6,Same Day,3,Premium,No,Not Returned,No
13-12-2023,Smartphone,Electronics,West,6,6978,2028.63,"1,733",ABC1733,1163,7,5,Standard,3.7,Premium,No,Not Returned,No
20-10-2024,Headphones,Accessories,South,1,282,72.5,"1,734",ABC1734,282,15,11,Standard,1.5,Regular,Yes,Low Rating,No
05-12-2023,Camera,Electronics,East,1,157,27.65,"1,735",ABC1735,157,28,9,Same Day,2.2,Regular,Yes,Low Rating,No
14-07-2023,Monitor,Accessories,North,8,3304,404.33,"1,736",ABC1736,413,23,2,Standard,4.7,Premium,No,Not Returned,No
13-02-2022,Headphones,Accessories,North,3,3051,201.26,"1,737",ABC1737,1017,8,11,Same Day,1.9,Premium,Yes,Low Rating,No
16-06-2024,Mouse,Accessories,East,9,8082,1783.55,"1,738",ABC1738,898,30,12,Same Day,1,Premium,Yes,Low Rating,No
14-10-2024,Laptop,Electronics,West,3,510,110.38,"1,739",ABC1739,170,36,2,Express,4.1,Regular,No,Not Returned,No
20-04-2024,Tablet,Electronics,East,8,3976,1170.36,"1,740",ABC1740,497,37,11,Standard,1,Premium,Yes,Low Rating,No
26-12-2023,Smartphone,Electronics,East,9,828,59.99,"1,741",ABC1741,92,7,12,Standard,1.2,Regular,Yes,Low Rating,No
05-04-2023,Headphones,Accessories,West,7,2457,388.11,"1,742",ABC1742,351,13,9,Standard,1.8,Premium,Yes,Low Rating,No
02-08-2023,Camera,Electronics,North,4,3924,298.07,"1,743",ABC1743,981,12,12,Express,1,Premium,Yes,Low Rating,No
30-11-2022,Headphones,Accessories,West,2,2018,227.75,"1,744",ABC1744,1009,37,3,Express,4.4,Regular,No,Not Returned,No
08-09-2024,Monitor,Accessories,West,3,2043,479.9,"1,745",ABC1745,681,10,8,Express,2,Regular,Yes,Low Rating,No
07-06-2024,Printer,Office,West,5,1035,187.12,"1,746",ABC1746,207,8,11,Standard,1.5,Regular,Yes,Low Rating,No
12-08-2023,Smartwatch,Electronics,North,6,2724,675.53,"1,747",ABC1747,454,17,9,Standard,2.8,Premium,Yes,Late Delivery,No
02-05-2023,Camera,Electronics,East,1,1120,127.32,"1,748",ABC1748,1120,6,8,Standard,2.7,Regular,Yes,Not Returned,No
26-10-2024,Monitor,Accessories,North,6,3438,631.95,"1,749",ABC1749,573,9,4,Express,2.9,Premium,Yes,Not Returned,No
27-09-2022,Smartwatch,Electronics,West,5,3170,379.27,"1,750",ABC1750,634,31,12,Express,1,Premium,Yes,Low Rating,No
25-06-2023,Smartwatch,Electronics,East,4,660,83.96,"1,751",ABC1751,165,36,1,Same Day,4.8,Regular,Yes,Product Issue,No
05-11-2022,Tablet,Electronics,East,7,4669,1088.15,"1,752",ABC1752,667,25,4,Express,3.9,Premium,No,Not Returned,No
12-08-2022,Smartwatch,Electronics,West,5,1045,89,"1,753",ABC1753,209,12,9,Same Day,1.9,Regular,Yes,Low Rating,No
27-02-2022,Keyboard,Accessories,North,4,2724,229.47,"1,754",ABC1754,681,12,2,Standard,4,Premium,No,Not Returned,No
14-09-2023,Headphones,Accessories,West,8,5312,1583,"1,755",ABC1755,664,7,3,Express,4,Premium,No,Not Returned,No
23-11-2024,Tablet,Electronics,West,4,4252,445.18,"1,756",ABC1756,1063,7,10,Standard,1.1,Premium,Yes,Low Rating,No
09-10-2024,Printer,Office,East,7,8057,1652.27,"1,757",ABC1757,1151,26,8,Standard,2.9,Premium,Yes,Not Returned,No
20-06-2023,Keyboard,Accessories,South,7,2023,274.25,"1,758",ABC1758,289,10,6,Standard,3.9,Regular,No,Not Returned,No
16-03-2024,Monitor,Accessories,South,8,9416,2125.54,"1,759",ABC1759,1177,6,8,Standard,2.5,Premium,Yes,Not Returned,No
27-11-2023,Monitor,Accessories,East,8,7560,494.34,"1,760",ABC1760,945,27,7,Express,2.6,Premium,Yes,Not Returned,No
08-01-2023,Monitor,Accessories,West,2,828,50.07,"1,761",ABC1761,414,6,5,Standard,3.8,Regular,Yes,Product Issue,No
07-12-2023,Mouse,Accessories,West,1,527,27.45,"1,762",ABC1762,527,21,9,Same Day,2.4,Regular,Yes,Low Rating,No
11-09-2022,Keyboard,Accessories,North,2,1160,206.49,"1,763",ABC1763,580,39,4,Express,3.5,Regular,No,Not Returned,No
29-03-2022,Mouse,Accessories,West,5,5430,310.86,"1,764",ABC1764,1086,38,6,Standard,3,Premium,No,Not Returned,No
15-01-2024,Tablet,Electronics,South,7,6874,454.53,"1,765",ABC1765,982,27,2,Express,4,Premium,No,Not Returned,No
12-07-2023,Printer,Office,East,8,8952,1825.37,"1,766",ABC1766,1119,34,2,Same Day,4.4,Premium,No,Not Returned,No
06-06-2022,Mouse,Accessories,East,8,416,67.81,"1,767",ABC1767,52,12,2,Standard,4.5,Regular,Yes,Product Issue,No
18-11-2023,Smartphone,Electronics,South,3,1680,140.27,"1,768",ABC1768,560,26,10,Same Day,1.3,Regular,Yes,Low Rating,No
27-08-2022,Mouse,Accessories,South,7,4340,383.9,"1,769",ABC1769,620,9,7,Standard,2.1,Premium,Yes,Low Rating,No
16-01-2022,Laptop,Electronics,West,9,7650,2130.82,"1,770",ABC1770,850,17,2,Same Day,3.7,Premium,No,Not Returned,No
03-04-2024,Smartwatch,Electronics,West,8,6328,412.76,"1,771",ABC1771,791,33,12,Standard,1.2,Premium,Yes,Low Rating,No
19-08-2022,Keyboard,Accessories,West,2,1312,344,"1,772",ABC1772,656,35,2,Express,4.3,Regular,No,Not Returned,No
21-01-2022,Camera,Electronics,East,9,8055,2300.17,"1,773",ABC1773,895,20,9,Standard,2,Premium,Yes,Low Rating,No
19-03-2022,Camera,Electronics,South,2,840,153.61,"1,774",ABC1774,420,34,7,Express,2.9,Regular,Yes,Not Returned,No
16-03-2023,Tablet,Electronics,South,9,9423,2794.89,"1,775",ABC1775,1047,20,11,Standard,1,Premium,Yes,Low Rating,No
30-12-2023,Monitor,Accessories,North,8,6520,1113.12,"1,776",ABC1776,815,16,3,Standard,3.5,Premium,No,Not Returned,No
20-10-2022,Laptop,Electronics,North,3,1950,116.12,"1,777",ABC1777,650,21,3,Same Day,4.1,Regular,No,Not Returned,No
16-10-2023,Camera,Electronics,South,6,5928,1177.2,"1,778",ABC1778,988,20,7,Same Day,1.8,Premium,Yes,Low Rating,No
29-07-2023,Camera,Electronics,South,7,4809,1418.72,"1,779",ABC1779,687,16,5,Same Day,3.2,Premium,No,Not Returned,No
04-06-2023,Smartphone,Electronics,West,4,356,23.4,"1,780",ABC1780,89,12,10,Standard,2.9,Regular,Yes,Late Delivery,No
28-04-2023,Laptop,Electronics,South,2,570,94.39,"1,781",ABC1781,285,24,6,Standard,2.3,Regular,Yes,Low Rating,No
13-05-2022,Monitor,Accessories,East,7,7791,907.96,"1,782",ABC1782,1113,7,12,Standard,1,Premium,Yes,Low Rating,No
10-05-2024,Smartwatch,Electronics,East,4,4168,494.48,"1,783",ABC1783,1042,20,8,Express,1.3,Premium,Yes,Low Rating,No
21-08-2023,Tablet,Electronics,North,2,684,183.85,"1,784",ABC1784,342,34,9,Express,1.9,Regular,Yes,Low Rating,No
05-01-2024,Smartphone,Electronics,East,7,3857,447.99,"1,785",ABC1785,551,27,1,Standard,5,Premium,No,Not Returned,No
07-09-2024,Camera,Electronics,North,5,3250,699.99,"1,786",ABC1786,650,32,3,Same Day,4.2,Premium,No,Not Returned,No
03-08-2023,Printer,Office,North,6,1194,79.62,"1,787",ABC1787,199,9,11,Same Day,1,Regular,Yes,Low Rating,No
07-05-2023,Laptop,Electronics,West,6,3486,320.91,"1,788",ABC1788,581,24,7,Same Day,3.8,Premium,No,Not Returned,No
05-08-2022,Monitor,Accessories,West,7,1554,370.97,"1,789",ABC1789,222,5,6,Standard,2.1,Regular,Yes,Low Rating,No
19-07-2024,Smartwatch,Electronics,North,3,2601,463.36,"1,790",ABC1790,867,34,7,Same Day,2.9,Premium,Yes,Not Returned,No
15-11-2022,Headphones,Accessories,West,4,3616,745.75,"1,791",ABC1791,904,25,8,Standard,2.4,Premium,Yes,Low Rating,No
01-02-2023,Mouse,Accessories,West,5,3350,986.33,"1,792",ABC1792,670,24,6,Express,2.9,Premium,Yes,Not Returned,No
20-12-2023,Smartwatch,Electronics,South,5,2545,588.47,"1,793",ABC1793,509,10,3,Same Day,4.4,Premium,No,Not Returned,No
26-08-2024,Monitor,Accessories,East,1,545,68.28,"1,794",ABC1794,545,26,2,Express,3.7,Regular,Yes,Product Issue,No
19-12-2023,Mouse,Accessories,North,7,1470,178.85,"1,795",ABC1795,210,22,12,Same Day,1.2,Regular,Yes,Low Rating,No
30-11-2023,Camera,Electronics,South,3,3126,870.95,"1,796",ABC1796,1042,12,7,Standard,2.8,Premium,Yes,Not Returned,No
27-12-2024,Laptop,Electronics,West,3,1368,302.29,"1,797",ABC1797,456,36,12,Standard,1,Regular,Yes,Low Rating,No
21-12-2024,Headphones,Accessories,East,9,7083,1353.39,"1,798",ABC1798,787,37,12,Standard,2,Premium,Yes,Low Rating,No
28-01-2024,Printer,Office,East,2,1994,453.74,"1,799",ABC1799,997,20,12,Standard,1,Regular,Yes,Low Rating,No
03-09-2022,Camera,Electronics,North,4,4716,1084.16,"1,800",ABC1800,1179,16,11,Same Day,1.3,Premium,Yes,Low Rating,No
29-02-2024,Monitor,Accessories,South,1,975,125.85,"1,801",ABC1801,975,38,1,Express,4.2,Regular,No,Not Returned,No
21-04-2023,Smartphone,Electronics,West,9,9891,1774.03,"1,802",ABC1802,1099,18,3,Standard,3.9,Premium,No,Not Returned,No
24-05-2024,Smartwatch,Electronics,South,2,626,159.49,"1,803",ABC1803,313,37,12,Same Day,2.2,Regular,Yes,Low Rating,No
19-05-2024,Monitor,Accessories,East,8,5632,1620.04,"1,804",ABC1804,704,27,11,Express,1.2,Premium,Yes,Low Rating,No
10-09-2024,Printer,Office,West,3,2568,734.6,"1,805",ABC1805,856,6,4,Standard,3.9,Premium,No,Not Returned,No
12-09-2023,Tablet,Electronics,East,7,5285,629.07,"1,806",ABC1806,755,25,1,Express,5,Premium,No,Not Returned,No
08-11-2023,Camera,Electronics,East,2,516,122.77,"1,807",ABC1807,258,6,5,Standard,3.2,Regular,No,Not Returned,No
31-05-2022,Monitor,Accessories,East,3,2139,503.08,"1,808",ABC1808,713,31,10,Express,1.5,Regular,Yes,Low Rating,No
05-01-2023,Laptop,Electronics,East,9,8136,1923.89,"1,809",ABC1809,904,13,3,Express,4.2,Premium,No,Not Returned,No
25-10-2024,Laptop,Electronics,West,5,2130,318.99,"1,810",ABC1810,426,5,2,Standard,4.2,Regular,No,Not Returned,No
01-04-2024,Headphones,Accessories,South,5,3445,202.15,"1,811",ABC1811,689,15,3,Same Day,3.8,Premium,No,Not Returned,No
16-12-2024,Tablet,Electronics,East,8,5376,429.84,"1,812",ABC1812,672,7,8,Express,2.8,Premium,Yes,Not Returned,No
05-08-2023,Printer,Office,West,6,3006,730.14,"1,813",ABC1813,501,27,6,Standard,3,Premium,No,Not Returned,No
31-12-2022,Headphones,Accessories,North,7,3941,1113.85,"1,814",ABC1814,563,30,7,Express,3.3,Premium,No,Not Returned,No
10-03-2023,Monitor,Accessories,North,5,3350,389.95,"1,815",ABC1815,670,8,12,Express,1,Premium,Yes,Low Rating,No
05-05-2024,Printer,Office,South,3,2019,265.44,"1,816",ABC1816,673,22,6,Same Day,2.3,Regular,Yes,Low Rating,No
09-06-2022,Headphones,Accessories,North,8,2416,403.38,"1,817",ABC1817,302,10,6,Express,1.3,Premium,Yes,Low Rating,No
13-05-2022,Monitor,Accessories,West,8,6160,684.71,"1,818",ABC1818,770,39,12,Express,1,Premium,Yes,Low Rating,No
07-04-2022,Printer,Office,East,4,2796,682.65,"1,819",ABC1819,699,26,3,Standard,3.2,Premium,No,Not Returned,No
19-12-2024,Smartwatch,Electronics,South,7,7700,1573.41,"1,820",ABC1820,1100,19,12,Standard,1.1,Premium,Yes,Low Rating,No
17-06-2024,Smartwatch,Electronics,West,5,2095,193.93,"1,821",ABC1821,419,26,8,Same Day,1.8,Regular,Yes,Low Rating,No
25-09-2024,Camera,Electronics,North,5,5990,1548.62,"1,822",ABC1822,1198,16,12,Express,1,Premium,Yes,Low Rating,No
27-12-2024,Smartwatch,Electronics,North,2,1206,307.02,"1,823",ABC1823,603,22,7,Express,2.6,Regular,Yes,Not Returned,No
15-03-2024,Smartwatch,Electronics,South,5,1330,285.78,"1,824",ABC1824,266,39,7,Express,2.1,Regular,Yes,Low Rating,No
25-07-2022,Camera,Electronics,West,6,2706,766.68,"1,825",ABC1825,451,34,6,Same Day,3.2,Premium,No,Not Returned,No
14-01-2023,Laptop,Electronics,East,3,426,50.8,"1,826",ABC1826,142,28,5,Express,3.6,Regular,Yes,Product Issue,No
13-11-2024,Tablet,Electronics,West,1,414,50.26,"1,827",ABC1827,414,34,10,Standard,1.9,Regular,Yes,Low Rating,No
29-06-2024,Laptop,Electronics,East,5,5465,546.33,"1,828",ABC1828,1093,18,8,Same Day,1.1,Premium,Yes,Low Rating,No
22-05-2024,Tablet,Electronics,South,3,726,71.06,"1,829",ABC1829,242,10,5,Standard,3.4,Regular,Yes,Product Issue,No
30-04-2022,Smartwatch,Electronics,East,1,1001,225.75,"1,830",ABC1830,1001,7,9,Standard,1.9,Regular,Yes,Low Rating,No
16-02-2022,Mouse,Accessories,West,9,7362,1866.65,"1,831",ABC1831,818,20,9,Same Day,1.4,Premium,Yes,Low Rating,No
14-05-2022,Keyboard,Accessories,East,4,2284,576.59,"1,832",ABC1832,571,11,1,Standard,3.6,Regular,No,Not Returned,No
17-12-2022,Tablet,Electronics,East,4,2940,566.36,"1,833",ABC1833,735,18,6,Express,2.9,Premium,Yes,Not Returned,No
16-05-2023,Printer,Office,South,4,3068,868.89,"1,834",ABC1834,767,13,7,Same Day,3.2,Premium,No,Not Returned,No
07-08-2024,Smartphone,Electronics,North,3,3477,862.21,"1,835",ABC1835,1159,19,3,Standard,2.7,Premium,Yes,Not Returned,No
04-08-2024,Smartwatch,Electronics,West,9,4014,204.48,"1,836",ABC1836,446,25,7,Express,2.3,Premium,Yes,Low Rating,No
07-08-2024,Monitor,Accessories,North,8,7200,804.53,"1,837",ABC1837,900,39,11,Express,1.4,Premium,Yes,Low Rating,No
03-04-2024,Smartwatch,Electronics,West,3,735,134.53,"1,838",ABC1838,245,6,11,Standard,1.9,Regular,Yes,Low Rating,No
31-01-2023,Monitor,Accessories,East,3,2964,446.54,"1,839",ABC1839,988,31,7,Express,2.5,Premium,Yes,Not Returned,No
25-03-2022,Camera,Electronics,West,9,3699,276.07,"1,840",ABC1840,411,6,11,Same Day,2.3,Premium,Yes,Low Rating,No
14-05-2022,Printer,Office,West,3,1563,221.62,"1,841",ABC1841,521,39,2,Standard,3.4,Regular,No,Not Returned,No
13-07-2023,Mouse,Accessories,South,2,124,32.27,"1,842",ABC1842,62,22,7,Express,1.7,Regular,Yes,Low Rating,No
03-07-2023,Mouse,Accessories,North,2,416,71.68,"1,843",ABC1843,208,18,1,Express,5,Regular,Yes,Product Issue,No
07-03-2023,Camera,Electronics,South,8,2624,294.24,"1,844",ABC1844,328,24,5,Standard,2.2,Premium,Yes,Low Rating,No
04-11-2024,Headphones,Accessories,East,4,1636,134.85,"1,845",ABC1845,409,22,9,Standard,2.2,Regular,Yes,Low Rating,No
24-12-2023,Headphones,Accessories,East,8,8200,1978.93,"1,846",ABC1846,1025,14,7,Standard,2.5,Premium,Yes,Not Returned,No
10-03-2022,Mouse,Accessories,East,5,5615,715.58,"1,847",ABC1847,1123,29,7,Standard,2.2,Premium,Yes,Low Rating,No
30-09-2022,Printer,Office,East,5,3085,413.52,"1,848",ABC1848,617,6,11,Same Day,1.1,Premium,Yes,Low Rating,No
07-12-2024,Keyboard,Accessories,South,6,3198,913.76,"1,849",ABC1849,533,29,12,Standard,1,Premium,Yes,Low Rating,No
13-02-2022,Camera,Electronics,West,4,1848,374.66,"1,850",ABC1850,462,37,2,Same Day,4.2,Regular,No,Not Returned,No
11-04-2023,Smartwatch,Electronics,North,4,652,116.06,"1,851",ABC1851,163,35,8,Same Day,2.3,Regular,Yes,Low Rating,No
22-11-2022,Mouse,Accessories,South,6,2940,609.99,"1,852",ABC1852,490,18,3,Standard,3.8,Premium,No,Not Returned,No
29-05-2022,Headphones,Accessories,East,4,3912,454.89,"1,853",ABC1853,978,5,8,Same Day,2,Premium,Yes,Low Rating,No
09-10-2022,Tablet,Electronics,South,8,9392,891.07,"1,854",ABC1854,1174,20,3,Standard,4.1,Premium,No,Not Returned,No
21-10-2022,Monitor,Accessories,West,1,312,43.01,"1,855",ABC1855,312,7,10,Standard,2.5,Regular,Yes,Late Delivery,No
24-11-2023,Laptop,Electronics,East,9,7731,1459.74,"1,856",ABC1856,859,39,7,Express,2.5,Premium,Yes,Not Returned,No
23-06-2023,Tablet,Electronics,West,1,1081,229.32,"1,857",ABC1857,1081,10,2,Standard,4.7,Regular,No,Not Returned,No
16-08-2023,Smartphone,Electronics,West,6,1926,393.01,"1,858",ABC1858,321,29,4,Express,3.2,Regular,No,Not Returned,No
26-07-2022,Monitor,Accessories,East,3,936,88.51,"1,859",ABC1859,312,17,11,Same Day,1,Regular,Yes,Low Rating,No
29-12-2024,Laptop,Electronics,South,9,8550,1970.98,"1,860",ABC1860,950,38,6,Express,3.2,Premium,No,Not Returned,No
24-08-2023,Monitor,Accessories,North,4,2468,457.51,"1,861",ABC1861,617,12,11,Same Day,1.2,Premium,Yes,Low Rating,No
04-09-2023,Tablet,Electronics,West,3,801,90.34,"1,862",ABC1862,267,25,9,Standard,2.6,Regular,Yes,Late Delivery,No
03-01-2023,Laptop,Electronics,East,9,2655,701.11,"1,863",ABC1863,295,38,5,Same Day,4,Premium,No,Not Returned,No
30-11-2023,Smartwatch,Electronics,West,8,3928,700.38,"1,864",ABC1864,491,8,9,Same Day,2.4,Premium,Yes,Low Rating,No
11-07-2024,Monitor,Accessories,East,8,6488,1438.34,"1,865",ABC1865,811,29,5,Standard,3.7,Premium,No,Not Returned,No
03-02-2024,Headphones,Accessories,West,9,7695,1749.26,"1,866",ABC1866,855,19,10,Same Day,1,Premium,Yes,Low Rating,No
19-07-2023,Headphones,Accessories,West,2,1856,468.19,"1,867",ABC1867,928,8,8,Standard,2.6,Regular,Yes,Not Returned,No
14-04-2022,Smartwatch,Electronics,North,7,1519,403.63,"1,868",ABC1868,217,16,1,Express,5,Regular,No,Not Returned,No
19-01-2024,Tablet,Electronics,West,3,3549,996.05,"1,869",ABC1869,1183,36,7,Standard,2,Premium,Yes,Low Rating,No
12-09-2024,Laptop,Electronics,East,3,1656,378.84,"1,870",ABC1870,552,36,4,Standard,3.7,Regular,No,Not Returned,No
24-08-2024,Keyboard,Accessories,North,7,812,175.55,"1,871",ABC1871,116,32,5,Same Day,2.8,Regular,Yes,Not Returned,No
25-12-2022,Mouse,Accessories,North,5,3730,864.41,"1,872",ABC1872,746,17,6,Express,3.5,Premium,No,Not Returned,No
24-12-2023,Monitor,Accessories,South,1,1161,210.87,"1,873",ABC1873,1161,35,5,Standard,2.9,Regular,Yes,Not Returned,No
18-05-2022,Headphones,Accessories,North,3,2256,282.52,"1,874",ABC1874,752,18,12,Express,1,Regular,Yes,Low Rating,No
28-09-2024,Monitor,Accessories,East,1,359,78.17,"1,875",ABC1875,359,24,1,Express,4.4,Regular,Yes,Product Issue,No
23-03-2024,Headphones,Accessories,East,2,130,11.1,"1,876",ABC1876,65,22,12,Same Day,2.1,Regular,Yes,Low Rating,No
26-09-2022,Mouse,Accessories,South,8,4248,831.54,"1,877",ABC1877,531,33,9,Standard,2.5,Premium,Yes,Late Delivery,No
04-10-2024,Camera,Electronics,South,5,1825,221.47,"1,878",ABC1878,365,10,2,Same Day,5,Regular,No,Not Returned,No
25-09-2024,Keyboard,Accessories,East,2,876,224.01,"1,879",ABC1879,438,36,9,Standard,1.1,Regular,Yes,Low Rating,No
03-01-2023,Camera,Electronics,North,9,9180,2752.84,"1,880",ABC1880,1020,33,10,Express,1,Premium,Yes,Low Rating,No
26-03-2024,Monitor,Accessories,West,,1765,160.89,"1,881",ABC1881,353,6,2,Standard,5,Regular,No,Not Returned,No
06-10-2022,Monitor,Accessories,South,2,1504,164.51,"1,882",ABC1882,752,27,9,Standard,1.1,Regular,Yes,Low Rating,No
30-06-2022,Keyboard,Accessories,South,9,1881,430.78,"1,883",ABC1883,209,23,6,Express,2.7,Regular,Yes,Not Returned,No
16-01-2022,Keyboard,Accessories,East,9,7425,1533.72,"1,884",ABC1884,825,35,11,Express,2.4,Premium,Yes,Low Rating,No
16-10-2022,Tablet,Electronics,East,9,720,192.83,"1,885",ABC1885,80,9,9,Standard,1.5,Regular,Yes,Low Rating,No
07-05-2024,Smartphone,Electronics,West,5,2985,698.22,"1,886",ABC1886,597,23,6,Same Day,2.1,Premium,Yes,Low Rating,No
04-01-2022,Laptop,Electronics,North,9,711,200.11,"1,887",ABC1887,79,38,6,Standard,3,Regular,No,Not Returned,No
13-08-2024,Printer,Office,South,6,6276,1396.25,"1,888",ABC1888,1046,14,11,Express,1,Premium,Yes,Low Rating,No
13-01-2023,Mouse,Accessories,East,7,7966,955.8,"1,889",ABC1889,1138,29,2,Same Day,5,Premium,No,Not Returned,No
14-03-2023,Headphones,Accessories,East,8,4200,854.89,"1,890",ABC1890,525,6,8,Express,1.9,Premium,Yes,Low Rating,No
17-05-2024,Laptop,Electronics,East,7,455,80,"1,891",ABC1891,65,15,3,Express,3.5,Regular,Yes,Product Issue,No
15-10-2024,Keyboard,Accessories,South,8,5040,465.36,"1,892",ABC1892,630,35,7,Same Day,2.7,Premium,Yes,Not Returned,No
11-09-2023,Mouse,Accessories,East,1,856,87.69,"1,893",ABC1893,856,19,5,Express,3.1,Regular,Yes,Product Issue,No
20-07-2023,Monitor,Accessories,West,5,5230,385.77,"1,894",ABC1894,1046,13,3,Express,4.1,Premium,No,Not Returned,No
19-03-2022,Laptop,Electronics,South,5,4635,769.03,"1,895",ABC1895,927,27,1,Express,4.9,Premium,No,Not Returned,No
07-12-2024,Laptop,Electronics,East,6,5508,360.28,"1,896",ABC1896,918,23,8,Express,2.2,Premium,Yes,Low Rating,No
06-06-2023,Smartphone,Electronics,North,1,258,27.01,"1,897",ABC1897,258,13,3,Express,3.4,Regular,Yes,Product Issue,No
13-07-2023,Smartphone,Electronics,East,1,677,88.41,"1,898",ABC1898,677,39,2,Express,4.7,Regular,Yes,Product Issue,No
10-07-2023,Monitor,Accessories,West,5,4545,755.05,"1,899",ABC1899,909,25,1,Express,4.3,Premium,No,Not Returned,No
09-09-2024,Smartphone,Electronics,South,5,4370,1255.36,"1,900",ABC1900,874,13,4,Express,3.2,Premium,No,Not Returned,No
06-01-2023,Keyboard,Accessories,East,3,372,57.51,"1,901",ABC1901,124,32,8,Express,2.4,Regular,Yes,Low Rating,No
05-09-2024,Camera,Electronics,West,9,3177,629.96,"1,902",ABC1902,353,11,3,Standard,3,Premium,No,Not Returned,No
19-04-2023,Printer,Office,South,7,1659,127.48,"1,903",ABC1903,237,20,1,Standard,4.9,Regular,No,Not Returned,No
20-04-2023,Tablet,Electronics,South,3,3360,759.31,"1,904",ABC1904,1120,20,4,Express,3.8,Premium,No,Not Returned,No
02-03-2023,Smartphone,Electronics,West,2,1132,290.56,"1,905",ABC1905,566,37,9,Standard,2.6,Regular,Yes,Late Delivery,No
05-10-2024,Smartwatch,Electronics,East,5,1815,468.62,"1,906",ABC1906,363,8,1,Same Day,4.4,Regular,No,Not Returned,No
11-11-2023,Mouse,Accessories,North,1,459,125.19,"1,907",ABC1907,459,8,12,Standard,1.7,Regular,Yes,Low Rating,No
15-11-2023,Smartphone,Electronics,West,1,1128,73.74,"1,908",ABC1908,1128,21,11,Express,1.6,Regular,Yes,Low Rating,No
30-10-2024,Monitor,Accessories,East,6,1170,104.63,"1,909",ABC1909,195,33,2,Express,4.3,Regular,No,Not Returned,No
01-08-2022,Smartwatch,Electronics,North,5,4420,380.69,"1,910",ABC1910,884,39,9,Standard,2.9,Premium,Yes,Late Delivery,No
29-02-2024,Smartphone,Electronics,West,6,456,69.15,"1,911",ABC1911,76,11,2,Express,4.4,Regular,Yes,Product Issue,No
25-02-2024,Tablet,Electronics,North,2,1458,154.79,"1,912",ABC1912,729,31,3,Same Day,3.7,Regular,No,Not Returned,No
24-06-2024,Monitor,Accessories,West,7,2989,197.58,"1,913",ABC1913,427,32,7,Same Day,2.7,Premium,Yes,Not Returned,No
20-12-2024,Camera,Electronics,North,4,3424,845.68,"1,914",ABC1914,856,26,3,Express,3.7,Premium,No,Not Returned,No
14-10-2024,Mouse,Accessories,West,2,1226,124.25,"1,915",ABC1915,613,18,9,Same Day,2.2,Regular,Yes,Low Rating,No
16-11-2024,Laptop,Electronics,North,8,6760,1097.63,"1,916",ABC1916,845,11,6,Same Day,3.7,Premium,No,Not Returned,No
25-09-2023,Smartphone,Electronics,West,1,111,13.61,"1,917",ABC1917,111,26,3,Standard,4,Regular,Yes,Product Issue,No
09-06-2023,Printer,Office,North,5,3275,222.29,"1,918",ABC1918,655,9,9,Same Day,2,Premium,Yes,Low Rating,No
08-09-2024,Headphones,Accessories,North,3,2508,498.69,"1,919",ABC1919,836,6,1,Standard,5,Premium,No,Not Returned,No
01-09-2024,Keyboard,Accessories,South,8,904,202.35,"1,920",ABC1920,113,31,10,Express,2.3,Regular,Yes,Low Rating,No
05-09-2024,Printer,Office,West,3,1506,427.84,"1,921",ABC1921,502,25,3,Standard,3.8,Regular,No,Not Returned,No
23-10-2022,Smartphone,Electronics,South,3,987,97.01,"1,922",ABC1922,329,19,1,Express,4.8,Regular,Yes,Product Issue,No
29-01-2022,Smartphone,Electronics,East,7,2968,728.94,"1,923",ABC1923,424,25,2,Express,4.7,Premium,No,Not Returned,No
17-03-2022,Mouse,Accessories,South,5,4200,746.86,"1,924",ABC1924,840,14,12,Express,1.2,Premium,Yes,Low Rating,No
16-01-2024,Smartwatch,Electronics,North,5,1645,313.66,"1,925",ABC1925,329,27,8,Express,1.4,Regular,Yes,Low Rating,No
25-11-2024,Printer,Office,East,3,3282,492.59,"1,926",ABC1926,1094,9,7,Express,3.2,Premium,No,Not Returned,No
13-02-2022,Headphones,Accessories,East,9,4914,1160.45,"1,927",ABC1927,546,5,2,Standard,4.6,Premium,No,Not Returned,No
30-03-2023,Laptop,Electronics,North,6,3924,762.96,"1,928",ABC1928,654,17,2,Express,4.6,Premium,No,Not Returned,No
12-09-2023,Headphones,Accessories,South,6,420,65.62,"1,929",ABC1929,70,25,9,Same Day,1.4,Regular,Yes,Low Rating,No
28-06-2024,Printer,Office,West,4,1544,106.02,"1,930",ABC1930,386,30,6,Same Day,3.1,Regular,No,Not Returned,No
29-08-2022,Headphones,Accessories,East,2,2046,233.47,"1,931",ABC1931,1023,25,5,Express,3.8,Regular,No,Not Returned,No
22-11-2023,Headphones,Accessories,West,2,1548,157.48,"1,932",ABC1932,774,22,10,Same Day,1.2,Regular,Yes,Low Rating,No
10-05-2023,Keyboard,Accessories,North,4,3184,478.27,"1,933",ABC1933,796,36,6,Standard,2.7,Premium,Yes,Not Returned,No
17-10-2024,Printer,Office,South,5,3385,774.86,"1,934",ABC1934,677,21,9,Standard,2.4,Premium,Yes,Low Rating,No
11-10-2023,Monitor,Accessories,North,1,59,10.32,"1,935",ABC1935,59,39,11,Express,1,Regular,Yes,Low Rating,No
18-05-2024,Monitor,Accessories,South,8,5976,1016.99,"1,936",ABC1936,747,15,7,Express,2.6,Premium,Yes,Not Returned,No
30-01-2023,Mouse,Accessories,West,3,1791,122.5,"1,937",ABC1937,597,25,10,Express,1.1,Regular,Yes,Low Rating,No
13-01-2023,Smartwatch,Electronics,West,2,1644,189.32,"1,938",ABC1938,822,30,10,Same Day,2.6,Regular,Yes,Late Delivery,No
17-05-2024,Tablet,Electronics,West,8,6584,544.62,"1,939",ABC1939,823,8,9,Same Day,2.3,Premium,Yes,Low Rating,No
03-08-2022,Headphones,Accessories,East,5,1620,325.87,"1,940",ABC1940,324,38,4,Standard,3.5,Regular,No,Not Returned,No
06-02-2024,Mouse,Accessories,West,9,2736,407.22,"1,941",ABC1941,304,22,2,Same Day,4.1,Premium,No,Not Returned,No
11-04-2024,Monitor,Accessories,South,4,1064,274.47,"1,942",ABC1942,266,39,12,Standard,1,Regular,Yes,Low Rating,No
18-06-2024,Camera,Electronics,South,7,2667,363.5,"1,943",ABC1943,381,33,8,Same Day,2.3,Premium,Yes,Low Rating,No
03-04-2023,Headphones,Accessories,South,3,735,217.79,"1,944",ABC1944,245,33,4,Standard,4,Regular,No,Not Returned,No
18-12-2024,Laptop,Electronics,East,1,58,11.25,"1,945",ABC1945,58,25,9,Express,1.6,Regular,Yes,Low Rating,No
25-04-2023,Camera,Electronics,South,7,3136,850.3,"1,946",ABC1946,448,17,4,Same Day,3.7,Premium,No,Not Returned,No
17-09-2023,Mouse,Accessories,East,4,3936,374.34,"1,947",ABC1947,984,21,8,Standard,2.1,Premium,Yes,Low Rating,No
23-11-2022,Smartphone,Electronics,East,9,6102,947.91,"1,948",ABC1948,678,13,9,Same Day,2.7,Premium,Yes,Late Delivery,No
17-05-2024,Smartphone,Electronics,North,8,9408,552.44,"1,949",ABC1949,1176,5,9,Express,1.7,Premium,Yes,Low Rating,No
14-12-2022,Mouse,Accessories,South,9,7875,1243.56,"1,950",ABC1950,875,6,10,Standard,2.1,Premium,Yes,Low Rating,No
13-10-2024,Keyboard,Accessories,North,9,9900,576.8,"1,951",ABC1951,1100,33,4,Same Day,4.4,Premium,No,Not Returned,No
16-10-2024,Keyboard,Accessories,North,2,430,114.91,"1,952",ABC1952,215,37,1,Same Day,4.5,Regular,No,Not Returned,No
18-09-2023,Mouse,Accessories,South,3,813,238.1,"1,953",ABC1953,271,14,3,Express,3.7,Regular,No,Not Returned,No
09-12-2023,Camera,Electronics,South,4,4176,980.11,"1,954",ABC1954,1044,25,9,Express,2.5,Premium,Yes,Late Delivery,No
02-10-2023,Camera,Electronics,South,4,3084,348.38,"1,955",ABC1955,771,32,4,Standard,2.8,Premium,Yes,Not Returned,No
31-03-2022,Mouse,Accessories,West,7,8008,1593.65,"1,956",ABC1956,1144,15,5,Same Day,3.5,Premium,No,Not Returned,No
12-06-2024,Smartwatch,Electronics,South,4,4608,963.5,"1,957",ABC1957,1152,38,7,Same Day,1.9,Premium,Yes,Low Rating,No
16-06-2024,Headphones,Accessories,West,4,4356,614.62,"1,958",ABC1958,1089,12,5,Express,3.9,Premium,No,Not Returned,No
04-09-2023,Printer,Office,South,1,566,169.17,"1,959",ABC1959,566,26,4,Express,3.5,Regular,No,Not Returned,No
02-12-2022,Laptop,Electronics,East,7,945,75.21,"1,960",ABC1960,135,12,2,Standard,4.3,Regular,Yes,Product Issue,No
12-11-2022,Smartwatch,Electronics,North,4,2200,484.33,"1,961",ABC1961,550,19,2,Same Day,4,Regular,No,Not Returned,No
30-12-2024,Mouse,Accessories,North,1,746,131.25,"1,962",ABC1962,746,21,4,Same Day,2.9,Regular,Yes,Not Returned,No
06-12-2024,Monitor,Accessories,East,5,3505,678.18,"1,963",ABC1963,701,27,10,Standard,2.3,Premium,Yes,Low Rating,No
26-05-2024,Monitor,Accessories,East,5,4795,819.12,"1,964",ABC1964,959,28,10,Standard,1.6,Premium,Yes,Low Rating,No
20-10-2024,Monitor,Accessories,North,5,4590,650.05,"1,965",ABC1965,918,23,9,Express,3.6,Premium,No,Late Delivery,No
04-05-2023,Monitor,Accessories,North,4,2092,467.02,"1,966",ABC1966,523,9,8,Express,1.9,Regular,Yes,Low Rating,No
09-05-2024,Mouse,Accessories,South,8,3568,334.13,"1,967",ABC1967,446,36,3,Standard,3.7,Premium,No,Not Returned,No
07-12-2023,Smartphone,Electronics,West,9,10404,2028.21,"1,968",ABC1968,1156,5,9,Standard,1.6,Premium,Yes,Low Rating,No
10-12-2022,Printer,Office,South,9,7029,1005.58,"1,969",ABC1969,781,27,5,Same Day,3.2,Premium,No,Not Returned,No
21-11-2022,Laptop,Electronics,West,8,664,126.6,"1,970",ABC1970,83,12,11,Standard,2.1,Regular,Yes,Low Rating,No
20-11-2024,Tablet,Electronics,West,3,1923,274,"1,971",ABC1971,641,17,3,Standard,4.5,Regular,No,Not Returned,No
30-11-2022,Printer,Office,West,7,2471,566.51,"1,972",ABC1972,353,12,5,Same Day,2.6,Premium,Yes,Not Returned,No
03-01-2024,Smartphone,Electronics,North,2,258,64.12,"1,973",ABC1973,129,27,10,Standard,2.3,Regular,Yes,Low Rating,No
29-10-2024,Smartwatch,Electronics,East,9,1134,267.26,"1,974",ABC1974,126,5,4,Express,4,Regular,No,Not Returned,No
24-09-2024,Headphones,Accessories,East,5,855,238.83,"1,975",ABC1975,171,28,8,Express,2.6,Regular,Yes,Not Returned,No
09-04-2024,Smartwatch,Electronics,West,9,3231,670.85,"1,976",ABC1976,359,39,12,Same Day,1,Premium,Yes,Low Rating,No
05-09-2024,Tablet,Electronics,South,7,3591,266.59,"1,977",ABC1977,513,28,5,Standard,3,Premium,No,Not Returned,No
03-02-2024,Camera,Electronics,East,2,254,20.48,"1,978",ABC1978,127,21,10,Express,1.7,Regular,Yes,Low Rating,No
17-03-2023,Smartphone,Electronics,South,5,5930,1193.32,"1,979",ABC1979,1186,9,12,Express,1,Premium,Yes,Low Rating,No
15-07-2024,Headphones,Accessories,West,2,1344,297.99,"1,980",ABC1980,672,24,8,Express,3,Regular,No,Not Returned,No
20-03-2023,Laptop,Electronics,East,1,920,98.31,"1,981",ABC1981,920,25,9,Express,1.7,Regular,Yes,Low Rating,No
28-08-2022,Printer,Office,North,9,5454,385.51,"1,982",ABC1982,606,35,4,Standard,2.7,Premium,Yes,Not Returned,No
01-12-2022,Laptop,Electronics,West,8,9512,663.23,"1,983",ABC1983,1189,15,7,Standard,2,Premium,Yes,Low Rating,No
21-01-2023,Mouse,Accessories,North,4,2972,827.46,"1,984",ABC1984,743,19,2,Standard,3.7,Premium,No,Not Returned,No
23-05-2024,Smartwatch,Electronics,West,3,3360,465.02,"1,985",ABC1985,1120,23,6,Standard,2.9,Premium,Yes,Not Returned,No
24-10-2022,Tablet,Electronics,West,4,1004,240.13,"1,986",ABC1986,251,11,8,Express,2.4,Regular,Yes,Low Rating,No
25-12-2024,Headphones,Accessories,West,2,1944,332.55,"1,987",ABC1987,972,32,12,Same Day,1,Regular,Yes,Low Rating,No
18-09-2023,Monitor,Accessories,East,5,5055,1200.09,"1,988",ABC1988,1011,9,7,Same Day,2.9,Premium,Yes,Not Returned,No
18-07-2022,Smartwatch,Electronics,West,2,128,8.33,"1,989",ABC1989,64,9,7,Express,2.5,Regular,Yes,Product Issue,No
09-03-2024,Smartphone,Electronics,East,3,633,163.03,"1,990",ABC1990,211,34,8,Express,2.2,Regular,Yes,Low Rating,No
14-12-2022,Printer,Office,South,3,2523,506.7,"1,991",ABC1991,841,36,7,Same Day,3.5,Premium,No,Not Returned,No
06-11-2023,Printer,Office,West,1,196,39.6,"1,992",ABC1992,196,12,5,Same Day,3.9,Regular,Yes,Product Issue,No
11-02-2022,Printer,Office,East,9,4212,552.96,"1,993",ABC1993,468,14,7,Express,2.9,Premium,Yes,Not Returned,No
28-03-2024,Monitor,Accessories,North,1,63,17.29,"1,994",ABC1994,63,36,10,Express,2.1,Regular,Yes,Low Rating,No
02-07-2023,Mouse,Accessories,South,8,2752,394.66,"1,995",ABC1995,344,32,3,Standard,3,Premium,No,Not Returned,No
11-11-2024,Mouse,Accessories,West,3,1989,419.61,"1,996",ABC1996,663,21,5,Standard,2.9,Regular,Yes,Not Returned,No
09-03-2024,Laptop,Electronics,East,8,8032,466.19,"1,997",ABC1997,1004,35,7,Same Day,2.5,Premium,Yes,Not Returned,No
21-01-2022,Tablet,Electronics,South,6,3702,407.34,"1,998",ABC1998,617,12,9,Express,1.6,Premium,Yes,Low Rating,No
17-10-2022,Smartwatch,Electronics,East,8,456,90.24,"1,999",ABC1999,57,29,2,Same Day,3.6,Regular,Yes,Product Issue,No
10-02-2023,Camera,Electronics,West,7,5355,1143.16,"2,000",ABC2000,765,13,4,Standard,3.9,Premium,No,Not Returned,No
04-03-2024,Camera,Electronics,West,1,972,261.91,"2,001",ABC2001,972,6,12,Standard,1.7,Regular,Yes,Low Rating,No
08-01-2022,Headphones,Accessories,South,5,3290,797.82,"2,002",ABC2002,658,19,7,Same Day,2.7,Premium,Yes,Not Returned,No
24-11-2022,Laptop,Electronics,East,1,735,139.31,"2,003",ABC2003,735,7,1,Standard,5,Regular,No,Not Returned,No
24-10-2024,Tablet,Electronics,North,3,3336,798.26,"2,004",ABC2004,1112,8,2,Express,4.3,Premium,No,Not Returned,No
03-10-2022,Keyboard,Accessories,West,3,2082,346.53,"2,005",ABC2005,694,18,9,Same Day,1.8,Regular,Yes,Low Rating,No
18-07-2024,Keyboard,Accessories,East,2,1340,129.89,"2,006",ABC2006,670,29,10,Express,2.1,Regular,Yes,Low Rating,No
13-03-2022,Laptop,Electronics,East,5,1160,227.13,"2,007",ABC2007,232,14,7,Express,2,Regular,Yes,Low Rating,No
21-09-2024,Monitor,Accessories,East,4,1272,299.84,"2,008",ABC2008,318,25,12,Standard,1,Regular,Yes,Low Rating,No
14-01-2022,Printer,Office,West,3,2817,588.47,"2,009",ABC2009,939,16,10,Express,1,Premium,Yes,Low Rating,No
05-03-2024,Monitor,Accessories,East,3,1464,264.67,"2,010",ABC2010,488,31,7,Same Day,3.1,Regular,No,Not Returned,No
13-02-2023,Headphones,Accessories,West,1,307,60.51,"2,011",ABC2011,307,6,6,Express,3,Regular,Yes,Product Issue,No
01-10-2022,Tablet,Electronics,West,6,5706,1306.92,"2,012",ABC2012,951,17,3,Express,4.2,Premium,No,Not Returned,No
25-05-2024,Headphones,Accessories,North,1,1112,100.47,"2,013",ABC2013,1112,36,10,Express,2.5,Regular,Yes,Late Delivery,No
15-07-2023,Keyboard,Accessories,West,1,1147,133.48,"2,014",ABC2014,1147,35,3,Express,3.4,Regular,No,Not Returned,No
11-02-2023,Laptop,Electronics,North,2,330,66.57,"2,015",ABC2015,165,20,2,Express,4.9,Regular,Yes,Product Issue,No
12-07-2023,Monitor,Accessories,North,4,2176,250.89,"2,016",ABC2016,544,36,11,Standard,1.1,Regular,Yes,Low Rating,No
19-03-2022,Headphones,Accessories,South,7,7616,1317.79,"2,017",ABC2017,1088,36,6,Same Day,2.7,Premium,Yes,Not Returned,No
16-07-2024,Printer,Office,North,1,1091,258.3,"2,018",ABC2018,1091,38,4,Standard,3.7,Regular,No,Not Returned,No
03-04-2024,Tablet,Electronics,East,2,1026,279.76,"2,019",ABC2019,513,15,5,Same Day,3.5,Regular,No,Not Returned,No
17-11-2024,Tablet,Electronics,West,2,210,42.04,"2,020",ABC2020,105,14,3,Same Day,3.9,Regular,Yes,Product Issue,No
17-09-2022,Printer,Office,North,2,180,10.78,"2,021",ABC2021,90,19,6,Same Day,3.3,Regular,Yes,Product Issue,No
12-09-2024,Tablet,Electronics,North,4,380,72.88,"2,022",ABC2022,95,21,11,Same Day,1.4,Regular,Yes,Low Rating,No
13-08-2023,Monitor,Accessories,West,8,7664,1580.55,"2,023",ABC2023,958,22,12,Same Day,1,Premium,Yes,Low Rating,No
22-10-2022,Smartphone,Electronics,East,8,6056,1029.9,"2,024",ABC2024,757,13,3,Express,3.8,Premium,No,Not Returned,No
28-01-2022,Mouse,Accessories,North,6,606,104.52,"2,025",ABC2025,101,29,8,Standard,2.5,Regular,Yes,Not Returned,No
30-03-2024,Monitor,Accessories,North,3,750,193.86,"2,026",ABC2026,250,18,9,Standard,1.3,Regular,Yes,Low Rating,No
11-12-2024,Printer,Office,East,2,1218,218.88,"2,027",ABC2027,609,29,4,Express,3.1,Regular,No,Not Returned,No
26-03-2023,Laptop,Electronics,West,2,2162,355.45,"2,028",ABC2028,1081,26,9,Same Day,1.8,Regular,Yes,Low Rating,No
13-03-2023,Headphones,Accessories,East,9,2223,347.01,"2,029",ABC2029,247,34,12,Standard,1.3,Regular,Yes,Low Rating,No
19-09-2023,Smartphone,Electronics,West,7,4452,920.05,"2,030",ABC2030,636,24,7,Express,3.7,Premium,No,Not Returned,No
08-02-2022,Printer,Office,West,1,184,50.19,"2,031",ABC2031,184,25,3,Express,3.9,Regular,Yes,Product Issue,No
05-04-2022,Headphones,Accessories,North,3,288,77.38,"2,032",ABC2032,96,36,7,Standard,1.8,Regular,Yes,Low Rating,No
24-01-2024,Camera,Electronics,West,2,834,150.12,"2,033",ABC2033,417,25,1,Standard,4.3,Regular,No,Not Returned,No
20-08-2023,Keyboard,Accessories,East,5,4025,923.17,"2,034",ABC2034,805,39,3,Same Day,4.3,Premium,No,Not Returned,No
08-09-2023,Headphones,Accessories,West,7,4732,1084.28,"2,035",ABC2035,676,36,6,Same Day,2.5,Premium,Yes,Not Returned,No
19-05-2022,Headphones,Accessories,West,5,4025,407.72,"2,036",ABC2036,805,34,4,Standard,3,Premium,No,Not Returned,No
15-07-2023,Printer,Office,South,8,2416,500.93,"2,037",ABC2037,302,16,7,Same Day,3,Premium,No,Not Returned,No
16-03-2024,Tablet,Electronics,North,7,1897,524.69,"2,038",ABC2038,271,22,3,Express,4.2,Regular,No,Not Returned,No
16-04-2022,Mouse,Accessories,East,4,840,190.13,"2,039",ABC2039,210,25,1,Same Day,3.9,Regular,No,Not Returned,No
02-01-2022,Mouse,Accessories,North,8,6600,360.45,"2,040",ABC2040,825,17,9,Same Day,1.6,Premium,Yes,Low Rating,No
20-10-2022,Laptop,Electronics,West,2,2362,342.27,"2,041",ABC2041,1181,25,6,Express,3.6,Premium,No,Not Returned,No
04-02-2024,Headphones,Accessories,South,6,2958,577.27,"2,042",ABC2042,493,12,8,Same Day,2.8,Premium,Yes,Not Returned,No
22-03-2024,Tablet,Electronics,East,1,477,56.49,"2,043",ABC2043,477,11,3,Express,3.4,Regular,Yes,Product Issue,No
04-06-2022,Keyboard,Accessories,North,3,942,84.8,"2,044",ABC2044,314,27,8,Same Day,1.3,Regular,Yes,Low Rating,No
21-01-2023,Camera,Electronics,East,2,2084,586.72,"2,045",ABC2045,1042,36,2,Standard,4.5,Regular,No,Not Returned,No
16-08-2023,Tablet,Electronics,West,6,4584,473.37,"2,046",ABC2046,764,15,12,Same Day,1,Premium,Yes,Low Rating,No
28-05-2022,Printer,Office,East,1,1118,319.28,"2,047",ABC2047,1118,26,4,Standard,3.8,Regular,No,Not Returned,No
30-04-2024,Mouse,Accessories,North,9,4005,652.15,"2,048",ABC2048,445,26,3,Standard,4.3,Premium,No,Not Returned,No
04-03-2024,Smartwatch,Electronics,East,5,4610,1293.37,"2,049",ABC2049,922,29,10,Standard,1.2,Premium,Yes,Low Rating,No
14-10-2024,Keyboard,Accessories,South,1,551,86.84,"2,050",ABC2050,551,26,1,Standard,4.5,Regular,Yes,Product Issue,No
05-08-2022,Printer,Office,West,1,75,19.29,"2,051",ABC2051,75,32,7,Standard,2.2,Regular,Yes,Low Rating,No
19-12-2023,Mouse,Accessories,South,6,6576,1899.67,"2,052",ABC2052,1096,33,11,Express,1,Premium,Yes,Low Rating,No
26-03-2023,Printer,Office,North,6,6432,1410.52,"2,053",ABC2053,1072,17,10,Express,1.9,Premium,Yes,Low Rating,No
08-08-2022,Headphones,Accessories,South,7,7763,1444.27,"2,054",ABC2054,1109,22,2,Express,4.4,Premium,No,Not Returned,No
02-03-2024,Monitor,Accessories,East,7,2240,622.29,"2,055",ABC2055,320,6,4,Standard,2.9,Regular,Yes,Not Returned,No
04-12-2022,Headphones,Accessories,East,6,5298,1209.88,"2,056",ABC2056,883,33,9,Same Day,2.4,Premium,Yes,Low Rating,No
15-07-2023,Smartwatch,Electronics,North,2,116,32.27,"2,057",ABC2057,58,25,6,Express,2.8,Regular,Yes,Product Issue,No
02-02-2022,Tablet,Electronics,East,8,6728,1140.19,"2,058",ABC2058,841,19,8,Same Day,2.7,Premium,Yes,Not Returned,No
02-12-2022,Monitor,Accessories,North,5,490,55.59,"2,059",ABC2059,98,31,2,Same Day,3.8,Regular,Yes,Product Issue,No
26-01-2024,Monitor,Accessories,North,7,2765,699.86,"2,060",ABC2060,395,35,7,Standard,2.2,Premium,Yes,Low Rating,No
21-04-2022,Smartphone,Electronics,West,8,2680,598.97,"2,061",ABC2061,335,19,6,Standard,3.1,Premium,No,Not Returned,No
19-08-2023,Camera,Electronics,East,2,2174,335.37,"2,062",ABC2062,1087,27,9,Standard,1.5,Regular,Yes,Low Rating,No
11-04-2024,Monitor,Accessories,North,9,5562,1258.12,"2,063",ABC2063,618,28,7,Express,2.5,Premium,Yes,Not Returned,No
27-09-2022,Smartphone,Electronics,East,8,9208,2595.33,"2,064",ABC2064,1151,17,1,Standard,4.1,Premium,No,Not Returned,No
31-08-2024,Smartphone,Electronics,West,4,4512,546.71,"2,065",ABC2065,1128,26,8,Express,2.1,Premium,Yes,Low Rating,No
04-03-2024,Camera,Electronics,West,9,7974,1965.96,"2,066",ABC2066,886,37,11,Express,1.3,Premium,Yes,Low Rating,No
30-04-2022,Monitor,Accessories,East,6,4944,1335.04,"2,067",ABC2067,824,7,10,Express,1.7,Premium,Yes,Low Rating,No
19-03-2022,Printer,Office,South,3,1611,234.84,"2,068",ABC2068,537,23,3,Express,3.8,Regular,No,Not Returned,No
05-07-2024,Smartwatch,Electronics,West,9,4599,618.89,"2,069",ABC2069,511,27,2,Standard,4.5,Premium,No,Not Returned,No
21-03-2024,Laptop,Electronics,East,6,4380,419.3,"2,070",ABC2070,730,33,12,Express,1.1,Premium,Yes,Low Rating,No
20-10-2024,Headphones,Accessories,South,2,2376,580.26,"2,071",ABC2071,1188,34,3,Standard,4,Premium,No,Not Returned,No
03-01-2023,Monitor,Accessories,South,9,6588,1800.9,"2,072",ABC2072,732,29,11,Standard,1,Premium,Yes,Low Rating,No
05-01-2022,Mouse,Accessories,East,5,3745,720.08,"2,073",ABC2073,749,12,6,Express,3.5,Premium,No,Not Returned,No
18-06-2022,Camera,Electronics,North,5,5305,1389.25,"2,074",ABC2074,1061,20,3,Standard,4.2,Premium,No,Not Returned,No
19-05-2023,Tablet,Electronics,North,8,1608,332.12,"2,075",ABC2075,201,12,10,Same Day,1.1,Regular,Yes,Low Rating,No
18-07-2024,Monitor,Accessories,East,9,4977,745.81,"2,076",ABC2076,553,5,5,Standard,3.7,Premium,No,Not Returned,No
09-02-2022,Smartphone,Electronics,East,7,4529,273.97,"2,077",ABC2077,647,9,6,Standard,3.4,Premium,No,Not Returned,No
15-04-2024,Camera,Electronics,West,7,4690,319.42,"2,078",ABC2078,670,7,8,Express,2.3,Premium,Yes,Low Rating,No
12-11-2024,Keyboard,Accessories,East,4,2424,544.07,"2,079",ABC2079,606,5,7,Express,2.7,Premium,Yes,Not Returned,No
27-11-2024,Keyboard,Accessories,North,6,3594,610.77,"2,080",ABC2080,599,8,11,Standard,1,Premium,Yes,Low Rating,No
03-05-2022,Keyboard,Accessories,North,7,3962,491.9,"2,081",ABC2081,566,39,8,Express,1.9,Premium,Yes,Low Rating,No
14-03-2024,Camera,Electronics,East,2,944,149.38,"2,082",ABC2082,472,36,3,Same Day,4.4,Regular,No,Not Returned,No
20-12-2022,Smartwatch,Electronics,West,6,6792,1787.97,"2,083",ABC2083,1132,38,4,Same Day,3.3,Premium,No,Not Returned,No
06-03-2023,Tablet,Electronics,North,7,6804,1383.81,"2,084",ABC2084,972,29,6,Express,2.9,Premium,Yes,Not Returned,No
20-09-2024,Camera,Electronics,South,6,816,98.75,"2,085",ABC2085,136,14,11,Standard,1,Regular,Yes,Low Rating,No
10-07-2022,Monitor,Accessories,North,6,5916,544.59,"2,086",ABC2086,986,25,7,Same Day,2.8,Premium,Yes,Not Returned,No
17-06-2022,Mouse,Accessories,South,5,5730,310.58,"2,087",ABC2087,1146,31,9,Same Day,2.2,Premium,Yes,Low Rating,No
13-05-2024,Headphones,Accessories,East,7,8288,785.54,"2,088",ABC2088,1184,31,1,Standard,4.9,Premium,No,Not Returned,No
24-06-2022,Headphones,Accessories,South,2,2046,394.93,"2,089",ABC2089,1023,6,8,Express,1.8,Regular,Yes,Low Rating,No
05-06-2022,Tablet,Electronics,East,9,5031,1149.48,"2,090",ABC2090,559,17,8,Same Day,2.4,Premium,Yes,Low Rating,No
10-03-2022,Keyboard,Accessories,South,9,1764,417.95,"2,091",ABC2091,196,13,6,Standard,3.8,Regular,No,Not Returned,No
23-07-2022,Laptop,Electronics,South,8,1880,486.88,"2,092",ABC2092,235,26,4,Standard,4,Regular,No,Not Returned,No
25-12-2023,Smartwatch,Electronics,West,2,200,10.45,"2,093",ABC2093,100,30,3,Same Day,4,Regular,Yes,Product Issue,No
06-10-2022,Mouse,Accessories,East,3,2688,476.77,"2,094",ABC2094,896,16,11,Express,1,Premium,Yes,Low Rating,No
02-01-2023,Laptop,Electronics,West,4,3216,213.81,"2,095",ABC2095,804,21,3,Same Day,3.9,Premium,No,Not Returned,No
21-12-2023,Camera,Electronics,East,8,8440,1504.18,"2,096",ABC2096,1055,18,6,Standard,3.8,Premium,No,Not Returned,No
26-04-2024,Tablet,Electronics,East,7,1582,208.42,"2,097",ABC2097,226,18,8,Same Day,3,Regular,No,Not Returned,No
12-07-2024,Laptop,Electronics,North,1,58,10.79,"2,098",ABC2098,58,38,7,Express,2.9,Regular,Yes,Product Issue,No
26-03-2022,Smartwatch,Electronics,West,8,608,163.18,"2,099",ABC2099,76,24,11,Standard,1,Regular,Yes,Low Rating,No
19-11-2024,Smartphone,Electronics,North,3,183,41.82,"2,100",ABC2100,61,15,1,Express,4.7,Regular,Yes,Product Issue,No
02-07-2024,Monitor,Accessories,West,5,3105,744.26,"2,101",ABC2101,621,20,11,Same Day,1.7,Premium,Yes,Low Rating,No
13-04-2023,Monitor,Accessories,North,5,2450,485.18,"2,102",ABC2102,490,35,6,Same Day,3.5,Premium,No,Not Returned,No
05-12-2022,Laptop,Electronics,North,3,3024,622.29,"2,103",ABC2103,1008,10,7,Express,2.8,Premium,Yes,Not Returned,No
20-04-2023,Printer,Office,East,4,3856,747.79,"2,104",ABC2104,964,23,12,Same Day,1.4,Premium,Yes,Low Rating,No
11-03-2024,Keyboard,Accessories,West,7,532,121.03,"2,105",ABC2105,76,8,7,Express,2.6,Regular,Yes,Not Returned,No
19-02-2023,Smartphone,Electronics,South,4,3152,307.62,"2,106",ABC2106,788,8,9,Same Day,1.9,Premium,Yes,Low Rating,No
04-12-2023,Monitor,Accessories,East,9,8586,1555.82,"2,107",ABC2107,954,24,11,Express,1.1,Premium,Yes,Low Rating,No
21-10-2022,Monitor,Accessories,South,2,1046,273.38,"2,108",ABC2108,523,14,11,Express,1.5,Regular,Yes,Low Rating,No
15-02-2022,Tablet,Electronics,West,4,3452,560.31,"2,109",ABC2109,863,28,10,Standard,2.2,Premium,Yes,Low Rating,No
12-03-2022,Monitor,Accessories,West,4,2368,361.02,"2,110",ABC2110,592,39,5,Standard,3.7,Premium,No,Not Returned,No
20-10-2022,Camera,Electronics,South,2,1924,422.25,"2,111",ABC2111,962,30,1,Express,4.1,Regular,No,Not Returned,No
19-09-2022,Laptop,Electronics,West,5,4580,1148.06,"2,112",ABC2112,916,25,2,Same Day,3.8,Premium,No,Not Returned,No
02-11-2024,Headphones,Accessories,East,5,3735,423.94,"2,113",ABC2113,747,25,4,Same Day,4.2,Premium,No,Not Returned,No
13-05-2023,Monitor,Accessories,North,4,2476,417.16,"2,114",ABC2114,619,14,5,Same Day,3.4,Premium,No,Not Returned,No
13-07-2023,Laptop,Electronics,South,2,162,16.51,"2,115",ABC2115,81,8,9,Express,2.1,Regular,Yes,Low Rating,No
04-07-2022,Printer,Office,West,3,258,38.03,"2,116",ABC2116,86,24,11,Express,1.4,Regular,Yes,Low Rating,No
19-03-2022,Keyboard,Accessories,East,4,3524,998.29,"2,117",ABC2117,881,21,1,Express,5,Premium,No,Not Returned,No
27-05-2023,Smartwatch,Electronics,South,8,6184,1796.9,"2,118",ABC2118,773,11,3,Express,3.8,Premium,No,Not Returned,No
07-03-2023,Monitor,Accessories,West,6,3750,645.69,"2,119",ABC2119,625,8,5,Standard,3.9,Premium,No,Not Returned,No
15-04-2022,Mouse,Accessories,South,5,1465,424.64,"2,120",ABC2120,293,33,3,Express,4.1,Regular,No,Not Returned,No
28-03-2024,Camera,,North,4,4480,412.05,"2,121",ABC2121,1120,18,4,Same Day,2.9,Premium,Yes,Not Returned,No
29-02-2024,Laptop,Electronics,North,8,1544,281.22,"2,122",ABC2122,193,7,3,Standard,3.6,Regular,No,Not Returned,No
21-01-2024,Headphones,Accessories,North,9,7974,1181.04,"2,123",ABC2123,886,28,4,Same Day,3.4,Premium,No,Not Returned,No
30-03-2024,Printer,Office,East,5,5920,1679.15,"2,124",ABC2124,1184,20,1,Express,5,Premium,No,Not Returned,No
02-10-2024,Smartwatch,Electronics,South,8,8792,2045.54,"2,125",ABC2125,1099,8,12,Standard,1.6,Premium,Yes,Low Rating,No
18-12-2023,Smartwatch,Electronics,East,1,294,52.37,"2,126",ABC2126,294,28,8,Express,2.5,Regular,Yes,Product Issue,No
23-01-2022,Camera,Electronics,East,7,1169,264.37,"2,127",ABC2127,167,38,4,Standard,3.4,Regular,No,Not Returned,No
14-02-2024,Camera,Electronics,West,8,9232,880.52,"2,128",ABC2128,1154,34,7,Same Day,2.2,Premium,Yes,Low Rating,No
09-10-2023,Headphones,Accessories,South,4,1396,135.48,"2,129",ABC2129,349,22,2,Express,4.9,Regular,No,Not Returned,No
23-01-2024,Camera,Electronics,North,9,10188,1408.18,"2,130",ABC2130,1132,23,2,Express,3.7,Premium,No,Not Returned,No
13-09-2022,Monitor,Accessories,West,2,222,23.65,"2,131",ABC2131,111,35,6,Standard,2.9,Regular,Yes,Product Issue,No
03-04-2024,Monitor,Accessories,West,2,1328,358.07,"2,132",ABC2132,664,23,2,Standard,5,Regular,No,Not Returned,No
06-11-2024,Printer,Office,East,9,5085,488.63,"2,133",ABC2133,565,23,6,Express,2.7,Premium,Yes,Not Returned,No
02-08-2024,Mouse,Accessories,West,3,1245,229.73,"2,134",ABC2134,415,26,11,Standard,1,Regular,Yes,Low Rating,No
18-08-2022,Tablet,Electronics,South,2,960,124.02,"2,135",ABC2135,480,28,2,Express,3.5,Regular,No,Not Returned,No
03-03-2024,Smartphone,Electronics,West,9,5553,329.79,"2,136",ABC2136,617,16,4,Standard,4.9,Premium,No,Not Returned,No
10-09-2023,Keyboard,Accessories,North,2,1790,236.76,"2,137",ABC2137,895,34,7,Same Day,2.8,Regular,Yes,Not Returned,No
11-07-2024,Keyboard,Accessories,West,8,2712,247.84,"2,138",ABC2138,339,35,8,Standard,1.9,Premium,Yes,Low Rating,No
06-05-2024,Laptop,Electronics,North,1,632,89.14,"2,139",ABC2139,632,23,3,Same Day,3.9,Regular,Yes,Product Issue,No
13-01-2022,Headphones,Accessories,South,8,4904,520.74,"2,140",ABC2140,613,34,9,Standard,1.7,Premium,Yes,Low Rating,No
05-12-2022,Keyboard,Accessories,South,1,361,58.8,"2,141",ABC2141,361,37,2,Standard,3.4,Regular,Yes,Product Issue,No
11-02-2022,Printer,Office,West,9,7290,841.07,"2,142",ABC2142,810,22,8,Express,2.7,Premium,Yes,Not Returned,No
08-03-2024,Smartwatch,Electronics,South,4,2052,181.64,"2,143",ABC2143,513,32,8,Standard,2.4,Regular,Yes,Low Rating,No
21-05-2024,Mouse,Accessories,North,3,1842,112.85,"2,144",ABC2144,614,15,4,Standard,4,Regular,No,Not Returned,No
06-12-2023,Mouse,Accessories,North,9,10593,2488.69,"2,145",ABC2145,1177,37,1,Same Day,4.7,Premium,No,Not Returned,No
28-08-2022,Camera,Electronics,South,6,1218,129.36,"2,146",ABC2146,203,21,1,Standard,4.7,Regular,No,Not Returned,No
19-11-2023,Mouse,Accessories,South,5,4240,426.41,"2,147",ABC2147,848,10,2,Express,3.2,Premium,No,Not Returned,No
29-10-2024,Keyboard,Accessories,East,2,226,38.52,"2,148",ABC2148,113,8,12,Same Day,1.5,Regular,Yes,Low Rating,No
25-03-2022,Camera,Electronics,East,6,5154,1072.8,"2,149",ABC2149,859,24,9,Express,1.5,Premium,Yes,Low Rating,No
30-07-2023,Mouse,Accessories,North,6,1236,304.88,"2,150",ABC2150,206,31,2,Express,3.9,Regular,No,Not Returned,No
14-11-2022,Tablet,Electronics,South,1,1179,159.42,"2,151",ABC2151,1179,19,2,Express,4.1,Regular,No,Not Returned,No
29-12-2024,Printer,Office,West,5,2275,313.5,"2,152",ABC2152,455,10,6,Express,2,Regular,Yes,Low Rating,No
21-05-2023,Smartwatch,Electronics,North,7,6188,1231.3,"2,153",ABC2153,884,18,7,Same Day,2.4,Premium,Yes,Low Rating,No
16-12-2023,Headphones,Accessories,West,3,2946,666.99,"2,154",ABC2154,982,15,7,Standard,2.3,Premium,Yes,Low Rating,No
10-09-2023,Headphones,Accessories,South,5,5085,1172.12,"2,155",ABC2155,1017,13,9,Express,1.8,Premium,Yes,Low Rating,No
02-05-2022,Keyboard,Accessories,North,2,712,205.53,"2,156",ABC2156,356,30,6,Same Day,2.1,Regular,Yes,Low Rating,No
03-02-2023,Smartwatch,Electronics,East,6,648,62.25,"2,157",ABC2157,108,20,8,Express,2.8,Regular,Yes,Product Issue,No
02-02-2023,Mouse,Accessories,North,5,2735,483.2,"2,158",ABC2158,547,9,11,Standard,1.5,Premium,Yes,Low Rating,No
26-12-2022,Printer,Office,North,6,2910,173.45,"2,159",ABC2159,485,14,6,Same Day,2.6,Premium,Yes,Not Returned,No
15-05-2022,Smartwatch,Electronics,South,1,263,69.39,"2,160",ABC2160,263,7,2,Same Day,4,Regular,Yes,Product Issue,No
05-12-2023,Smartphone,Electronics,North,2,876,66.68,"2,161",ABC2161,438,17,1,Standard,5,Regular,Yes,Product Issue,No
05-11-2023,Mouse,Accessories,West,1,913,162.24,"2,162",ABC2162,913,34,5,Same Day,3.2,Regular,No,Not Returned,No
13-10-2024,Laptop,Electronics,South,9,594,93.92,"2,163",ABC2163,66,10,9,Standard,1.4,Regular,Yes,Low Rating,No
27-02-2022,Headphones,Accessories,South,2,956,202.14,"2,164",ABC2164,478,21,8,Same Day,2.3,Regular,Yes,Low Rating,No
17-06-2024,Laptop,Electronics,East,7,7301,2026.43,"2,165",ABC2165,1043,23,4,Same Day,3.1,Premium,No,Not Returned,No
14-05-2023,Headphones,Accessories,South,6,5754,1628.61,"2,166",ABC2166,959,39,5,Standard,3,Premium,No,Not Returned,No
21-06-2022,Headphones,Accessories,East,4,1372,274.47,"2,167",ABC2167,343,30,5,Standard,3.3,Regular,No,Not Returned,No
08-07-2022,Headphones,Accessories,North,8,920,214.27,"2,168",ABC2168,115,9,6,Same Day,3.5,Regular,No,Not Returned,No
18-01-2024,Smartphone,Electronics,North,3,885,150.79,"2,169",ABC2169,295,33,3,Same Day,5,Regular,No,Not Returned,No
30-12-2024,Camera,Electronics,North,1,379,39.41,"2,170",ABC2170,379,24,5,Standard,4,Regular,Yes,Product Issue,No
09-09-2024,Headphones,Accessories,West,8,1024,201.92,"2,171",ABC2171,128,25,2,Standard,4.3,Regular,No,Not Returned,No
04-05-2024,Keyboard,Accessories,West,4,4312,388.48,"2,172",ABC2172,1078,14,10,Same Day,2.8,Premium,Yes,Late Delivery,No
06-06-2023,Mouse,Accessories,East,5,5030,540.73,"2,173",ABC2173,1006,9,1,Same Day,4.9,Premium,No,Not Returned,No
31-01-2022,Smartphone,Electronics,West,2,1438,315.83,"2,174",ABC2174,719,10,11,Same Day,1,Regular,Yes,Low Rating,No
07-04-2022,Keyboard,Accessories,South,1,419,108.36,"2,175",ABC2175,419,30,1,Standard,4.7,Regular,No,Not Returned,No
24-02-2022,Headphones,Accessories,East,3,3519,935.72,"2,176",ABC2176,1173,8,10,Same Day,1.3,Premium,Yes,Low Rating,No
03-04-2022,Tablet,Electronics,East,8,2912,451.97,"2,177",ABC2177,364,39,7,Express,2,Premium,Yes,Low Rating,No
20-02-2023,Smartphone,Electronics,North,5,4005,226.09,"2,178",ABC2178,801,5,2,Standard,3.7,Premium,No,Not Returned,No
22-08-2023,Smartwatch,Electronics,South,5,2075,271.71,"2,179",ABC2179,415,28,4,Same Day,3.6,Regular,No,Not Returned,No
23-02-2023,Laptop,Electronics,South,2,120,7.74,"2,180",ABC2180,60,10,5,Standard,3.7,Regular,Yes,Product Issue,No
12-08-2024,Camera,Electronics,North,4,564,32.8,"2,181",ABC2181,141,35,7,Express,3.2,Regular,Yes,Product Issue,No
01-10-2023,Smartwatch,Electronics,East,2,486,62.58,"2,182",ABC2182,243,24,2,Standard,3.7,Regular,Yes,Product Issue,No
15-04-2023,Smartwatch,Electronics,East,2,1488,342.87,"2,183",ABC2183,744,28,6,Same Day,2.8,Regular,Yes,Not Returned,No
24-02-2023,Laptop,Electronics,West,6,3096,277.68,"2,184",ABC2184,516,29,1,Express,4.9,Premium,No,Not Returned,No
04-11-2022,Smartwatch,Electronics,West,8,6488,1845.07,"2,185",ABC2185,811,25,7,Express,2.7,Premium,Yes,Not Returned,No
11-04-2024,Smartwatch,Electronics,West,4,4284,848.44,"2,186",ABC2186,1071,34,9,Same Day,2.3,Premium,Yes,Low Rating,No
05-07-2022,Smartwatch,Electronics,North,8,1864,110.81,"2,187",ABC2187,233,28,5,Same Day,3.1,Regular,No,Not Returned,No
08-05-2024,Camera,Electronics,West,5,4435,954.12,"2,188",ABC2188,887,34,5,Same Day,4,Premium,No,Not Returned,No
03-10-2024,Camera,Electronics,East,4,3296,460.98,"2,189",ABC2189,824,26,4,Standard,3.7,Premium,No,Not Returned,No
05-05-2023,Mouse,Accessories,East,3,780,217.92,"2,190",ABC2190,260,32,3,Standard,4.4,Regular,No,Not Returned,No
02-06-2022,Smartwatch,Electronics,East,7,4396,962.61,"2,191",ABC2191,628,11,9,Standard,1.8,Premium,Yes,Low Rating,No
02-05-2023,Keyboard,Accessories,South,6,1362,202.68,"2,192",ABC2192,227,39,5,Same Day,3.4,Regular,No,Not Returned,No
13-01-2022,Mouse,Accessories,East,7,3843,378.03,"2,193",ABC2193,549,32,8,Same Day,1.5,Premium,Yes,Low Rating,No
09-09-2022,Printer,Office,East,2,2080,450.24,"2,194",ABC2194,1040,18,9,Standard,1.6,Regular,Yes,Low Rating,No
07-04-2022,Mouse,Accessories,South,5,1210,201.45,"2,195",ABC2195,242,14,5,Express,3.2,Regular,No,Not Returned,No
15-11-2023,Printer,Office,West,3,2316,356.5,"2,196",ABC2196,772,20,10,Standard,1.7,Regular,Yes,Low Rating,No
18-07-2023,Monitor,Accessories,West,6,3366,614.22,"2,197",ABC2197,561,20,9,Express,3.3,Premium,No,Late Delivery,No
07-06-2024,Tablet,Electronics,West,9,6507,1075.51,"2,198",ABC2198,723,35,2,Same Day,4.1,Premium,No,Not Returned,No
14-05-2024,Mouse,Accessories,South,1,384,35.36,"2,199",ABC2199,384,29,9,Same Day,1.3,Regular,Yes,Low Rating,No
05-01-2022,Laptop,Electronics,South,5,3625,563.95,"2,200",ABC2200,725,17,11,Standard,2.2,Premium,Yes,Low Rating,No
14-12-2022,Tablet,Electronics,South,1,400,45.16,"2,201",ABC2201,400,10,4,Standard,4.2,Regular,Yes,Product Issue,No
22-02-2022,Monitor,Accessories,North,5,2880,209.58,"2,202",ABC2202,576,13,6,Same Day,2.4,Premium,Yes,Low Rating,No
28-03-2023,Printer,Office,West,6,1608,302.32,"2,203",ABC2203,268,24,6,Standard,3.2,Regular,No,Not Returned,No
08-02-2023,Headphones,Accessories,South,2,1574,196.84,"2,204",ABC2204,787,22,6,Same Day,3.4,Regular,No,Not Returned,No
13-09-2024,Keyboard,Accessories,East,3,2478,584.37,"2,205",ABC2205,826,25,2,Same Day,4.4,Premium,No,Not Returned,No
20-09-2024,Headphones,Accessories,East,8,8872,1486.58,"2,206",ABC2206,1109,8,7,Express,2.8,Premium,Yes,Not Returned,No
24-03-2024,Printer,Office,East,8,2320,668.63,"2,207",ABC2207,290,37,6,Standard,2.7,Regular,Yes,Not Returned,No
29-07-2023,Headphones,Accessories,West,3,171,9.02,"2,208",ABC2208,57,31,11,Same Day,1.6,Regular,Yes,Low Rating,No
20-11-2024,Keyboard,Accessories,South,8,4536,627.13,"2,209",ABC2209,567,11,1,Standard,4.4,Premium,No,Not Returned,No
09-06-2024,Headphones,Accessories,South,3,1308,73.28,"2,210",ABC2210,436,10,2,Express,3,Regular,Yes,Product Issue,No
27-10-2022,Laptop,Electronics,North,4,4048,641.23,"2,211",ABC2211,1012,19,7,Express,2.8,Premium,Yes,Not Returned,No
29-05-2022,Tablet,Electronics,East,9,4041,963.58,"2,212",ABC2212,449,22,1,Standard,3.8,Premium,No,Not Returned,No
24-05-2024,Headphones,Accessories,South,5,5665,332.46,"2,213",ABC2213,1133,36,1,Standard,5,Premium,No,Not Returned,No
29-11-2023,Mouse,Accessories,South,6,6876,1029.92,"2,214",ABC2214,1146,15,1,Same Day,4.1,Premium,No,Not Returned,No
02-03-2023,Monitor,Accessories,South,1,617,145.37,"2,215",ABC2215,617,24,8,Express,1.1,Regular,Yes,Low Rating,No
15-09-2022,Monitor,Accessories,South,6,1440,130.4,"2,216",ABC2216,240,28,4,Express,2.8,Regular,Yes,Not Returned,No
17-04-2024,Smartwatch,Electronics,East,8,472,116.36,"2,217",ABC2217,59,19,4,Express,3.6,Regular,No,Not Returned,No
30-06-2023,Laptop,Electronics,North,5,5640,1227.77,"2,218",ABC2218,1128,11,2,Standard,4.4,Premium,No,Not Returned,No
26-10-2022,Headphones,Accessories,West,6,2640,668.12,"2,219",ABC2219,440,25,11,Same Day,1,Premium,Yes,Low Rating,No
13-07-2024,Smartphone,Electronics,South,3,768,72.67,"2,220",ABC2220,256,30,11,Standard,1,Regular,Yes,Low Rating,No
22-02-2024,Keyboard,Accessories,South,1,725,81.96,"2,221",ABC2221,725,18,11,Standard,1.3,Regular,Yes,Low Rating,No
28-04-2024,Headphones,Accessories,North,8,1080,210.69,"2,222",ABC2222,135,25,1,Standard,5,Regular,No,Not Returned,No
30-10-2024,Headphones,Accessories,South,1,393,40.34,"2,223",ABC2223,393,22,12,Same Day,1,Regular,Yes,Low Rating,No
11-06-2024,Smartwatch,Electronics,North,4,1264,371.92,"2,224",ABC2224,316,9,10,Standard,1.9,Regular,Yes,Low Rating,No
03-09-2022,Headphones,Accessories,South,9,4797,1193.95,"2,225",ABC2225,533,7,9,Express,1.1,Premium,Yes,Low Rating,No
27-03-2022,Tablet,Electronics,East,8,2080,151.14,"2,226",ABC2226,260,27,7,Express,2.8,Regular,Yes,Not Returned,No
16-02-2022,Camera,Electronics,West,4,3812,312.8,"2,227",ABC2227,953,30,4,Express,4,Premium,No,Not Returned,No
25-02-2024,Mouse,Accessories,West,5,3695,463.57,"2,228",ABC2228,739,28,12,Same Day,1.3,Premium,Yes,Low Rating,No
31-01-2022,Mouse,Accessories,South,1,1159,344.22,"2,229",ABC2229,1159,23,6,Standard,3.5,Regular,No,Not Returned,No
06-08-2024,Tablet,Electronics,West,9,4149,605.52,"2,230",ABC2230,461,29,2,Same Day,4.8,Premium,No,Not Returned,No
05-12-2023,Keyboard,Accessories,East,2,1446,171.73,"2,231",ABC2231,723,25,7,Standard,3.6,Regular,No,Not Returned,No
24-07-2024,Laptop,Electronics,South,1,225,48.82,"2,232",ABC2232,225,16,2,Express,4.4,Regular,Yes,Product Issue,No
09-12-2022,Headphones,Accessories,South,1,355,26.8,"2,233",ABC2233,355,37,10,Standard,2.6,Regular,Yes,Late Delivery,No
15-09-2023,Tablet,Electronics,West,7,3164,166.4,"2,234",ABC2234,452,8,8,Standard,1.9,Premium,Yes,Low Rating,No
28-10-2022,Smartwatch,Electronics,East,1,498,38.67,"2,235",ABC2235,498,11,8,Standard,2.2,Regular,Yes,Low Rating,No
28-04-2023,Headphones,Accessories,South,5,1315,217.79,"2,236",ABC2236,263,26,1,Same Day,4.6,Regular,No,Not Returned,No
13-09-2024,Headphones,Accessories,North,5,2805,438.89,"2,237",ABC2237,561,37,8,Standard,1.8,Premium,Yes,Low Rating,No
01-11-2022,Monitor,Accessories,East,5,5180,726.62,"2,238",ABC2238,1036,21,2,Standard,3.2,Premium,No,Not Returned,No
07-06-2022,Camera,Electronics,North,5,4045,203.35,"2,239",ABC2239,809,28,6,Standard,3.4,Premium,No,Not Returned,No
22-06-2024,Laptop,Electronics,North,9,8793,2262.43,"2,240",ABC2240,977,38,1,Same Day,4.2,Premium,No,Not Returned,No
08-08-2024,Headphones,Accessories,South,8,2592,526.38,"2,241",ABC2241,324,32,5,Same Day,3.1,Premium,No,Not Returned,No
08-02-2022,Keyboard,Accessories,East,7,7819,1708.84,"2,242",ABC2242,1117,26,11,Same Day,2.1,Premium,Yes,Low Rating,No
11-07-2024,Smartwatch,Electronics,North,7,2919,325.35,"2,243",ABC2243,417,21,7,Standard,3,Premium,No,Not Returned,No
03-06-2023,Printer,Office,South,3,768,85.37,"2,244",ABC2244,256,38,10,Express,2.5,Regular,Yes,Late Delivery,No
02-12-2023,Smartphone,Electronics,West,2,1736,388.09,"2,245",ABC2245,868,10,1,Express,4.7,Regular,No,Not Returned,No
18-07-2023,Smartwatch,Electronics,South,7,6293,389.22,"2,246",ABC2246,899,10,2,Express,4.6,Premium,No,Not Returned,No
21-03-2024,Headphones,Accessories,South,6,3684,477.02,"2,247",ABC2247,614,38,7,Standard,2.5,Premium,Yes,Not Returned,No
24-12-2024,Printer,Office,South,9,8370,1064.65,"2,248",ABC2248,930,5,6,Express,2.6,Premium,Yes,Not Returned,No
24-08-2023,Keyboard,Accessories,South,4,3788,875.54,"2,249",ABC2249,947,14,3,Express,4.3,Premium,No,Not Returned,No
22-08-2023,Laptop,Electronics,West,8,8296,1884.18,"2,250",ABC2250,1037,25,10,Express,1.4,Premium,Yes,Low Rating,No
10-10-2022,Tablet,Electronics,West,5,325,21.01,"2,251",ABC2251,65,9,2,Standard,4.7,Regular,Yes,Product Issue,No
16-08-2024,Camera,Electronics,North,2,2216,444.36,"2,252",ABC2252,1108,6,10,Express,1.4,Regular,Yes,Low Rating,No
31-01-2022,Laptop,Electronics,North,8,7064,1873.02,"2,253",ABC2253,883,26,4,Express,3.6,Premium,No,Not Returned,No
08-08-2024,Mouse,Accessories,East,9,2538,575.41,"2,254",ABC2254,282,6,3,Standard,4,Premium,No,Not Returned,No
13-03-2024,Headphones,Accessories,North,1,1151,77.22,"2,255",ABC2255,1151,14,7,Same Day,3.2,Regular,Yes,Product Issue,No
18-01-2022,Keyboard,Accessories,East,1,717,137.27,"2,256",ABC2256,717,38,8,Express,2.1,Regular,Yes,Low Rating,No
12-01-2022,Smartwatch,Electronics,East,8,3048,444.3,"2,257",ABC2257,381,20,2,Same Day,4.9,Premium,No,Not Returned,No
19-02-2024,Keyboard,Accessories,South,3,2070,163.23,"2,258",ABC2258,690,26,10,Express,1.2,Regular,Yes,Low Rating,No
14-08-2023,Camera,Electronics,East,5,3630,537.93,"2,259",ABC2259,726,16,7,Standard,2.8,Premium,Yes,Not Returned,No
13-04-2022,Tablet,Electronics,East,7,896,219.98,"2,260",ABC2260,128,28,8,Same Day,2,Regular,Yes,Low Rating,No
29-02-2024,Tablet,Electronics,East,7,1981,311.44,"2,261",ABC2261,283,14,6,Same Day,3.6,Regular,No,Not Returned,No
16-07-2023,Headphones,Accessories,West,6,7140,605.22,"2,262",ABC2262,1190,39,6,Same Day,2.6,Premium,Yes,Not Returned,No
13-04-2023,Monitor,Accessories,North,5,1015,85.06,"2,263",ABC2263,203,36,10,Same Day,1.3,Regular,Yes,Low Rating,No
12-08-2024,Headphones,Accessories,North,4,524,52.31,"2,264",ABC2264,131,11,1,Express,4,Regular,Yes,Product Issue,No
19-07-2023,Smartwatch,Electronics,North,2,1678,372.78,"2,265",ABC2265,839,25,4,Express,3.7,Regular,No,Not Returned,No
26-05-2023,Tablet,Electronics,South,4,3260,969.76,"2,266",ABC2266,815,24,1,Same Day,5,Premium,No,Not Returned,No
18-10-2024,Headphones,Accessories,South,5,720,214.31,"2,267",ABC2267,144,30,4,Express,3.9,Regular,No,Not Returned,No
04-05-2024,Printer,Office,West,4,1792,417.99,"2,268",ABC2268,448,8,2,Same Day,4.3,Regular,No,Not Returned,No
18-06-2022,Tablet,Electronics,South,9,3096,505.08,"2,269",ABC2269,344,26,11,Same Day,1,Premium,Yes,Low Rating,No
06-09-2024,Keyboard,Accessories,South,5,1400,273.39,"2,270",ABC2270,280,19,5,Standard,3.2,Regular,No,Not Returned,No
05-02-2023,Smartwatch,Electronics,North,4,508,37.94,"2,271",ABC2271,127,25,10,Same Day,1.5,Regular,Yes,Low Rating,No
16-09-2022,Tablet,Electronics,East,7,2646,380.83,"2,272",ABC2272,378,19,9,Express,2.1,Premium,Yes,Low Rating,No
07-03-2024,Mouse,Accessories,East,1,357,79.86,"2,273",ABC2273,357,26,11,Same Day,1.4,Regular,Yes,Low Rating,No
28-12-2023,Tablet,Electronics,North,1,373,53.15,"2,274",ABC2274,373,32,12,Standard,1.9,Regular,Yes,Low Rating,No
24-03-2023,Smartphone,Electronics,East,1,266,55.52,"2,275",ABC2275,266,18,10,Express,1.7,Regular,Yes,Low Rating,No
07-10-2024,Smartphone,Electronics,North,4,344,25.7,"2,276",ABC2276,86,31,3,Standard,4.2,Regular,Yes,Product Issue,No
17-06-2024,Smartphone,Electronics,North,7,1806,308.92,"2,277",ABC2277,258,32,8,Standard,2.4,Regular,Yes,Low Rating,No
10-03-2023,Printer,Office,North,9,7281,396.28,"2,278",ABC2278,809,30,3,Same Day,3.8,Premium,No,Not Returned,No
28-06-2024,Smartwatch,Electronics,West,7,3094,463.72,"2,279",ABC2279,442,6,6,Standard,3.2,Premium,No,Not Returned,No
02-06-2024,Keyboard,Accessories,East,2,252,67.37,"2,280",ABC2280,126,29,4,Standard,3.5,Regular,Yes,Product Issue,No
27-04-2022,Camera,Electronics,East,9,2691,761.16,"2,281",ABC2281,299,7,8,Express,2.3,Premium,Yes,Low Rating,No
26-04-2024,Printer,Office,West,6,990,102.83,"2,282",ABC2282,165,12,11,Standard,1.9,Regular,Yes,Low Rating,No
05-06-2022,Smartwatch,Electronics,South,4,3236,655.18,"2,283",ABC2283,809,37,6,Same Day,2.8,Premium,Yes,Not Returned,No
27-04-2022,Laptop,Electronics,East,4,1076,124.56,"2,284",ABC2284,269,39,8,Same Day,2.5,Regular,Yes,Not Returned,No
10-08-2022,Tablet,Electronics,North,4,1428,160.54,"2,285",ABC2285,357,10,1,Same Day,3.4,Regular,No,Not Returned,No
22-04-2022,Keyboard,Accessories,East,5,1000,292.04,"2,286",ABC2286,200,27,6,Standard,2.9,Regular,Yes,Not Returned,No
10-06-2022,Smartwatch,Electronics,South,9,3429,998.82,"2,287",ABC2287,381,29,1,Express,4.4,Premium,No,Not Returned,No
17-10-2023,Monitor,Accessories,West,5,4730,1416.1,"2,288",ABC2288,946,23,1,Same Day,4.7,Premium,No,Not Returned,No
04-11-2023,Monitor,Accessories,South,6,6630,512.6,"2,289",ABC2289,1105,9,8,Standard,2.2,Premium,Yes,Low Rating,No
22-10-2024,Camera,Electronics,South,7,2296,138.93,"2,290",ABC2290,328,15,7,Same Day,2.7,Regular,Yes,Not Returned,No
15-01-2023,Monitor,Accessories,East,7,7420,1107.31,"2,291",ABC2291,1060,16,3,Same Day,3.8,Premium,No,Not Returned,No
23-04-2022,Printer,Office,South,7,2338,531.5,"2,292",ABC2292,334,14,6,Express,3.2,Regular,No,Not Returned,No
11-06-2022,Keyboard,Accessories,South,7,4039,420.29,"2,293",ABC2293,577,12,9,Same Day,1.1,Premium,Yes,Low Rating,No
19-05-2023,Laptop,Electronics,East,2,990,76.87,"2,294",ABC2294,495,28,7,Express,2.7,Regular,Yes,Product Issue,No
05-08-2023,Laptop,Electronics,West,1,733,54.11,"2,295",ABC2295,733,32,12,Standard,1,Regular,Yes,Low Rating,No
24-01-2024,Smartphone,Electronics,East,3,2421,334.61,"2,296",ABC2296,807,25,3,Same Day,4.6,Premium,No,Not Returned,No
14-03-2024,Keyboard,Accessories,East,8,832,214.81,"2,297",ABC2297,104,12,6,Standard,2.5,Regular,Yes,Not Returned,No
13-05-2022,Smartwatch,Electronics,East,1,483,98.15,"2,298",ABC2298,483,13,11,Standard,1.8,Regular,Yes,Low Rating,No
27-02-2023,Keyboard,Accessories,North,6,2508,480.48,"2,299",ABC2299,418,19,4,Standard,3.7,Premium,No,Not Returned,No
01-10-2023,Keyboard,Accessories,North,7,4032,426.13,"2,300",ABC2300,576,22,3,Same Day,3.1,Premium,No,Not Returned,No
15-04-2022,Keyboard,Accessories,East,8,3208,840.97,"2,301",ABC2301,401,24,9,Express,1.6,Premium,Yes,Low Rating,No
10-05-2024,Smartwatch,Electronics,South,6,3402,857.61,"2,302",ABC2302,567,10,10,Same Day,2.1,Premium,Yes,Low Rating,No
06-12-2024,Headphones,Accessories,North,1,541,52.5,"2,303",ABC2303,541,16,2,Standard,4.7,Regular,Yes,Product Issue,No
08-02-2022,Smartwatch,Electronics,West,7,1806,129.6,"2,304",ABC2304,258,6,1,Express,4,Regular,No,Not Returned,No
03-08-2024,Headphones,Accessories,South,3,2433,515.28,"2,305",ABC2305,811,11,2,Standard,5,Premium,No,Not Returned,No
10-11-2023,Keyboard,Accessories,East,6,5880,454.19,"2,306",ABC2306,980,20,7,Express,2.7,Premium,Yes,Not Returned,No
24-05-2023,Mouse,Accessories,West,3,3375,451.5,"2,307",ABC2307,1125,7,10,Same Day,2.1,Premium,Yes,Low Rating,No
30-05-2024,Tablet,Electronics,North,8,6960,1913.58,"2,308",ABC2308,870,7,1,Express,4.1,Premium,No,Not Returned,No
06-08-2024,Keyboard,Accessories,West,4,316,32.79,"2,309",ABC2309,79,31,6,Same Day,2.8,Regular,Yes,Product Issue,No
10-10-2022,Tablet,Electronics,North,9,1404,89.43,"2,310",ABC2310,156,37,7,Standard,2.9,Regular,Yes,Product Issue,No
08-03-2024,Keyboard,Accessories,North,9,5823,478.22,"2,311",ABC2311,647,32,9,Express,1.8,Premium,Yes,Low Rating,No
16-05-2024,Headphones,Accessories,South,6,2790,719.15,"2,312",ABC2312,465,5,8,Standard,1,Premium,Yes,Low Rating,No
31-05-2024,Tablet,Electronics,West,7,1169,69.41,"2,313",ABC2313,167,12,6,Express,2.9,Regular,Yes,Product Issue,No
26-10-2023,Printer,Office,East,8,6016,406.13,"2,314",ABC2314,752,36,3,Same Day,3,Premium,No,Not Returned,No
15-10-2022,Smartwatch,Electronics,North,7,7154,1177.51,"2,315",ABC2315,1022,8,8,Express,1.8,Premium,Yes,Low Rating,No
29-01-2024,Keyboard,Accessories,West,2,370,102.74,"2,316",ABC2316,185,34,7,Express,2,Regular,Yes,Low Rating,No
16-03-2024,Monitor,Accessories,West,1,430,113.57,"2,317",ABC2317,430,10,3,Same Day,4.6,Regular,No,Not Returned,No
28-04-2022,Smartwatch,Electronics,West,1,946,280.53,"2,318",ABC2318,946,23,9,Same Day,2.7,Regular,Yes,Late Delivery,No
20-05-2024,Tablet,Electronics,South,8,984,73.84,"2,319",ABC2319,123,36,12,Same Day,1.2,Regular,Yes,Low Rating,No
26-11-2022,Keyboard,Accessories,East,9,1467,372.17,"2,320",ABC2320,163,13,2,Express,4.2,Regular,No,Not Returned,No
16-08-2023,Smartphone,Electronics,South,4,2444,155.42,"2,321",ABC2321,611,16,3,Standard,4,Premium,No,Not Returned,No
02-11-2023,Mouse,Accessories,North,9,8640,1254.3,"2,322",ABC2322,960,15,2,Express,4.9,Premium,No,Not Returned,No
17-07-2023,Smartwatch,Electronics,West,9,3861,536.04,"2,323",ABC2323,429,20,1,Express,3.7,Premium,No,Not Returned,No
24-07-2022,Keyboard,Accessories,North,1,868,60.12,"2,324",ABC2324,868,5,4,Standard,3.1,Regular,Yes,Product Issue,No
03-11-2024,Laptop,Electronics,South,9,1746,260.5,"2,325",ABC2325,194,25,5,Same Day,3.8,Regular,No,Not Returned,No
19-08-2024,Printer,Office,South,1,915,129.08,"2,326",ABC2326,915,34,6,Express,3.6,Regular,No,Not Returned,No
15-09-2024,Smartwatch,Electronics,East,9,3591,423,"2,327",ABC2327,399,17,5,Standard,3.6,Premium,No,Not Returned,No
28-01-2023,Camera,Electronics,East,6,2562,612.36,"2,328",ABC2328,427,38,1,Same Day,4.1,Premium,No,Not Returned,No
28-11-2022,Smartwatch,Electronics,West,9,5382,1037.04,"2,329",ABC2329,598,8,3,Same Day,4.5,Premium,No,Not Returned,No
18-11-2024,Smartwatch,Electronics,East,4,2792,170.96,"2,330",ABC2330,698,32,1,Express,5,Premium,No,Not Returned,No
23-04-2022,Headphones,Accessories,East,4,2160,631.9,"2,331",ABC2331,540,35,11,Same Day,1.7,Regular,Yes,Low Rating,No
23-05-2023,Monitor,Accessories,West,7,6377,1332.86,"2,332",ABC2332,911,31,5,Same Day,2.1,Premium,Yes,Low Rating,No
17-05-2024,Smartphone,Electronics,East,8,5264,1051.5,"2,333",ABC2333,658,9,5,Standard,3.4,Premium,No,Not Returned,No
18-12-2023,Laptop,Electronics,North,2,1346,196.5,"2,334",ABC2334,673,29,12,Standard,1.3,Regular,Yes,Low Rating,No
19-08-2023,Camera,Electronics,South,7,7301,1311.65,"2,335",ABC2335,1043,7,11,Same Day,1.1,Premium,Yes,Low Rating,No
20-04-2023,Keyboard,Accessories,South,2,2016,198.26,"2,336",ABC2336,1008,37,6,Standard,3.1,Regular,No,Not Returned,No
30-06-2022,Laptop,Electronics,North,6,1266,220.5,"2,337",ABC2337,211,8,8,Same Day,2.1,Regular,Yes,Low Rating,No
11-04-2023,Mouse,Accessories,West,2,140,35.18,"2,338",ABC2338,70,29,10,Express,1.2,Regular,Yes,Low Rating,No
22-07-2024,Camera,Electronics,East,8,6520,1073.62,"2,339",ABC2339,815,24,12,Standard,1.8,Premium,Yes,Low Rating,No
19-02-2022,Keyboard,Accessories,East,1,582,29.91,"2,340",ABC2340,582,38,1,Same Day,4.8,Regular,Yes,Product Issue,No
10-03-2024,Printer,Office,West,1,245,14.5,"2,341",ABC2341,245,30,4,Same Day,3.1,Regular,Yes,Product Issue,No
27-04-2024,Mouse,Accessories,South,1,504,143.12,"2,342",ABC2342,504,9,10,Standard,1,Regular,Yes,Low Rating,No
06-10-2022,Monitor,Accessories,South,6,6834,1211.75,"2,343",ABC2343,1139,39,11,Standard,1,Premium,Yes,Low Rating,No
01-10-2022,Headphones,Accessories,West,8,5712,1191.02,"2,344",ABC2344,714,32,1,Express,4.2,Premium,No,Not Returned,No
09-05-2023,Laptop,Electronics,South,5,4485,347.99,"2,345",ABC2345,897,33,9,Same Day,2.1,Premium,Yes,Low Rating,No
02-06-2024,Headphones,Accessories,West,8,2304,291.46,"2,346",ABC2346,288,13,11,Express,1.6,Regular,Yes,Low Rating,No
23-06-2024,Mouse,Accessories,North,6,6576,815.56,"2,347",ABC2347,1096,10,7,Express,2.9,Premium,Yes,Not Returned,No
16-11-2022,Keyboard,Accessories,South,9,10629,2843.54,"2,348",ABC2348,1181,23,7,Express,2.3,Premium,Yes,Low Rating,No
12-03-2022,Camera,Electronics,East,1,706,153.59,"2,349",ABC2349,706,15,12,Standard,1.5,Regular,Yes,Low Rating,No
16-04-2022,Headphones,Accessories,South,1,977,103.82,"2,350",ABC2350,977,6,5,Express,3.9,Regular,No,Not Returned,No
16-04-2023,Smartwatch,Electronics,South,4,776,73.16,"2,351",ABC2351,194,13,7,Standard,2.5,Regular,Yes,Product Issue,No
12-10-2022,Tablet,Electronics,West,4,3932,309.43,"2,352",ABC2352,983,25,12,Standard,1,Premium,Yes,Low Rating,No
29-10-2022,Keyboard,Accessories,East,3,1263,368.46,"2,353",ABC2353,421,28,2,Express,4.4,Regular,No,Not Returned,No
01-08-2022,Keyboard,Accessories,East,8,7064,745.24,"2,354",ABC2354,883,38,4,Express,4.7,Premium,No,Not Returned,No
20-04-2023,Keyboard,Accessories,West,4,4740,746.77,"2,355",ABC2355,1185,26,7,Same Day,2.1,Premium,Yes,Low Rating,No
25-03-2024,Printer,Office,South,7,4522,1137.23,"2,356",ABC2356,646,7,3,Express,3.7,Premium,No,Not Returned,No
28-12-2023,Tablet,Electronics,South,7,2009,183.19,"2,357",ABC2357,287,16,2,Same Day,4.4,Regular,No,Not Returned,No
18-04-2024,Smartphone,Electronics,East,2,2110,548.12,"2,358",ABC2358,1055,32,10,Express,1.9,Regular,Yes,Low Rating,No
26-09-2024,Mouse,Accessories,West,1,95,6.97,"2,359",ABC2359,95,34,2,Express,3.3,Regular,Yes,Product Issue,No
19-11-2023,Smartwatch,Electronics,East,1,384,83.58,"2,360",ABC2360,384,30,1,Express,5,Regular,Yes,Product Issue,No
23-04-2023,Tablet,Electronics,North,3,3471,200.08,"2,361",ABC2361,1157,25,5,Express,4,Premium,No,Not Returned,No
20-06-2023,Tablet,Electronics,West,4,2048,507.01,"2,362",ABC2362,512,32,12,Same Day,1,Regular,Yes,Low Rating,No
05-08-2022,Monitor,Accessories,South,8,9296,2581.06,"2,363",ABC2363,1162,30,6,Same Day,4.4,Premium,No,Not Returned,No
28-05-2022,Laptop,Electronics,West,8,5272,1188.16,"2,364",ABC2364,659,37,6,Express,3.6,Premium,No,Not Returned,No
18-01-2024,Headphones,Accessories,East,1,619,127.58,"2,365",ABC2365,619,25,9,Express,2.6,Regular,Yes,Late Delivery,No
27-04-2023,Laptop,Electronics,North,1,448,53.2,"2,366",ABC2366,448,39,4,Same Day,4.3,Regular,Yes,Product Issue,No
10-06-2022,Keyboard,Accessories,North,9,5004,1313.13,"2,367",ABC2367,556,38,1,Standard,5,Premium,No,Not Returned,No
05-12-2023,Keyboard,Accessories,North,4,4716,704.99,"2,368",ABC2368,1179,22,6,Standard,3,Premium,No,Not Returned,No
11-05-2022,Printer,Office,West,9,7506,827.17,"2,369",ABC2369,834,15,5,Standard,3.3,Premium,No,Not Returned,No
11-01-2024,Keyboard,Accessories,North,7,4095,883.56,"2,370",ABC2370,585,27,10,Same Day,1.2,Premium,Yes,Low Rating,No
31-07-2024,Smartwatch,Electronics,North,7,4459,1037.27,"2,371",ABC2371,637,26,6,Same Day,2.7,Premium,Yes,Not Returned,No
31-10-2022,Tablet,Electronics,South,5,620,62.49,"2,372",ABC2372,124,21,3,Standard,3.8,Regular,Yes,Product Issue,No
17-08-2022,Smartwatch,Electronics,West,2,2362,185.89,"2,373",ABC2373,1181,9,2,Standard,4.4,Premium,No,Not Returned,No
28-03-2022,Printer,Office,North,2,606,154.99,"2,374",ABC2374,303,15,6,Express,3.8,Regular,No,Not Returned,No
26-07-2024,Camera,Electronics,East,4,1084,134.42,"2,375",ABC2375,271,34,1,Same Day,3.6,Regular,No,Not Returned,No
04-02-2022,Laptop,Electronics,North,8,2880,315.87,"2,376",ABC2376,360,19,7,Same Day,3.3,Premium,No,Not Returned,No
20-04-2023,Laptop,Electronics,West,8,4544,727.05,"2,377",ABC2377,568,31,7,Standard,2.2,Premium,Yes,Low Rating,No
08-09-2024,Mouse,Accessories,West,4,556,85.63,"2,378",ABC2378,139,39,10,Standard,1.6,Regular,Yes,Low Rating,No
30-11-2023,Laptop,Electronics,North,5,505,71.97,"2,379",ABC2379,101,37,7,Same Day,2.3,Regular,Yes,Low Rating,No
03-03-2023,Tablet,Electronics,West,5,2595,774.2,"2,380",ABC2380,519,24,12,Express,1.9,Premium,Yes,Low Rating,No
24-01-2023,Headphones,Accessories,South,5,2820,737.68,"2,381",ABC2381,564,20,11,Standard,1.1,Premium,Yes,Low Rating,No
29-10-2023,Keyboard,Accessories,East,2,1018,297.21,"2,382",ABC2382,509,38,10,Same Day,1.9,Regular,Yes,Low Rating,No
04-03-2023,Laptop,Electronics,East,4,944,176.56,"2,383",ABC2383,236,6,1,Same Day,5,Regular,No,Not Returned,No
30-08-2023,Tablet,Electronics,East,1,610,44.99,"2,384",ABC2384,610,39,4,Express,3.1,Regular,Yes,Product Issue,No
25-05-2024,Camera,Electronics,South,4,912,81.65,"2,385",ABC2385,228,32,7,Express,2.6,Regular,Yes,Product Issue,No
02-04-2023,Monitor,Accessories,West,9,10413,1738.63,"2,386",ABC2386,1157,10,11,Standard,1.9,Premium,Yes,Low Rating,No
27-07-2023,Printer,Office,West,8,2176,398.29,"2,387",ABC2387,272,13,9,Standard,1.6,Regular,Yes,Low Rating,No
04-01-2022,Printer,Office,East,6,6108,1488.4,"2,388",ABC2388,1018,24,5,Standard,3.7,Premium,No,Not Returned,No
14-02-2024,Mouse,Accessories,West,2,1148,173.89,"2,389",ABC2389,574,5,2,Same Day,4.2,Regular,No,Not Returned,No
01-05-2024,Monitor,Accessories,East,8,8824,597.1,"2,390",ABC2390,1103,12,7,Standard,3.2,Premium,No,Not Returned,No
17-06-2022,Headphones,Accessories,North,5,2240,159.58,"2,391",ABC2391,448,27,10,Same Day,2.5,Regular,Yes,Late Delivery,No
17-02-2022,Camera,Electronics,North,2,1312,386.79,"2,392",ABC2392,656,7,1,Standard,3.7,Regular,No,Not Returned,No
02-02-2023,Laptop,Electronics,South,9,10620,2946.93,"2,393",ABC2393,1180,8,7,Express,2,Premium,Yes,Low Rating,No
30-09-2024,Tablet,Electronics,East,2,2178,574.4,"2,394",ABC2394,1089,29,6,Express,2.8,Regular,Yes,Not Returned,No
12-05-2024,Monitor,Accessories,East,3,1671,94.52,"2,395",ABC2395,557,19,7,Same Day,3.4,Regular,Yes,Product Issue,No
28-07-2024,Monitor,Accessories,East,3,2025,355.59,"2,396",ABC2396,675,25,10,Express,1.9,Regular,Yes,Low Rating,No
01-11-2024,Mouse,Accessories,East,6,2886,355.32,"2,397",ABC2397,481,39,3,Same Day,3.4,Premium,No,Not Returned,No
27-07-2024,Printer,Office,East,2,1868,307.32,"2,398",ABC2398,934,18,3,Same Day,4.3,Regular,No,Not Returned,No
08-01-2023,Headphones,Accessories,East,4,3280,826.94,"2,399",ABC2399,820,16,7,Express,2.2,Premium,Yes,Low Rating,No
18-05-2022,Tablet,Electronics,West,2,1768,375.86,"2,400",ABC2400,884,21,2,Same Day,4.8,Regular,No,Not Returned,No
19-12-2022,Camera,Electronics,West,7,6937,1753.02,"2,401",ABC2401,991,13,1,Express,4.9,Premium,No,Not Returned,No
21-09-2024,Smartwatch,Electronics,North,6,3012,307.47,"2,402",ABC2402,502,39,9,Standard,1.5,Premium,Yes,Low Rating,No
19-09-2024,Headphones,Accessories,South,3,777,147.93,"2,403",ABC2403,259,17,9,Standard,2,Regular,Yes,Low Rating,No
16-02-2024,Smartphone,Electronics,East,6,4056,452.14,"2,404",ABC2404,676,19,7,Express,3.3,Premium,No,Not Returned,No
29-11-2024,Printer,Office,South,4,3212,514.92,"2,405",ABC2405,803,22,7,Express,1.7,Premium,Yes,Low Rating,No
03-08-2024,Smartwatch,Electronics,West,1,952,179.4,"2,406",ABC2406,952,37,3,Express,4.2,Regular,No,Not Returned,No
29-05-2022,Smartphone,Electronics,North,3,1674,106.24,"2,407",ABC2407,558,10,10,Express,1.1,Regular,Yes,Low Rating,No
13-02-2024,Smartwatch,Electronics,East,5,4315,1019.91,"2,408",ABC2408,863,31,2,Standard,4.3,Premium,No,Not Returned,No
15-12-2023,Mouse,Accessories,North,7,1722,162.39,"2,409",ABC2409,246,27,11,Same Day,1.6,Regular,Yes,Low Rating,No
14-09-2022,Keyboard,Accessories,South,5,2895,334.35,"2,410",ABC2410,579,31,7,Same Day,3.7,Premium,No,Not Returned,No
28-07-2023,Tablet,Electronics,North,2,1280,335.22,"2,411",ABC2411,640,38,9,Standard,2,Regular,Yes,Low Rating,No
10-04-2022,Headphones,Accessories,East,5,4295,414.42,"2,412",ABC2412,859,18,1,Same Day,5,Premium,No,Not Returned,No
07-08-2022,Printer,Office,South,6,4434,306.63,"2,413",ABC2413,739,12,4,Standard,3.2,Premium,No,Not Returned,No
09-07-2022,Keyboard,Accessories,North,6,3816,623.78,"2,414",ABC2414,636,39,6,Same Day,2.8,Premium,Yes,Not Returned,No
09-04-2024,Headphones,Accessories,East,7,6335,1137.08,"2,415",ABC2415,905,23,7,Express,3,Premium,No,Not Returned,No
11-11-2024,Mouse,Accessories,West,3,315,78.41,"2,416",ABC2416,105,34,10,Express,1.8,Regular,Yes,Low Rating,No
27-11-2024,Camera,Electronics,East,2,626,168.82,"2,417",ABC2417,313,18,7,Express,2.5,Regular,Yes,Not Returned,No
23-05-2024,Smartwatch,Electronics,South,1,1140,85.75,"2,418",ABC2418,1140,24,10,Standard,1.5,Regular,Yes,Low Rating,No
16-11-2022,Smartphone,Electronics,North,5,590,52.55,"2,419",ABC2419,118,29,2,Standard,5,Regular,Yes,Product Issue,No
21-04-2022,Tablet,Electronics,East,1,631,99.31,"2,420",ABC2420,631,28,4,Same Day,3.5,Regular,Yes,Product Issue,No
04-09-2024,Monitor,Accessories,South,8,1944,134.94,"2,421",ABC2421,243,18,5,Same Day,2.8,Regular,Yes,Not Returned,No
24-03-2024,Smartphone,Electronics,North,6,5100,1461.79,"2,422",ABC2422,850,30,12,Same Day,1,Premium,Yes,Low Rating,No
24-09-2024,Keyboard,Accessories,South,6,1092,176.52,"2,423",ABC2423,182,27,1,Standard,5,Regular,No,Not Returned,No
12-08-2023,Monitor,Accessories,West,7,4662,1007.43,"2,424",ABC2424,666,26,1,Same Day,5,Premium,No,Not Returned,No
18-01-2023,Headphones,Accessories,West,7,4312,1088.34,"2,425",ABC2425,616,23,10,Express,1.4,Premium,Yes,Low Rating,No
20-10-2022,Mouse,Accessories,North,6,4056,815.1,"2,426",ABC2426,676,7,3,Same Day,5,Premium,No,Not Returned,No
23-11-2023,Headphones,Accessories,North,3,534,120.53,"2,427",ABC2427,178,23,10,Express,1.7,Regular,Yes,Low Rating,No
31-05-2023,Printer,Office,South,5,3475,991.47,"2,428",ABC2428,695,13,3,Standard,3.9,Premium,No,Not Returned,No
11-07-2023,Tablet,Electronics,South,5,4880,829.03,"2,429",ABC2429,976,32,12,Express,1,Premium,Yes,Low Rating,No
25-10-2024,Tablet,Electronics,West,8,8336,782.8,"2,430",ABC2430,1042,24,8,Express,2.2,Premium,Yes,Low Rating,No
08-05-2023,Mouse,Accessories,North,8,9232,490.66,"2,431",ABC2431,1154,11,9,Express,1.6,Premium,Yes,Low Rating,No
07-01-2022,Smartphone,Electronics,South,3,2031,466.25,"2,432",ABC2432,677,18,11,Standard,1,Regular,Yes,Low Rating,No
10-01-2022,Smartwatch,Electronics,North,3,2412,640.35,"2,433",ABC2433,804,13,12,Standard,1,Premium,Yes,Low Rating,No
03-12-2023,Smartphone,Electronics,East,1,1039,137.24,"2,434",ABC2434,1039,23,1,Standard,5,Regular,No,Not Returned,No
03-01-2023,Camera,Electronics,West,6,696,100.78,"2,435",ABC2435,116,18,11,Standard,1.9,Regular,Yes,Low Rating,No
26-06-2024,Laptop,Electronics,North,8,6160,1617.32,"2,436",ABC2436,770,21,2,Same Day,4.5,Premium,No,Not Returned,No
15-12-2022,Camera,Electronics,East,3,447,58.4,"2,437",ABC2437,149,34,10,Standard,1.6,Regular,Yes,Low Rating,No
29-04-2023,Keyboard,Accessories,West,6,6102,364.82,"2,438",ABC2438,1017,13,2,Express,4.3,Premium,No,Not Returned,No
03-04-2024,Camera,Electronics,South,9,5085,1372.83,"2,439",ABC2439,565,37,4,Standard,3.3,Premium,No,Not Returned,No
16-08-2024,Laptop,Electronics,North,7,3038,158.82,"2,440",ABC2440,434,29,2,Same Day,3.8,Premium,No,Not Returned,No
11-03-2024,Headphones,Accessories,West,1,882,215.24,"2,441",ABC2441,882,18,7,Same Day,3,Regular,No,Not Returned,No
15-03-2023,Monitor,Accessories,West,6,2490,720.06,"2,442",ABC2442,415,15,9,Same Day,1.9,Premium,Yes,Low Rating,No
05-08-2024,Camera,Electronics,North,1,635,101.09,"2,443",ABC2443,635,39,7,Express,2.8,Regular,Yes,Not Returned,No
05-07-2024,Laptop,Electronics,East,1,1083,152.5,"2,444",ABC2444,1083,18,12,Standard,1,Regular,Yes,Low Rating,No
10-08-2023,Keyboard,Accessories,West,6,720,144.26,"2,445",ABC2445,120,34,6,Standard,2.8,Regular,Yes,Not Returned,No
17-09-2022,Printer,Office,West,3,3111,382.52,"2,446",ABC2446,1037,8,10,Standard,1.1,Premium,Yes,Low Rating,No
09-04-2022,Smartwatch,Electronics,North,6,1242,87.37,"2,447",ABC2447,207,8,1,Express,4.9,Regular,Yes,Product Issue,No
02-08-2023,Smartwatch,Electronics,West,5,5845,978.75,"2,448",ABC2448,1169,32,11,Express,1.8,Premium,Yes,Low Rating,No
29-03-2023,Smartwatch,Electronics,West,1,835,131.7,"2,449",ABC2449,835,12,10,Same Day,2.4,Regular,Yes,Low Rating,No
16-05-2022,Monitor,Accessories,South,2,2314,305.42,"2,450",ABC2450,1157,6,9,Same Day,1.7,Regular,Yes,Low Rating,No
04-02-2023,Smartwatch,Electronics,East,7,6041,776.09,"2,451",ABC2451,863,26,5,Standard,2.8,Premium,Yes,Not Returned,No
23-03-2022,Mouse,Accessories,North,3,369,19.22,"2,452",ABC2452,123,20,11,Express,1.1,Regular,Yes,Low Rating,No
12-08-2022,Tablet,Electronics,West,5,1635,321.84,"2,453",ABC2453,327,33,5,Express,3,Regular,No,Not Returned,No
07-04-2022,Keyboard,Accessories,West,3,2067,465.39,"2,454",ABC2454,689,34,6,Standard,3.2,Regular,No,Not Returned,No
04-03-2022,Smartphone,Electronics,West,6,7128,544.54,"2,455",ABC2455,1188,16,9,Standard,1.3,Premium,Yes,Low Rating,No
24-04-2024,Printer,Office,North,2,944,94.4,"2,456",ABC2456,472,39,8,Same Day,1.5,Regular,Yes,Low Rating,No
10-06-2022,Tablet,Electronics,East,5,5160,698.15,"2,457",ABC2457,1032,15,8,Same Day,2.2,Premium,Yes,Low Rating,No
18-06-2022,Smartphone,Electronics,West,8,8032,1987.82,"2,458",ABC2458,1004,25,8,Same Day,2.7,Premium,Yes,Not Returned,No
16-12-2024,Camera,Electronics,South,2,376,99.16,"2,459",ABC2459,188,25,1,Standard,4.2,Regular,Yes,Product Issue,No
22-06-2024,Smartphone,Electronics,South,7,4144,426.39,"2,460",ABC2460,592,9,1,Standard,5,Premium,No,Not Returned,No
04-11-2024,Camera,Electronics,South,4,2228,293.25,"2,461",ABC2461,557,24,8,Same Day,2.5,Regular,Yes,Not Returned,No
15-11-2022,Tablet,Electronics,West,1,1178,182.76,"2,462",ABC2462,1178,7,5,Same Day,4.1,Regular,No,Not Returned,No
27-04-2024,Mouse,Accessories,North,5,2505,303.61,"2,463",ABC2463,501,37,9,Express,1.6,Premium,Yes,Low Rating,No
28-02-2024,Smartwatch,Electronics,West,4,1872,418.05,"2,464",ABC2464,468,13,2,Express,3.5,Regular,No,Not Returned,No
29-12-2023,Printer,Office,West,2,340,59.56,"2,465",ABC2465,170,13,9,Same Day,2.3,Regular,Yes,Low Rating,No
08-03-2023,Laptop,Electronics,West,1,589,158.85,"2,466",ABC2466,589,8,12,Same Day,1.1,Regular,Yes,Low Rating,No
12-12-2023,Laptop,Electronics,West,3,2598,560.82,"2,467",ABC2467,866,39,8,Express,2.4,Premium,Yes,Low Rating,No
17-02-2022,Tablet,Electronics,North,1,502,92.31,"2,468",ABC2468,502,21,9,Same Day,1.5,Regular,Yes,Low Rating,No
24-01-2024,Laptop,Electronics,South,3,3576,546.44,"2,469",ABC2469,1192,38,4,Express,4.1,Premium,No,Not Returned,No
07-02-2023,Keyboard,Accessories,East,3,2412,468.27,"2,470",ABC2470,804,28,1,Express,4.3,Premium,No,Not Returned,No
31-07-2024,Printer,Office,West,5,1145,244.72,"2,471",ABC2471,229,36,1,Express,4.8,Regular,No,Not Returned,No
03-02-2022,Keyboard,Accessories,West,2,2116,159.3,"2,472",ABC2472,1058,5,5,Standard,3.1,Regular,No,Not Returned,No
16-12-2024,Laptop,Electronics,North,1,707,100.16,"2,473",ABC2473,707,12,2,Standard,4.5,Regular,No,Not Returned,No
11-11-2022,Mouse,Accessories,South,9,657,109.39,"2,474",ABC2474,73,27,8,Same Day,1.7,Regular,Yes,Low Rating,No
14-10-2024,Laptop,Electronics,South,5,5345,1060.46,"2,475",ABC2475,1069,16,10,Express,1.9,Premium,Yes,Low Rating,No
27-01-2024,Tablet,Electronics,South,8,4032,251.05,"2,476",ABC2476,504,16,11,Standard,1.7,Premium,Yes,Low Rating,No
30-08-2022,Camera,Electronics,South,4,3840,552.57,"2,477",ABC2477,960,19,5,Same Day,3.4,Premium,No,Not Returned,No
23-01-2023,Monitor,Accessories,East,5,575,47.35,"2,478",ABC2478,115,23,5,Same Day,4.2,Regular,Yes,Product Issue,No
02-01-2023,Laptop,Electronics,West,9,9315,1808.68,"2,479",ABC2479,1035,30,2,Same Day,4.4,Premium,No,Not Returned,No
25-11-2024,Mouse,Accessories,East,7,3423,435.06,"2,480",ABC2480,489,33,7,Same Day,3.1,Premium,No,Not Returned,No
07-11-2023,Monitor,Accessories,South,6,3942,748.74,"2,481",ABC2481,657,26,8,Same Day,2.4,Premium,Yes,Low Rating,No
15-07-2024,Laptop,Electronics,South,2,574,70.16,"2,482",ABC2482,287,25,10,Express,2.1,Regular,Yes,Low Rating,No
04-06-2024,Headphones,Accessories,North,6,3024,336.28,"2,483",ABC2483,504,24,1,Same Day,3.9,Premium,No,Not Returned,No
02-03-2022,Headphones,Accessories,North,7,952,215.51,"2,484",ABC2484,136,33,2,Express,4.3,Regular,No,Not Returned,No
25-11-2023,Smartphone,Electronics,West,9,9090,937.69,"2,485",ABC2485,1010,8,10,Standard,1.1,Premium,Yes,Low Rating,No
10-05-2022,Tablet,Electronics,West,2,1166,170.11,"2,486",ABC2486,583,11,4,Same Day,3.7,Regular,No,Not Returned,No
09-01-2024,Keyboard,Accessories,South,3,2925,433.95,"2,487",ABC2487,975,32,5,Standard,3.5,Premium,No,Not Returned,No
25-12-2023,Camera,Electronics,South,5,3455,867.55,"2,488",ABC2488,691,32,2,Express,4.7,Premium,No,Not Returned,No
06-12-2022,Smartphone,Electronics,North,2,1614,331.3,"2,489",ABC2489,807,8,1,Express,4.9,Regular,No,Not Returned,No
07-08-2024,Mouse,Accessories,West,7,1771,171.26,"2,490",ABC2490,253,26,9,Standard,1.8,Regular,Yes,Low Rating,No
06-01-2023,Printer,Office,South,6,5658,1504.97,"2,491",ABC2491,943,16,1,Same Day,4.3,Premium,No,Not Returned,No
25-09-2024,Mouse,Accessories,East,9,8460,1515.06,"2,492",ABC2492,940,7,4,Same Day,2.5,Premium,Yes,Not Returned,No
26-11-2023,Printer,Office,West,5,1925,570.93,"2,493",ABC2493,385,26,2,Standard,4.4,Regular,No,Not Returned,No
02-02-2024,Laptop,Electronics,North,6,2196,572.17,"2,494",ABC2494,366,6,11,Standard,1.9,Regular,Yes,Low Rating,No
05-07-2024,Keyboard,Accessories,East,2,1696,500.56,"2,495",ABC2495,848,28,4,Standard,3.7,Regular,No,Not Returned,No
16-11-2023,Printer,Office,South,9,6813,1966.66,"2,496",ABC2496,757,38,8,Same Day,2.3,Premium,Yes,Low Rating,No
19-10-2024,Keyboard,Accessories,North,5,3670,790.67,"2,497",ABC2497,734,31,8,Same Day,2.4,Premium,Yes,Low Rating,No
10-10-2024,Keyboard,Accessories,South,4,2936,204.55,"2,498",ABC2498,734,5,11,Same Day,1.1,Premium,Yes,Low Rating,No
29-01-2024,Monitor,Accessories,West,5,5165,283.6,"2,499",ABC2499,1033,12,12,Standard,1.1,Premium,Yes,Low Rating,No
06-09-2024,Camera,Electronics,East,5,5940,467.31,"2,500",ABC2500,1188,27,9,Same Day,1.8,Premium,Yes,Low Rating,No
07-06-2023,Smartwatch,Electronics,East,6,2664,520.3,"2,501",ABC2501,444,10,11,Express,1,Premium,Yes,Low Rating,No
12-04-2024,Headphones,Accessories,East,2,1198,134.39,"2,502",ABC2502,599,26,12,Standard,1,Regular,Yes,Low Rating,No
22-08-2024,Headphones,Accessories,North,4,1340,309.8,"2,503",ABC2503,335,29,5,Same Day,3.3,Regular,No,Not Returned,No
15-10-2022,Monitor,Accessories,East,9,9657,1233.47,"2,504",ABC2504,1073,22,7,Standard,3.6,Premium,No,Not Returned,No
28-06-2022,Camera,Electronics,North,8,2592,191.66,"2,505",ABC2505,324,21,3,Express,3.6,Premium,No,Not Returned,No
10-06-2023,Camera,Electronics,West,4,1168,135.36,"2,506",ABC2506,292,16,10,Express,1.6,Regular,Yes,Low Rating,No
23-03-2023,Headphones,Accessories,South,8,5920,1241.27,"2,507",ABC2507,740,10,4,Standard,3.5,Premium,No,Not Returned,No
17-02-2022,Smartphone,Electronics,West,2,2260,268.47,"2,508",ABC2508,1130,30,10,Standard,1.4,Regular,Yes,Low Rating,No
19-09-2023,Printer,Office,West,8,7016,1490.07,"2,509",ABC2509,877,31,9,Express,2.3,Premium,Yes,Low Rating,No
29-03-2024,Headphones,Accessories,North,6,546,79.94,"2,510",ABC2510,91,12,10,Standard,2.8,Regular,Yes,Late Delivery,No
02-12-2024,Laptop,Electronics,East,1,839,228.72,"2,511",ABC2511,839,23,10,Express,1.5,Regular,Yes,Low Rating,No
24-07-2024,Tablet,Electronics,South,8,5176,619.45,"2,512",ABC2512,647,5,12,Express,1.3,Premium,Yes,Low Rating,No
02-04-2023,Laptop,Electronics,West,4,280,24.9,"2,513",ABC2513,70,33,1,Same Day,3.7,Regular,Yes,Product Issue,No
28-12-2024,Monitor,Accessories,North,9,2097,210.59,"2,514",ABC2514,233,39,2,Standard,4.1,Regular,No,Not Returned,No
24-05-2024,Mouse,Accessories,West,6,4632,799.16,"2,515",ABC2515,772,18,5,Standard,4.1,Premium,No,Not Returned,No
09-02-2023,Keyboard,Accessories,North,4,1088,283.61,"2,516",ABC2516,272,39,3,Same Day,4,Regular,No,Not Returned,No
17-09-2023,Camera,Electronics,North,2,1314,391.55,"2,517",ABC2517,657,24,2,Express,4.6,Regular,No,Not Returned,No
07-05-2023,Mouse,Accessories,North,8,7960,804.11,"2,518",ABC2518,995,17,1,Standard,4.4,Premium,No,Not Returned,No
22-11-2023,Printer,Office,North,8,2856,350.32,"2,519",ABC2519,357,12,10,Same Day,1.8,Premium,Yes,Low Rating,No
16-06-2022,Smartwatch,Electronics,West,4,1680,385.92,"2,520",ABC2520,420,24,3,Same Day,4.8,Regular,No,Not Returned,No
20-11-2024,Monitor,Accessories,North,4,4464,1069.63,"2,521",ABC2521,1116,37,1,Standard,4.1,Premium,No,Not Returned,No
08-06-2023,Smartphone,Electronics,East,6,2940,184.97,"2,522",ABC2522,490,30,12,Same Day,2.1,Premium,Yes,Low Rating,No
12-06-2022,Monitor,Accessories,West,8,1272,344.45,"2,523",ABC2523,159,25,1,Express,3.9,Regular,No,Not Returned,No
21-11-2024,Printer,Office,East,6,1728,247.86,"2,524",ABC2524,288,13,12,Same Day,1,Regular,Yes,Low Rating,No
06-09-2022,Monitor,Accessories,North,3,3153,563.56,"2,525",ABC2525,1051,28,1,Express,4.2,Premium,No,Not Returned,No
23-03-2024,Smartphone,Electronics,West,4,2536,285.72,"2,526",ABC2526,634,21,8,Express,2.2,Premium,Yes,Low Rating,No
16-03-2022,Tablet,Electronics,South,3,2508,431.53,"2,527",ABC2527,836,28,3,Standard,3.6,Premium,No,Not Returned,No
18-10-2024,Tablet,Electronics,East,1,123,12.36,"2,528",ABC2528,123,25,11,Same Day,1,Regular,Yes,Low Rating,No
30-07-2023,Smartphone,Electronics,South,3,2379,148.68,"2,529",ABC2529,793,17,1,Express,4.1,Premium,No,Not Returned,No
04-01-2023,Printer,Office,West,6,6924,1693.77,"2,530",ABC2530,1154,15,7,Express,3,Premium,No,Not Returned,No
31-05-2023,Smartwatch,Electronics,West,9,9054,644.36,"2,531",ABC2531,1006,23,10,Same Day,1.5,Premium,Yes,Low Rating,No
08-12-2023,Camera,Electronics,South,9,9936,2797.45,"2,532",ABC2532,1104,15,3,Express,3.8,Premium,No,Not Returned,No
21-12-2022,Smartphone,Electronics,East,1,393,41.05,"2,533",ABC2533,393,17,8,Same Day,2.5,Regular,Yes,Product Issue,No
19-08-2024,Printer,Office,East,2,308,35.32,"2,534",ABC2534,154,5,4,Standard,2.9,Regular,Yes,Product Issue,No
26-10-2024,Tablet,Electronics,South,5,4900,347.25,"2,535",ABC2535,980,23,4,Express,3.8,Premium,No,Not Returned,No
24-08-2024,Laptop,Electronics,South,1,927,103.95,"2,536",ABC2536,927,16,5,Express,3.3,Regular,No,Not Returned,No
23-11-2023,Keyboard,Accessories,East,1,266,22.42,"2,537",ABC2537,266,12,6,Same Day,3,Regular,Yes,Product Issue,No
04-11-2022,Printer,Office,South,5,4750,1179.56,"2,538",ABC2538,950,12,7,Same Day,2.9,Premium,Yes,Not Returned,No
20-07-2024,Smartwatch,Electronics,East,8,3272,460.82,"2,539",ABC2539,409,16,4,Same Day,4.5,Premium,No,Not Returned,No
10-12-2022,Mouse,Accessories,East,5,4350,688.77,"2,540",ABC2540,870,37,8,Same Day,2.5,Premium,Yes,Not Returned,No
27-07-2024,Keyboard,Accessories,East,1,706,63.82,"2,541",ABC2541,706,30,6,Express,2.9,Regular,Yes,Product Issue,No
24-05-2024,Laptop,Electronics,North,3,213,30.68,"2,542",ABC2542,71,32,1,Standard,4.1,Regular,Yes,Product Issue,No
25-10-2023,Smartphone,Electronics,East,2,1614,376.31,"2,543",ABC2543,807,9,1,Standard,3.5,Regular,No,Not Returned,No
09-02-2023,Mouse,Accessories,West,8,6232,499.63,"2,544",ABC2544,779,12,9,Standard,2.1,Premium,Yes,Low Rating,No
03-02-2023,Printer,Office,North,4,3864,717.45,"2,545",ABC2545,966,29,10,Standard,1,Premium,Yes,Low Rating,No
08-12-2024,Headphones,Accessories,South,3,2601,363.64,"2,546",ABC2546,867,31,6,Same Day,1.7,Premium,Yes,Low Rating,No
01-02-2023,Mouse,Accessories,East,6,4944,758.46,"2,547",ABC2547,824,27,10,Express,1.5,Premium,Yes,Low Rating,No
16-11-2023,Printer,Office,South,4,4680,301.91,"2,548",ABC2548,1170,34,8,Express,2.5,Premium,Yes,Not Returned,No
29-01-2022,Mouse,Accessories,South,8,2112,418.58,"2,549",ABC2549,264,27,7,Express,3,Regular,No,Not Returned,No
24-04-2022,Monitor,Accessories,East,6,7140,869.93,"2,550",ABC2550,1190,24,12,Same Day,1.5,Premium,Yes,Low Rating,No
19-10-2022,Keyboard,Accessories,,1,750,37.97,"2,551",ABC2551,750,22,6,Express,3.4,Regular,Yes,Product Issue,No
12-08-2022,Mouse,Accessories,East,4,392,39.23,"2,552",ABC2552,98,22,4,Same Day,4.1,Regular,Yes,Product Issue,No
02-10-2024,Laptop,Electronics,South,4,2408,721.8,"2,553",ABC2553,602,6,7,Express,1.9,Premium,Yes,Low Rating,No
13-09-2023,Monitor,Accessories,East,2,2016,151.4,"2,554",ABC2554,1008,8,9,Standard,1.9,Regular,Yes,Low Rating,No
25-07-2022,Monitor,Accessories,South,4,464,47.93,"2,555",ABC2555,116,34,11,Same Day,1.6,Regular,Yes,Low Rating,No
09-12-2023,Headphones,Accessories,East,1,832,227.11,"2,556",ABC2556,832,37,10,Express,1.7,Regular,Yes,Low Rating,No
31-03-2024,Headphones,Accessories,East,8,1296,374.8,"2,557",ABC2557,162,22,10,Standard,1.6,Regular,Yes,Low Rating,No
23-04-2022,Smartphone,Electronics,East,1,300,45.81,"2,558",ABC2558,300,23,7,Standard,2.7,Regular,Yes,Product Issue,No
06-07-2024,Monitor,Accessories,North,6,2856,226.53,"2,559",ABC2559,476,32,1,Standard,4.8,Premium,No,Not Returned,No
10-12-2022,Tablet,Electronics,West,5,3380,287.05,"2,560",ABC2560,676,24,10,Same Day,1.6,Premium,Yes,Low Rating,No
27-01-2022,Tablet,Electronics,North,5,400,86.52,"2,561",ABC2561,80,37,9,Same Day,1.6,Regular,Yes,Low Rating,No
14-10-2022,Camera,Electronics,North,1,722,49.7,"2,562",ABC2562,722,16,4,Express,2.8,Regular,Yes,Product Issue,No
23-11-2024,Laptop,Electronics,South,4,4596,947.45,"2,563",ABC2563,1149,19,3,Standard,3.9,Premium,No,Not Returned,No
08-04-2023,Keyboard,Accessories,West,8,1176,313.58,"2,564",ABC2564,147,6,4,Express,3.7,Regular,No,Not Returned,No
21-07-2022,Camera,Electronics,North,2,644,45.72,"2,565",ABC2565,322,33,4,Express,3.7,Regular,Yes,Product Issue,No
07-11-2022,Smartphone,Electronics,West,8,544,40.78,"2,566",ABC2566,68,14,10,Standard,2.1,Regular,Yes,Low Rating,No
30-05-2023,Monitor,Accessories,East,2,586,101.64,"2,567",ABC2567,293,6,11,Express,1.9,Regular,Yes,Low Rating,No
30-04-2022,Keyboard,Accessories,North,5,3835,229.11,"2,568",ABC2568,767,15,2,Same Day,4.3,Premium,No,Not Returned,No
13-12-2023,Printer,Office,South,5,1415,358.39,"2,569",ABC2569,283,17,12,Express,1,Regular,Yes,Low Rating,No
11-05-2023,Keyboard,Accessories,South,9,1125,138.49,"2,570",ABC2570,125,14,1,Standard,5,Regular,No,Not Returned,No
11-09-2023,Camera,Electronics,South,3,3399,489.36,"2,571",ABC2571,1133,18,12,Same Day,1.2,Premium,Yes,Low Rating,No
03-03-2022,Monitor,Accessories,East,6,5370,1501.06,"2,572",ABC2572,895,22,10,Same Day,1.4,Premium,Yes,Low Rating,No
30-03-2024,Keyboard,Accessories,West,3,2331,419.26,"2,573",ABC2573,777,13,12,Express,1.3,Regular,Yes,Low Rating,No
27-06-2022,Laptop,Electronics,East,9,10728,1967.84,"2,574",ABC2574,1192,32,1,Express,4.6,Premium,No,Not Returned,No
02-03-2023,Monitor,Accessories,West,8,9056,1860.37,"2,575",ABC2575,1132,7,8,Same Day,2.3,Premium,Yes,Low Rating,No
04-11-2024,Monitor,Accessories,West,9,4581,250.06,"2,576",ABC2576,509,24,2,Express,4.6,Premium,No,Not Returned,No
01-10-2024,Camera,Electronics,North,3,1074,240.44,"2,577",ABC2577,358,10,12,Standard,1,Regular,Yes,Low Rating,No
17-06-2023,Tablet,Electronics,West,4,4572,1199.49,"2,578",ABC2578,1143,31,10,Express,1.7,Premium,Yes,Low Rating,No
20-11-2023,Laptop,Electronics,South,7,8141,651.16,"2,579",ABC2579,1163,6,5,Express,3.5,Premium,No,Not Returned,No
24-11-2023,Printer,Office,West,4,604,180.93,"2,580",ABC2580,151,33,12,Same Day,1.4,Regular,Yes,Low Rating,No
04-05-2024,Mouse,Accessories,South,2,906,59.06,"2,581",ABC2581,453,7,4,Express,4,Regular,Yes,Product Issue,No
22-04-2023,Headphones,Accessories,South,7,1582,278.14,"2,582",ABC2582,226,20,8,Express,2.5,Regular,Yes,Not Returned,No
31-01-2024,Mouse,Accessories,West,6,3306,216.91,"2,583",ABC2583,551,34,2,Express,3,Premium,No,Not Returned,No
24-12-2023,Headphones,Accessories,West,1,847,237.41,"2,584",ABC2584,847,6,10,Standard,1.8,Regular,Yes,Low Rating,No
09-11-2022,Printer,Office,East,6,3222,846.27,"2,585",ABC2585,537,21,9,Express,2.2,Premium,Yes,Low Rating,No
03-11-2024,Keyboard,Accessories,East,3,189,33.94,"2,586",ABC2586,63,16,7,Standard,3,Regular,Yes,Product Issue,No
12-08-2023,Laptop,Electronics,South,4,1224,348.91,"2,587",ABC2587,306,39,7,Standard,2.2,Regular,Yes,Low Rating,No
08-02-2023,Camera,Electronics,South,7,5621,1390.73,"2,588",ABC2588,803,5,1,Standard,3.6,Premium,No,Not Returned,No
16-01-2024,Tablet,Electronics,West,6,966,246.21,"2,589",ABC2589,161,19,12,Standard,1.4,Regular,Yes,Low Rating,No
02-08-2023,Tablet,Electronics,West,9,1728,179.64,"2,590",ABC2590,192,30,2,Same Day,3.7,Regular,No,Not Returned,No
13-01-2024,Mouse,Accessories,West,9,6138,1478.57,"2,591",ABC2591,682,25,4,Standard,4.3,Premium,No,Not Returned,No
20-11-2024,Monitor,Accessories,South,4,964,184.03,"2,592",ABC2592,241,35,4,Express,3.4,Regular,No,Not Returned,No
13-10-2023,Smartphone,Electronics,South,7,4697,976.26,"2,593",ABC2593,671,29,11,Standard,1,Premium,Yes,Low Rating,No
09-05-2022,Smartphone,Electronics,West,2,1232,155.52,"2,594",ABC2594,616,27,3,Express,4.2,Regular,No,Not Returned,No
21-12-2022,Monitor,Accessories,West,7,6384,734.79,"2,595",ABC2595,912,28,7,Standard,3,Premium,No,Not Returned,No
22-11-2024,Mouse,Accessories,West,4,780,162.72,"2,596",ABC2596,195,32,12,Same Day,1.3,Regular,Yes,Low Rating,No
27-01-2023,Printer,Office,West,4,1256,362.22,"2,597",ABC2597,314,25,8,Standard,2.6,Regular,Yes,Not Returned,No
08-05-2022,Mouse,Accessories,South,1,1162,220.93,"2,598",ABC2598,1162,22,2,Standard,4,Regular,No,Not Returned,No
10-02-2023,Mouse,Accessories,South,8,7520,995.03,"2,599",ABC2599,940,39,4,Same Day,2.9,Premium,Yes,Not Returned,No
26-03-2024,Headphones,Accessories,South,7,2387,463.92,"2,600",ABC2600,341,13,3,Standard,3.8,Premium,No,Not Returned,No
20-10-2023,Keyboard,Accessories,East,8,2256,316.77,"2,601",ABC2601,282,34,2,Express,3.8,Regular,No,Not Returned,No
06-06-2024,Monitor,Accessories,North,8,7792,913.12,"2,602",ABC2602,974,38,12,Standard,1.2,Premium,Yes,Low Rating,No
24-05-2023,Laptop,Electronics,East,8,3944,296.35,"2,603",ABC2603,493,36,6,Standard,3.4,Premium,No,Not Returned,No
17-12-2023,Smartphone,Electronics,South,2,822,183.45,"2,604",ABC2604,411,7,4,Standard,3.8,Regular,No,Not Returned,No
20-06-2024,Headphones,Accessories,North,3,1962,469.94,"2,605",ABC2605,654,7,6,Same Day,3,Regular,No,Not Returned,No
21-12-2022,Printer,Office,North,4,1016,269.88,"2,606",ABC2606,254,32,2,Standard,4.2,Regular,No,Not Returned,No
20-06-2023,Tablet,Electronics,North,2,1980,125.99,"2,607",ABC2607,990,19,12,Standard,1.5,Regular,Yes,Low Rating,No
08-12-2024,Headphones,Accessories,West,4,3996,965.26,"2,608",ABC2608,999,27,4,Express,2.8,Premium,Yes,Not Returned,No
18-07-2022,Smartwatch,Electronics,North,1,663,183.82,"2,609",ABC2609,663,15,11,Standard,1,Regular,Yes,Low Rating,No
05-10-2023,Laptop,Electronics,South,1,575,104.31,"2,610",ABC2610,575,36,6,Standard,3.9,Regular,No,Not Returned,No
04-09-2023,Tablet,Electronics,South,1,187,33.76,"2,611",ABC2611,187,37,5,Standard,2.7,Regular,Yes,Product Issue,No
01-08-2023,Tablet,Electronics,East,7,6216,378.24,"2,612",ABC2612,888,28,3,Standard,4.3,Premium,No,Not Returned,No
05-03-2022,Camera,Electronics,South,1,189,19.02,"2,613",ABC2613,189,38,8,Express,2.7,Regular,Yes,Product Issue,No
13-08-2022,Tablet,Electronics,South,2,358,41.46,"2,614",ABC2614,179,32,7,Express,1.7,Regular,Yes,Low Rating,No
17-04-2022,Keyboard,Accessories,North,6,6192,316.23,"2,615",ABC2615,1032,11,3,Same Day,3.1,Premium,No,Not Returned,No
25-05-2023,Tablet,Electronics,East,7,4382,592.46,"2,616",ABC2616,626,8,6,Standard,3.6,Premium,No,Not Returned,No
20-10-2024,Keyboard,Accessories,East,2,1122,100.78,"2,617",ABC2617,561,5,4,Same Day,3.2,Regular,No,Not Returned,No
21-06-2022,Laptop,Electronics,North,8,8192,2081.72,"2,618",ABC2618,1024,5,11,Same Day,1,Premium,Yes,Low Rating,No
22-08-2022,Laptop,Electronics,South,6,2658,200.79,"2,619",ABC2619,443,24,5,Standard,3.1,Premium,No,Not Returned,No
17-03-2023,Tablet,Electronics,West,6,606,127.68,"2,620",ABC2620,101,23,11,Express,1,Regular,Yes,Low Rating,No
02-11-2024,Monitor,Accessories,South,8,448,45.43,"2,621",ABC2621,56,33,5,Express,3.6,Regular,Yes,Product Issue,No
17-01-2023,Printer,Office,North,3,1674,435.95,"2,622",ABC2622,558,14,7,Standard,2.1,Regular,Yes,Low Rating,No
13-02-2022,Tablet,Electronics,South,6,1944,366.18,"2,623",ABC2623,324,22,11,Standard,1,Regular,Yes,Low Rating,No
07-02-2022,Monitor,Accessories,South,6,1716,302.09,"2,624",ABC2624,286,32,5,Express,3.9,Regular,No,Not Returned,No
05-05-2022,Camera,Electronics,South,6,2982,445.01,"2,625",ABC2625,497,39,11,Standard,1,Premium,Yes,Low Rating,No
14-08-2022,Laptop,Electronics,North,9,7497,2241.59,"2,626",ABC2626,833,35,3,Standard,3.6,Premium,No,Not Returned,No
26-01-2024,Headphones,Accessories,South,3,1026,142.71,"2,627",ABC2627,342,31,10,Standard,2.1,Regular,Yes,Low Rating,No
11-12-2024,Laptop,Electronics,South,7,7392,2063.23,"2,628",ABC2628,1056,15,5,Express,3.4,Premium,No,Not Returned,No
23-06-2024,Printer,Office,North,4,2604,271.22,"2,629",ABC2629,651,9,7,Same Day,3.2,Premium,No,Not Returned,No
23-11-2023,Smartwatch,Electronics,North,6,1746,289.2,"2,630",ABC2630,291,12,5,Same Day,3.8,Regular,No,Not Returned,No
23-02-2024,Headphones,Accessories,West,6,5682,1365.87,"2,631",ABC2631,947,38,5,Standard,3.1,Premium,No,Not Returned,No
24-06-2024,Mouse,Accessories,North,8,8664,2131.16,"2,632",ABC2632,1083,16,9,Express,2.5,Premium,Yes,Late Delivery,No
08-07-2023,Tablet,Electronics,West,3,1887,363.42,"2,633",ABC2633,629,5,3,Standard,4.1,Regular,No,Not Returned,No
29-10-2024,Smartphone,Electronics,East,7,6013,1544.51,"2,634",ABC2634,859,35,6,Express,2.7,Premium,Yes,Not Returned,No
05-01-2024,Smartwatch,Electronics,North,2,1578,463.58,"2,635",ABC2635,789,8,1,Standard,4.8,Regular,No,Not Returned,No
19-08-2022,Camera,Electronics,South,3,285,38.37,"2,636",ABC2636,95,9,10,Express,1,Regular,Yes,Low Rating,No
27-01-2023,Laptop,Electronics,West,6,5448,963.82,"2,637",ABC2637,908,34,5,Express,3.8,Premium,No,Not Returned,No
09-08-2024,Printer,Office,East,2,1710,468.76,"2,638",ABC2638,855,28,8,Same Day,2.7,Regular,Yes,Not Returned,No
03-11-2022,Keyboard,Accessories,West,9,2817,432.67,"2,639",ABC2639,313,7,5,Standard,3.4,Premium,No,Not Returned,No
09-04-2022,Smartphone,Electronics,East,9,9117,1780.52,"2,640",ABC2640,1013,15,9,Same Day,1,Premium,Yes,Low Rating,No
09-08-2023,Smartwatch,Electronics,South,2,274,42.37,"2,641",ABC2641,137,8,11,Same Day,1.9,Regular,Yes,Low Rating,No
25-09-2023,Keyboard,Accessories,South,6,6408,885.71,"2,642",ABC2642,1068,30,6,Express,3.2,Premium,No,Not Returned,No
16-05-2022,Keyboard,Accessories,West,5,5755,1441.84,"2,643",ABC2643,1151,31,8,Standard,2.3,Premium,Yes,Low Rating,No
10-12-2024,Tablet,Electronics,West,3,2262,245.66,"2,644",ABC2644,754,31,10,Express,1.6,Regular,Yes,Low Rating,No
30-05-2024,Headphones,Accessories,East,7,1785,233.77,"2,645",ABC2645,255,10,8,Express,2.1,Regular,Yes,Low Rating,No
06-06-2023,Printer,Office,North,8,5128,657.87,"2,646",ABC2646,641,19,3,Express,3.8,Premium,No,Not Returned,No
04-01-2024,Camera,Electronics,South,8,5176,1400.82,"2,647",ABC2647,647,34,7,Standard,3.1,Premium,No,Not Returned,No
16-09-2023,Keyboard,Accessories,North,5,1510,331.76,"2,648",ABC2648,302,39,7,Standard,2.4,Regular,Yes,Low Rating,No
17-03-2023,Keyboard,Accessories,North,1,947,77.21,"2,649",ABC2649,947,27,10,Express,1.5,Regular,Yes,Low Rating,No
31-12-2023,Smartphone,Electronics,North,9,5427,731.33,"2,650",ABC2650,603,10,12,Standard,1,Premium,Yes,Low Rating,No
09-04-2022,Smartwatch,Electronics,South,4,4560,507.87,"2,651",ABC2651,1140,8,6,Express,2.9,Premium,Yes,Not Returned,No
03-05-2023,Tablet,Electronics,South,6,2100,268.4,"2,652",ABC2652,350,22,12,Standard,1,Regular,Yes,Low Rating,No
10-05-2024,Laptop,Electronics,North,1,1054,288.15,"2,653",ABC2653,1054,13,7,Standard,2.6,Regular,Yes,Not Returned,No
18-08-2022,Smartwatch,Electronics,West,6,7026,1814.21,"2,654",ABC2654,1171,33,2,Same Day,4.5,Premium,No,Not Returned,No
14-07-2022,Camera,Electronics,North,9,513,151.87,"2,655",ABC2655,57,17,9,Express,1.5,Regular,Yes,Low Rating,No
29-04-2024,Headphones,Accessories,South,2,2244,353.83,"2,656",ABC2656,1122,21,10,Same Day,1.6,Regular,Yes,Low Rating,No
22-02-2024,Smartphone,Electronics,North,5,1785,134.95,"2,657",ABC2657,357,36,10,Same Day,2.6,Regular,Yes,Late Delivery,No
24-06-2023,Keyboard,Accessories,South,5,725,77.91,"2,658",ABC2658,145,26,1,Express,4.6,Regular,Yes,Product Issue,No
13-11-2024,Smartphone,Electronics,North,4,2516,689.29,"2,659",ABC2659,629,8,1,Express,4.2,Premium,No,Not Returned,No
29-05-2023,Monitor,Accessories,East,8,6256,1152.99,"2,660",ABC2660,782,9,3,Standard,3.5,Premium,No,Not Returned,No
11-06-2023,Camera,Electronics,North,2,452,74.34,"2,661",ABC2661,226,17,3,Express,3.4,Regular,Yes,Product Issue,No
05-03-2022,Laptop,Electronics,South,7,5285,1338.58,"2,662",ABC2662,755,38,1,Same Day,5,Premium,No,Not Returned,No
19-03-2023,Smartphone,Electronics,North,6,4872,786.79,"2,663",ABC2663,812,26,12,Same Day,1.5,Premium,Yes,Low Rating,No
22-08-2023,Keyboard,Accessories,East,5,2495,164.56,"2,664",ABC2664,499,27,7,Express,2,Premium,Yes,Low Rating,No
19-02-2022,Monitor,Accessories,West,1,442,82.73,"2,665",ABC2665,442,7,4,Same Day,3.8,Regular,Yes,Product Issue,No
17-09-2024,Printer,Office,East,9,8595,1312.19,"2,666",ABC2666,955,38,10,Standard,2.3,Premium,Yes,Low Rating,No
08-04-2022,Keyboard,Accessories,East,4,3528,411.5,"2,667",ABC2667,882,36,2,Same Day,4.3,Premium,No,Not Returned,No
10-06-2024,Laptop,Electronics,North,7,7777,746.84,"2,668",ABC2668,1111,25,10,Standard,1.4,Premium,Yes,Low Rating,No
05-11-2022,Smartwatch,Electronics,South,4,2008,451.68,"2,669",ABC2669,502,25,5,Same Day,4.5,Regular,No,Not Returned,No
03-05-2022,Mouse,Accessories,North,2,596,41.37,"2,670",ABC2670,298,15,6,Standard,2,Regular,Yes,Low Rating,No
25-12-2024,Smartwatch,Electronics,East,9,4950,1402.67,"2,671",ABC2671,550,8,9,Standard,3.3,Premium,No,Late Delivery,No
16-06-2024,Keyboard,Accessories,South,2,630,86.07,"2,672",ABC2672,315,5,4,Express,3.7,Regular,Yes,Product Issue,No
05-07-2024,Camera,Electronics,North,6,6144,754.18,"2,673",ABC2673,1024,32,2,Standard,5,Premium,No,Not Returned,No
03-12-2023,Monitor,Accessories,North,1,140,24.21,"2,674",ABC2674,140,28,5,Express,2.7,Regular,Yes,Product Issue,No
30-01-2024,Headphones,Accessories,East,2,2014,215.06,"2,675",ABC2675,1007,39,3,Same Day,3.6,Regular,No,Not Returned,No
06-08-2024,Mouse,Accessories,West,2,384,99.02,"2,676",ABC2676,192,17,2,Same Day,3.8,Regular,Yes,Product Issue,No
18-01-2022,Printer,Office,East,7,3780,351.51,"2,677",ABC2677,540,38,12,Same Day,1,Premium,Yes,Low Rating,No
28-02-2023,Monitor,Accessories,West,7,5047,915.75,"2,678",ABC2678,721,15,1,Standard,4.8,Premium,No,Not Returned,No
27-08-2022,Headphones,Accessories,South,3,2658,175.89,"2,679",ABC2679,886,21,10,Same Day,2.2,Premium,Yes,Low Rating,No
14-10-2023,Mouse,Accessories,West,8,528,53.91,"2,680",ABC2680,66,39,2,Same Day,3.5,Regular,Yes,Product Issue,No
23-06-2022,Keyboard,Accessories,East,9,6507,1045.14,"2,681",ABC2681,723,22,6,Express,3.1,Premium,No,Not Returned,No
02-06-2023,Camera,Electronics,South,7,5887,1035.5,"2,682",ABC2682,841,26,8,Express,2.8,Premium,Yes,Not Returned,No
13-08-2023,Headphones,Accessories,East,8,8224,1679.16,"2,683",ABC2683,1028,28,3,Same Day,4.5,Premium,No,Not Returned,No
12-03-2022,Laptop,Electronics,South,3,723,115.25,"2,684",ABC2684,241,23,11,Same Day,1.1,Regular,Yes,Low Rating,No
03-06-2023,Mouse,Accessories,North,2,2272,504.72,"2,685",ABC2685,1136,25,9,Standard,1.8,Regular,Yes,Low Rating,No
03-07-2022,Keyboard,Accessories,East,9,8640,1963.34,"2,686",ABC2686,960,12,12,Standard,1,Premium,Yes,Low Rating,No
14-09-2023,Camera,Electronics,North,8,2984,631.81,"2,687",ABC2687,373,32,9,Same Day,2.1,Premium,Yes,Low Rating,No
28-04-2022,Smartphone,Electronics,East,2,606,150.95,"2,688",ABC2688,303,9,2,Express,5,Regular,No,Not Returned,No
08-04-2022,Monitor,Accessories,West,2,170,48.69,"2,689",ABC2689,85,21,8,Same Day,1.7,Regular,Yes,Low Rating,No
21-03-2022,Headphones,Accessories,East,9,5283,1550.3,"2,690",ABC2690,587,23,10,Standard,1.3,Premium,Yes,Low Rating,No
27-02-2023,Smartwatch,Electronics,West,6,1350,356.88,"2,691",ABC2691,225,31,11,Express,1,Regular,Yes,Low Rating,No
28-11-2022,Headphones,Accessories,South,4,2500,467.34,"2,692",ABC2692,625,38,12,Express,1.2,Premium,Yes,Low Rating,No
11-02-2022,Camera,Electronics,North,4,4648,689.85,"2,693",ABC2693,1162,15,5,Standard,3.9,Premium,No,Not Returned,No
21-05-2023,Printer,Office,North,5,650,93.41,"2,694",ABC2694,130,16,4,Same Day,3,Regular,Yes,Product Issue,No
14-09-2022,Monitor,Accessories,North,2,1538,97.15,"2,695",ABC2695,769,25,10,Same Day,1.7,Regular,Yes,Low Rating,No
15-06-2024,Smartwatch,Electronics,East,4,3928,325.32,"2,696",ABC2696,982,15,5,Same Day,3.8,Premium,No,Not Returned,No
23-03-2022,Headphones,Accessories,North,2,2258,175.86,"2,697",ABC2697,1129,32,4,Standard,4.1,Regular,No,Not Returned,No
09-06-2022,Monitor,Accessories,West,9,2988,447.93,"2,698",ABC2698,332,9,8,Express,2.7,Premium,Yes,Not Returned,No
07-04-2023,Headphones,Accessories,South,8,4136,810.82,"2,699",ABC2699,517,21,4,Standard,3.1,Premium,No,Not Returned,No
22-10-2023,Mouse,Accessories,South,7,3605,387.82,"2,700",ABC2700,515,24,10,Same Day,2.1,Premium,Yes,Low Rating,No
10-08-2023,Smartwatch,Electronics,West,3,1656,469.28,"2,701",ABC2701,552,16,12,Standard,1,Regular,Yes,Low Rating,No
24-12-2022,Printer,Office,West,8,7072,2113.06,"2,702",ABC2702,884,10,6,Express,3.5,Premium,No,Not Returned,No
04-09-2024,Keyboard,Accessories,South,8,5368,542.52,"2,703",ABC2703,671,21,2,Standard,4.6,Premium,No,Not Returned,No
22-01-2024,Laptop,Electronics,East,4,1356,374.79,"2,704",ABC2704,339,23,5,Same Day,2.9,Regular,Yes,Not Returned,No
26-06-2024,Printer,Office,South,6,1326,338.66,"2,705",ABC2705,221,30,6,Express,3.1,Regular,No,Not Returned,No
26-10-2024,Printer,Office,East,1,730,55.72,"2,706",ABC2706,730,36,5,Standard,3.7,Regular,Yes,Product Issue,No
10-05-2024,Headphones,Accessories,South,4,4664,294.05,"2,707",ABC2707,1166,10,12,Standard,1,Premium,Yes,Low Rating,No
04-12-2023,Laptop,Electronics,North,8,3528,593.11,"2,708",ABC2708,441,15,2,Express,4.4,Premium,No,Not Returned,No
19-03-2023,Mouse,Accessories,West,3,1497,190.59,"2,709",ABC2709,499,37,7,Express,2,Regular,Yes,Low Rating,No
21-04-2023,Tablet,Electronics,North,3,2628,781.94,"2,710",ABC2710,876,28,4,Same Day,3.9,Premium,No,Not Returned,No
12-11-2022,Laptop,Electronics,West,4,4196,655.29,"2,711",ABC2711,1049,27,8,Express,2.3,Premium,Yes,Low Rating,No
02-08-2022,Monitor,Accessories,South,7,1204,317.12,"2,712",ABC2712,172,19,7,Same Day,3.1,Regular,No,Not Returned,No
23-08-2023,Printer,Office,West,7,7119,1555.05,"2,713",ABC2713,1017,31,7,Standard,2.9,Premium,Yes,Not Returned,No
12-05-2024,Tablet,Electronics,West,8,1848,351.02,"2,714",ABC2714,231,15,9,Same Day,1.8,Regular,Yes,Low Rating,No
24-05-2024,Tablet,Electronics,South,4,2232,531.12,"2,715",ABC2715,558,21,1,Standard,4.2,Regular,No,Not Returned,No
19-12-2024,Mouse,Accessories,West,6,5190,898.86,"2,716",ABC2716,865,18,10,Express,1.1,Premium,Yes,Low Rating,No
28-01-2022,Smartphone,Electronics,West,3,1830,403.42,"2,717",ABC2717,610,31,6,Standard,2.7,Regular,Yes,Not Returned,No
29-01-2022,Mouse,Accessories,West,1,1033,302.68,"2,718",ABC2718,1033,22,6,Express,3.4,Regular,No,Not Returned,No
01-11-2022,Smartwatch,Electronics,South,7,2324,611.7,"2,719",ABC2719,332,32,6,Standard,2.1,Regular,Yes,Low Rating,No
04-06-2023,Keyboard,Accessories,North,2,1942,235.42,"2,720",ABC2720,971,8,12,Standard,1,Regular,Yes,Low Rating,No
27-03-2022,Printer,Office,South,7,5740,1615.9,"2,721",ABC2721,820,11,6,Standard,3.4,Premium,No,Not Returned,No
22-10-2022,Smartwatch,Electronics,South,9,6435,1096.88,"2,722",ABC2722,715,39,12,Standard,1.7,Premium,Yes,Low Rating,No
29-03-2022,Mouse,Accessories,North,2,1168,172.18,"2,723",ABC2723,584,13,10,Same Day,1.2,Regular,Yes,Low Rating,No
26-08-2022,Tablet,Electronics,South,9,7362,441.36,"2,724",ABC2724,818,12,7,Standard,2.1,Premium,Yes,Low Rating,No
17-10-2023,Smartwatch,Electronics,West,2,862,105.97,"2,725",ABC2725,431,21,10,Same Day,2.4,Regular,Yes,Low Rating,No
25-10-2023,Mouse,Accessories,West,1,956,167.16,"2,726",ABC2726,956,21,6,Express,2.9,Regular,Yes,Not Returned,No
07-06-2022,Smartphone,Electronics,West,7,4438,770.3,"2,727",ABC2727,634,37,1,Express,4.2,Premium,No,Not Returned,No
10-10-2023,Keyboard,Accessories,East,9,972,100,"2,728",ABC2728,108,36,3,Same Day,4.5,Regular,No,Not Returned,No
02-09-2022,Keyboard,Accessories,West,2,1816,129.24,"2,729",ABC2729,908,12,2,Express,4.6,Regular,No,Not Returned,No
25-04-2023,Monitor,Accessories,East,4,596,105.89,"2,730",ABC2730,149,23,6,Express,3.4,Regular,No,Not Returned,No
24-03-2024,Mouse,Accessories,East,9,1233,346.9,"2,731",ABC2731,137,7,8,Standard,1.9,Regular,Yes,Low Rating,No
09-01-2023,Headphones,Accessories,West,1,1055,88.61,"2,732",ABC2732,1055,9,3,Standard,4.2,Regular,Yes,Product Issue,No
13-11-2022,Tablet,Electronics,East,2,952,112.39,"2,733",ABC2733,476,17,10,Standard,2.3,Regular,Yes,Low Rating,No
04-03-2023,Mouse,Accessories,West,1,312,40.47,"2,734",ABC2734,312,35,8,Same Day,2.7,Regular,Yes,Product Issue,No
12-02-2022,Tablet,Electronics,South,2,294,35.05,"2,735",ABC2735,147,20,8,Same Day,2.8,Regular,Yes,Product Issue,No
28-03-2022,Smartwatch,Electronics,North,2,474,120.91,"2,736",ABC2736,237,36,5,Express,4,Regular,No,Not Returned,No
02-06-2023,Camera,Electronics,East,2,788,195.15,"2,737",ABC2737,394,26,8,Standard,2.5,Regular,Yes,Not Returned,No
15-05-2022,Mouse,Accessories,North,8,2760,156.53,"2,738",ABC2738,345,33,6,Same Day,2.7,Premium,Yes,Not Returned,No
14-10-2023,Laptop,Electronics,North,4,908,219.79,"2,739",ABC2739,227,26,5,Same Day,3.8,Regular,No,Not Returned,No
17-10-2022,Smartphone,Electronics,East,1,593,133.01,"2,740",ABC2740,593,7,9,Standard,1.4,Regular,Yes,Low Rating,No
16-07-2023,Headphones,Accessories,South,6,1698,193.42,"2,741",ABC2741,283,14,7,Same Day,2.6,Regular,Yes,Not Returned,No
23-09-2024,Printer,Office,East,1,546,124.1,"2,742",ABC2742,546,25,8,Standard,2.6,Regular,Yes,Not Returned,No
11-08-2022,Laptop,Electronics,West,5,4380,275.84,"2,743",ABC2743,876,20,1,Express,3.1,Premium,No,Not Returned,No
11-06-2023,Camera,Electronics,West,4,2472,594.62,"2,744",ABC2744,618,16,11,Express,1.5,Premium,Yes,Low Rating,No
01-04-2024,Smartphone,Electronics,East,4,1996,396.63,"2,745",ABC2745,499,6,2,Express,4.5,Regular,No,Not Returned,No
25-12-2024,Camera,Electronics,West,5,2525,699.74,"2,746",ABC2746,505,28,8,Standard,1.8,Premium,Yes,Low Rating,No
05-07-2022,Headphones,Accessories,West,9,4041,517.23,"2,747",ABC2747,449,39,12,Same Day,1.2,Premium,Yes,Low Rating,No
16-07-2024,Keyboard,Accessories,South,3,858,246.86,"2,748",ABC2748,286,34,9,Express,2.1,Regular,Yes,Low Rating,No
14-12-2022,Keyboard,Accessories,North,9,4221,1238.6,"2,749",ABC2749,469,34,4,Express,3.7,Premium,No,Not Returned,No
16-02-2023,Tablet,Electronics,East,2,858,73.49,"2,750",ABC2750,429,39,12,Express,1.6,Regular,Yes,Low Rating,No
05-12-2024,Keyboard,Accessories,North,1,776,172.19,"2,751",ABC2751,776,23,10,Same Day,2.1,Regular,Yes,Low Rating,No
23-08-2023,Laptop,Electronics,North,7,3654,871.81,"2,752",ABC2752,522,12,11,Same Day,1.7,Premium,Yes,Low Rating,No
14-02-2024,Headphones,Accessories,East,3,384,45.99,"2,753",ABC2753,128,30,10,Standard,1.2,Regular,Yes,Low Rating,No
16-09-2023,Printer,Office,West,5,535,43.47,"2,754",ABC2754,107,11,9,Express,2,Regular,Yes,Low Rating,No
26-11-2022,Headphones,Accessories,North,9,7992,1979.53,"2,755",ABC2755,888,34,4,Same Day,4.3,Premium,No,Not Returned,No
04-07-2024,Mouse,Accessories,North,7,3892,350.57,"2,756",ABC2756,556,11,10,Standard,1.6,Premium,Yes,Low Rating,No
26-02-2024,Tablet,Electronics,East,3,2637,468.6,"2,757",ABC2757,879,7,10,Express,2.4,Premium,Yes,Low Rating,No
12-02-2024,Mouse,Accessories,South,8,8664,2349.68,"2,758",ABC2758,1083,5,10,Same Day,2,Premium,Yes,Low Rating,No
03-10-2023,Smartwatch,Electronics,South,6,918,116.87,"2,759",ABC2759,153,29,9,Same Day,2.9,Regular,Yes,Late Delivery,No
17-01-2024,Monitor,Accessories,West,5,5625,1006.95,"2,760",ABC2760,1125,5,11,Standard,1,Premium,Yes,Low Rating,No
02-06-2023,Tablet,Electronics,West,6,6030,511.7,"2,761",ABC2761,1005,19,7,Express,2.6,Premium,Yes,Not Returned,No
22-04-2022,Printer,Office,West,8,432,98.44,"2,762",ABC2762,54,17,2,Express,4.3,Regular,Yes,Product Issue,No
21-02-2024,Laptop,Electronics,South,6,1884,190.58,"2,763",ABC2763,314,12,9,Same Day,2.3,Regular,Yes,Low Rating,No
21-02-2023,Laptop,Electronics,East,9,9225,2526.27,"2,764",ABC2764,1025,9,4,Express,3.3,Premium,No,Not Returned,No
04-08-2022,Printer,Office,North,2,954,71,"2,765",ABC2765,477,13,8,Standard,1.5,Regular,Yes,Low Rating,No
07-02-2023,Smartwatch,Electronics,West,8,7072,1983.42,"2,766",ABC2766,884,5,7,Same Day,2.9,Premium,Yes,Not Returned,No
07-08-2024,Smartphone,Electronics,North,3,342,89.67,"2,767",ABC2767,114,39,7,Same Day,2.5,Regular,Yes,Product Issue,No
05-02-2023,Printer,Office,South,4,2440,410.86,"2,768",ABC2768,610,6,8,Standard,2.1,Premium,Yes,Low Rating,No
22-01-2024,Mouse,Accessories,South,5,510,82.47,"2,769",ABC2769,102,27,1,Same Day,4.3,Regular,Yes,Product Issue,No
12-10-2023,Smartphone,Electronics,South,1,192,16.47,"2,770",ABC2770,192,13,5,Express,3.4,Regular,Yes,Product Issue,No
26-09-2023,Mouse,Accessories,East,5,3600,712.3,"2,771",ABC2771,720,38,2,Express,3.8,Premium,No,Not Returned,No
01-06-2024,Camera,Electronics,West,7,2597,766.32,"2,772",ABC2772,371,18,2,Same Day,4.2,Premium,No,Not Returned,No
12-08-2023,Camera,Electronics,East,4,772,215.62,"2,773",ABC2773,193,8,1,Standard,4.3,Regular,No,Not Returned,No
06-08-2023,Mouse,Accessories,West,2,646,180.5,"2,774",ABC2774,323,34,5,Standard,3,Regular,No,Not Returned,No
29-03-2024,Smartphone,Electronics,East,7,2947,809.46,"2,775",ABC2775,421,35,2,Express,4.5,Premium,No,Not Returned,No
21-02-2023,Laptop,Electronics,South,5,880,255.9,"2,776",ABC2776,176,15,4,Standard,4,Regular,No,Not Returned,No
11-02-2022,Camera,Electronics,West,3,1038,219.69,"2,777",ABC2777,346,39,3,Same Day,3.8,Regular,No,Not Returned,No
05-08-2024,Printer,Office,West,1,714,209.69,"2,778",ABC2778,714,12,3,Same Day,4.5,Regular,No,Not Returned,No
04-08-2023,Laptop,Electronics,South,4,1792,506.56,"2,779",ABC2779,448,7,2,Express,3.8,Regular,No,Not Returned,No
21-08-2022,Headphones,Accessories,East,6,5874,1386.51,"2,780",ABC2780,979,18,6,Express,2.2,Premium,Yes,Low Rating,No
13-08-2023,Smartwatch,Electronics,East,6,2496,332.08,"2,781",ABC2781,416,17,2,Express,3.7,Premium,No,Not Returned,No
13-12-2023,Smartwatch,Electronics,West,3,795,60.34,"2,782",ABC2782,265,36,8,Standard,1.8,Regular,Yes,Low Rating,No
26-01-2023,Smartphone,Electronics,East,7,7238,1597.03,"2,783",ABC2783,1034,38,8,Same Day,1.7,Premium,Yes,Low Rating,No
27-08-2023,Tablet,Electronics,South,1,430,83.33,"2,784",ABC2784,430,23,12,Same Day,2,Regular,Yes,Low Rating,No
10-01-2022,Headphones,Accessories,West,4,1728,239.64,"2,785",ABC2785,432,20,5,Same Day,2.6,Regular,Yes,Not Returned,No
07-04-2022,Monitor,Accessories,South,3,1833,314.79,"2,786",ABC2786,611,6,10,Express,2.1,Regular,Yes,Low Rating,No
23-10-2023,Monitor,Accessories,North,7,7280,1682.79,"2,787",ABC2787,1040,21,7,Same Day,2.7,Premium,Yes,Not Returned,No
01-03-2024,Smartwatch,Electronics,South,1,814,197.91,"2,788",ABC2788,814,38,4,Standard,3.8,Regular,No,Not Returned,No
06-03-2023,Printer,Office,South,8,4696,410.03,"2,789",ABC2789,587,20,1,Standard,4.2,Premium,No,Not Returned,No
27-07-2023,Mouse,Accessories,South,5,1190,235.64,"2,790",ABC2790,238,6,11,Same Day,1.5,Regular,Yes,Low Rating,No
16-01-2024,Printer,Office,East,1,591,39.06,"2,791",ABC2791,591,6,2,Express,3.9,Regular,Yes,Product Issue,No
29-11-2023,Mouse,Accessories,North,9,8100,2203.56,"2,792",ABC2792,900,30,10,Same Day,2.1,Premium,Yes,Low Rating,No
06-04-2024,Laptop,Electronics,South,6,1500,183.31,"2,793",ABC2793,250,17,10,Standard,2.2,Regular,Yes,Low Rating,No
26-07-2024,Smartwatch,Electronics,North,2,300,48.69,"2,794",ABC2794,150,35,4,Standard,3.6,Regular,Yes,Product Issue,No
31-05-2023,Smartwatch,Electronics,North,9,1098,106.97,"2,795",ABC2795,122,38,1,Standard,4.6,Regular,No,Not Returned,No
28-05-2024,Monitor,Accessories,West,4,2336,509.49,"2,796",ABC2796,584,7,8,Same Day,2.5,Regular,Yes,Not Returned,No
05-10-2022,Camera,Electronics,North,5,410,40.96,"2,797",ABC2797,82,12,9,Standard,2.2,Regular,Yes,Low Rating,No
09-10-2023,Mouse,Accessories,South,9,594,51.49,"2,798",ABC2798,66,27,4,Express,4.2,Regular,Yes,Product Issue,No
20-09-2023,Smartwatch,Electronics,East,2,218,38.93,"2,799",ABC2799,109,18,10,Same Day,2.2,Regular,Yes,Low Rating,No
25-03-2023,Tablet,Electronics,South,2,1298,123.9,"2,800",ABC2800,649,31,3,Same Day,4,Regular,No,Not Returned,No
28-03-2024,Tablet,Electronics,North,5,895,180.64,"2,801",ABC2801,179,33,2,Standard,4.1,Regular,No,Not Returned,No
31-07-2023,Keyboard,Accessories,West,4,2828,539.43,"2,802",ABC2802,707,5,5,Standard,3.7,Premium,No,Not Returned,No
15-11-2023,Tablet,Electronics,West,3,813,188.94,"2,803",ABC2803,271,21,3,Express,3.9,Regular,No,Not Returned,No
19-06-2024,Monitor,Accessories,West,4,1800,170.19,"2,804",ABC2804,450,34,10,Same Day,1.7,Regular,Yes,Low Rating,No
24-07-2024,Tablet,Electronics,West,1,99,12.79,"2,805",ABC2805,99,17,7,Standard,2.9,Regular,Yes,Product Issue,No
15-09-2022,Headphones,Accessories,West,8,7576,1703.42,"2,806",ABC2806,947,25,11,Express,1.8,Premium,Yes,Low Rating,No
24-01-2024,Smartwatch,Electronics,East,3,1317,71.02,"2,807",ABC2807,439,23,6,Standard,3.1,Regular,Yes,Product Issue,No
21-03-2024,Smartwatch,Electronics,West,3,957,120.27,"2,808",ABC2808,319,23,1,Same Day,4.4,Regular,No,Not Returned,No
17-01-2022,Mouse,Accessories,South,4,1316,244.13,"2,809",ABC2809,329,29,12,Standard,1.9,Regular,Yes,Low Rating,No
20-12-2024,Headphones,Accessories,South,6,5346,351.93,"2,810",ABC2810,891,26,8,Same Day,3.1,Premium,No,Not Returned,No
07-03-2023,Smartphone,Electronics,East,1,464,66.26,"2,811",ABC2811,464,35,2,Standard,3.8,Regular,Yes,Product Issue,No
28-09-2022,Keyboard,Accessories,North,7,3752,835.34,"2,812",ABC2812,536,21,5,Same Day,2.9,Premium,Yes,Not Returned,No
01-07-2024,Keyboard,Accessories,West,6,1962,301.57,"2,813",ABC2813,327,27,9,Express,1.6,Regular,Yes,Low Rating,No
27-11-2024,Smartphone,Electronics,South,6,2310,202.98,"2,814",ABC2814,385,36,8,Same Day,2.8,Regular,Yes,Not Returned,No
01-03-2023,Tablet,Electronics,East,4,3028,685.23,"2,815",ABC2815,757,14,2,Express,5,Premium,No,Not Returned,No
22-07-2023,Monitor,Accessories,North,3,2994,877.92,"2,816",ABC2816,998,14,9,Same Day,1.7,Premium,Yes,Low Rating,No
18-06-2024,Tablet,Electronics,South,3,3393,313.45,"2,817",ABC2817,1131,12,5,Express,3.4,Premium,No,Not Returned,No
08-11-2024,Camera,Electronics,North,3,1209,320.61,"2,818",ABC2818,403,24,10,Standard,1.3,Regular,Yes,Low Rating,No
18-11-2022,Keyboard,Accessories,East,8,5784,1276.57,"2,819",ABC2819,723,36,6,Same Day,3.9,Premium,No,Not Returned,No
10-03-2022,Laptop,Electronics,West,9,3078,285.05,"2,820",ABC2820,342,18,3,Standard,4.4,Premium,No,Not Returned,No
18-01-2024,Printer,Office,South,4,2464,602.3,"2,821",ABC2821,616,32,3,Express,3.6,Premium,No,Not Returned,No
14-12-2024,Camera,Electronics,West,5,2445,146.6,"2,822",ABC2822,489,28,10,Same Day,1,Premium,Yes,Low Rating,No
24-02-2023,Keyboard,Accessories,North,8,5312,841.13,"2,823",ABC2823,664,19,8,Same Day,2.9,Premium,Yes,Not Returned,No
31-03-2022,Keyboard,Accessories,South,1,657,101.85,"2,824",ABC2824,657,26,11,Standard,1,Regular,Yes,Low Rating,No
17-05-2024,Keyboard,Accessories,South,3,2580,173.89,"2,825",ABC2825,860,34,10,Same Day,2.1,Premium,Yes,Low Rating,No
05-10-2022,Laptop,Electronics,East,8,4624,893.74,"2,826",ABC2826,578,8,10,Same Day,1.8,Premium,Yes,Low Rating,No
22-11-2023,Smartwatch,Electronics,North,2,1258,146.7,"2,827",ABC2827,629,17,12,Standard,1,Regular,Yes,Low Rating,No
28-07-2024,Camera,Electronics,East,7,6468,398.23,"2,828",ABC2828,924,27,2,Same Day,3.9,Premium,No,Not Returned,No
24-05-2023,Monitor,Accessories,West,3,1359,152.85,"2,829",ABC2829,453,12,11,Standard,1.2,Regular,Yes,Low Rating,No
28-11-2024,Laptop,Electronics,North,1,104,18.67,"2,830",ABC2830,104,22,12,Standard,1,Regular,Yes,Low Rating,No
01-03-2023,Headphones,Accessories,South,3,1785,93.17,"2,831",ABC2831,595,16,12,Standard,1.1,Regular,Yes,Low Rating,No
04-06-2022,Monitor,Accessories,North,8,7728,1748.26,"2,832",ABC2832,966,35,2,Standard,4.5,Premium,No,Not Returned,No
27-05-2023,Smartphone,Electronics,West,6,4188,1231.16,"2,833",ABC2833,698,18,5,Standard,4.2,Premium,No,Not Returned,No
25-06-2022,Smartwatch,Electronics,South,8,3520,359.84,"2,834",ABC2834,440,38,6,Express,3.2,Premium,No,Not Returned,No
12-08-2023,Camera,Electronics,East,3,2280,365.17,"2,835",ABC2835,760,22,12,Express,1.7,Regular,Yes,Low Rating,No
09-07-2024,Printer,Office,North,9,2484,655.54,"2,836",ABC2836,276,38,2,Standard,4.1,Premium,No,Not Returned,No
17-04-2024,Tablet,Electronics,West,3,1248,348.19,"2,837",ABC2837,416,15,5,Express,3.9,Regular,No,Not Returned,No
12-12-2023,Smartwatch,Electronics,West,2,850,59.92,"2,838",ABC2838,425,16,7,Express,2.5,Regular,Yes,Product Issue,No
07-01-2022,Printer,Office,East,4,1412,150.13,"2,839",ABC2839,353,19,10,Same Day,1.2,Regular,Yes,Low Rating,No
30-05-2022,Headphones,Accessories,North,1,465,26.5,"2,840",ABC2840,465,35,10,Standard,1.2,Regular,Yes,Low Rating,No
28-05-2024,Printer,Office,West,1,293,29.58,"2,841",ABC2841,293,33,8,Express,1,Regular,Yes,Low Rating,No
01-01-2022,Tablet,Electronics,North,9,9234,2523.67,"2,842",ABC2842,1026,30,12,Same Day,1.4,Premium,Yes,Low Rating,No
01-12-2022,Tablet,Electronics,North,2,1298,239.45,"2,843",ABC2843,649,22,7,Same Day,2,Regular,Yes,Low Rating,No
07-08-2024,Printer,Office,East,9,9477,2443.62,"2,844",ABC2844,1053,36,8,Standard,3,Premium,No,Not Returned,No
29-05-2024,Printer,Office,South,7,6713,457.99,"2,845",ABC2845,959,26,12,Standard,1,Premium,Yes,Low Rating,No
25-04-2022,Laptop,Electronics,South,5,5700,999.26,"2,846",ABC2846,1140,21,9,Same Day,1.2,Premium,Yes,Low Rating,No
29-07-2024,Camera,Electronics,West,6,4146,700.46,"2,847",ABC2847,691,27,5,Standard,2.8,Premium,Yes,Not Returned,No
11-10-2023,Tablet,Electronics,North,8,6968,704.55,"2,848",ABC2848,871,28,5,Standard,3.4,Premium,No,Not Returned,No
09-09-2024,Camera,Electronics,East,2,1054,243.5,"2,849",ABC2849,527,12,11,Same Day,1,Regular,Yes,Low Rating,No
15-03-2022,Keyboard,Accessories,West,3,1983,453.09,"2,850",ABC2850,661,10,10,Same Day,2,Regular,Yes,Low Rating,No
26-10-2023,Keyboard,Accessories,South,5,875,70.72,"2,851",ABC2851,175,9,4,Standard,2.9,Regular,Yes,Product Issue,No
25-09-2023,Printer,Office,North,2,268,63.01,"2,852",ABC2852,134,33,9,Express,1.6,Regular,Yes,Low Rating,No
17-07-2024,Headphones,Accessories,West,6,5370,1045.1,"2,853",ABC2853,895,32,5,Standard,3.4,Premium,No,Not Returned,No
10-01-2024,Monitor,Accessories,West,8,3624,1071.43,"2,854",ABC2854,453,15,2,Express,4.6,Premium,No,Not Returned,No
22-09-2024,Smartwatch,Electronics,West,4,1932,301.16,"2,855",ABC2855,483,5,10,Same Day,2.1,Regular,Yes,Low Rating,No
05-09-2022,Smartphone,Electronics,North,7,6020,384.74,"2,856",ABC2856,860,23,8,Express,1.7,Premium,Yes,Low Rating,No
02-05-2024,Headphones,Accessories,East,5,1775,234.67,"2,857",ABC2857,355,13,7,Same Day,2.5,Regular,Yes,Not Returned,No
09-03-2023,Smartwatch,Electronics,West,3,1488,382.09,"2,858",ABC2858,496,31,8,Standard,2.9,Regular,Yes,Not Returned,No
21-09-2024,Keyboard,Accessories,East,6,6720,1113.56,"2,859",ABC2859,1120,38,12,Standard,1,Premium,Yes,Low Rating,No
06-04-2022,Mouse,Accessories,East,7,5047,1356.23,"2,860",ABC2860,721,8,3,Same Day,4.1,Premium,No,Not Returned,No
07-03-2022,Tablet,Electronics,East,5,3735,957.13,"2,861",ABC2861,747,22,4,Same Day,3.7,Premium,No,Not Returned,No
26-02-2024,Keyboard,Accessories,East,5,1250,120.74,"2,862",ABC2862,250,19,5,Same Day,4,Regular,No,Not Returned,No
11-01-2022,Tablet,Electronics,North,7,2751,548.05,"2,863",ABC2863,393,17,6,Standard,2.8,Premium,Yes,Not Returned,No
14-07-2023,Laptop,Electronics,East,9,468,58.98,"2,864",ABC2864,52,23,1,Standard,4,Regular,Yes,Product Issue,No
06-07-2023,Printer,Office,North,4,632,114.82,"2,865",ABC2865,158,10,4,Express,3.2,Regular,No,Not Returned,No
15-09-2022,Keyboard,Accessories,South,7,798,219.2,"2,866",ABC2866,114,16,11,Same Day,1.4,Regular,Yes,Low Rating,No
28-01-2022,Smartwatch,Electronics,South,5,1295,104.26,"2,867",ABC2867,259,21,12,Express,1,Regular,Yes,Low Rating,No
10-12-2024,Camera,Electronics,West,4,3360,540.38,"2,868",ABC2868,840,27,10,Standard,1.4,Premium,Yes,Low Rating,No
11-06-2023,Camera,Electronics,North,5,995,206.95,"2,869",ABC2869,199,30,5,Express,3.4,Regular,No,Not Returned,No
20-12-2024,Smartwatch,Electronics,East,5,550,28.72,"2,870",ABC2870,110,33,7,Express,2.3,Regular,Yes,Low Rating,No
27-02-2023,Monitor,Accessories,West,8,5384,724.8,"2,871",ABC2871,673,37,5,Standard,3.5,Premium,No,Not Returned,No
19-11-2023,Printer,Office,East,3,3534,489.06,"2,872",ABC2872,1178,31,1,Standard,5,Premium,No,Not Returned,No
20-02-2024,Smartphone,Electronics,West,9,6813,890.05,"2,873",ABC2873,757,29,11,Same Day,1.6,Premium,Yes,Low Rating,No
27-11-2023,Smartwatch,Electronics,East,6,5508,1632.37,"2,874",ABC2874,918,14,7,Express,1.9,Premium,Yes,Low Rating,No
27-01-2022,Headphones,Accessories,East,1,966,202.53,"2,875",ABC2875,966,27,8,Standard,2.4,Regular,Yes,Low Rating,No
04-07-2024,Mouse,Accessories,South,4,460,92.24,"2,876",ABC2876,115,25,7,Standard,2.7,Regular,Yes,Product Issue,No
26-06-2023,Smartphone,Electronics,North,6,7026,459.4,"2,877",ABC2877,1171,25,11,Express,1.1,Premium,Yes,Low Rating,No
24-05-2024,Smartphone,Electronics,South,5,910,116.47,"2,878",ABC2878,182,17,4,Standard,3.8,Regular,No,Not Returned,No
22-08-2022,Monitor,Accessories,West,9,5796,1729.18,"2,879",ABC2879,644,37,8,Same Day,2.5,Premium,Yes,Not Returned,No
28-09-2022,Monitor,Accessories,North,3,1050,292.64,"2,880",ABC2880,350,28,5,Same Day,3.3,Regular,No,Not Returned,No
28-05-2024,Mouse,Accessories,West,1,1043,151.13,"2,881",ABC2881,1043,15,10,Express,1.2,Regular,Yes,Low Rating,No
08-10-2022,Printer,Office,South,3,3330,503.85,"2,882",ABC2882,1110,21,9,Same Day,2,Premium,Yes,Low Rating,No
19-01-2022,Mouse,Accessories,East,8,1896,448.53,"2,883",ABC2883,237,8,12,Standard,1.9,Regular,Yes,Low Rating,No
29-04-2023,Camera,Electronics,West,5,5170,1248.66,"2,884",ABC2884,1034,29,12,Standard,1,Premium,Yes,Low Rating,No
24-04-2023,Printer,Office,North,2,466,25.04,"2,885",ABC2885,233,34,10,Standard,2.2,Regular,Yes,Low Rating,No
15-06-2023,Mouse,Accessories,North,8,6032,1636.61,"2,886",ABC2886,754,13,5,Standard,3.4,Premium,No,Not Returned,No
22-03-2023,Camera,Electronics,South,1,1084,103.06,"2,887",ABC2887,1084,25,1,Express,4.3,Regular,No,Not Returned,No
20-09-2023,Keyboard,Accessories,North,2,490,45.34,"2,888",ABC2888,245,24,12,Same Day,1,Regular,Yes,Low Rating,No
30-06-2022,Monitor,Accessories,North,6,558,57.01,"2,889",ABC2889,93,23,9,Same Day,2,Regular,Yes,Low Rating,No
18-02-2024,Monitor,Accessories,East,4,4024,787.06,"2,890",ABC2890,1006,23,12,Standard,1.3,Premium,Yes,Low Rating,No
02-02-2023,Mouse,Accessories,East,4,1560,461.15,"2,891",ABC2891,390,16,5,Express,4.5,Regular,No,Not Returned,No
08-03-2024,Laptop,Electronics,North,1,126,26.62,"2,892",ABC2892,126,21,6,Standard,3,Regular,Yes,Product Issue,No
08-10-2023,Mouse,Accessories,South,7,4921,827.87,"2,893",ABC2893,703,32,4,Standard,3.1,Premium,No,Not Returned,No
10-10-2023,Headphones,Accessories,West,5,2665,532.76,"2,894",ABC2894,533,39,6,Express,2.2,Premium,Yes,Low Rating,No
05-04-2023,Headphones,Accessories,South,4,200,58.42,"2,895",ABC2895,50,22,12,Express,1,Regular,Yes,Low Rating,No
01-08-2024,Smartwatch,Electronics,East,2,186,32.48,"2,896",ABC2896,93,18,8,Standard,1.8,Regular,Yes,Low Rating,No
12-10-2024,Monitor,Accessories,South,8,5456,898.06,"2,897",ABC2897,682,39,3,Same Day,4.3,Premium,No,Not Returned,No
29-07-2022,Smartwatch,Electronics,West,9,3321,540.67,"2,898",ABC2898,369,11,5,Standard,3.6,Premium,No,Not Returned,No
13-02-2024,Headphones,Accessories,,7,3766,914.49,"2,899",ABC2899,538,17,2,Same Day,4.3,Premium,No,Not Returned,No
07-05-2022,Keyboard,Accessories,West,6,3150,498.63,"2,900",ABC2900,525,22,2,Same Day,4.7,Premium,No,Not Returned,No
19-05-2022,Laptop,Electronics,East,2,646,110.13,"2,901",ABC2901,323,17,7,Express,2.7,Regular,Yes,Not Returned,No
12-08-2022,Smartphone,Electronics,South,5,2665,369.73,"2,902",ABC2902,533,35,10,Express,2.6,Premium,Yes,Late Delivery,No
13-10-2023,Smartwatch,Electronics,North,9,1467,384.22,"2,903",ABC2903,163,6,10,Standard,2,Regular,Yes,Low Rating,No
05-07-2024,Tablet,Electronics,North,7,4620,990.79,"2,904",ABC2904,660,20,11,Same Day,1.8,Premium,Yes,Low Rating,No
17-03-2023,Tablet,Electronics,West,8,1184,148.69,"2,905",ABC2905,148,13,10,Same Day,1,Regular,Yes,Low Rating,No
01-11-2023,Camera,Electronics,East,1,113,20.07,"2,906",ABC2906,113,13,6,Standard,2.4,Regular,Yes,Low Rating,No
02-10-2024,Printer,Office,East,8,3336,492.76,"2,907",ABC2907,417,15,4,Standard,3.9,Premium,No,Not Returned,No
09-04-2023,Smartphone,Electronics,South,4,4224,477.33,"2,908",ABC2908,1056,26,5,Standard,2.6,Premium,Yes,Not Returned,No
09-07-2022,Headphones,Accessories,North,3,1098,144.24,"2,909",ABC2909,366,37,1,Express,4.4,Regular,No,Not Returned,No
10-03-2024,Camera,Electronics,South,8,4400,351.82,"2,910",ABC2910,550,27,7,Standard,3.3,Premium,No,Not Returned,No
08-05-2022,Printer,Office,North,8,5616,723.42,"2,911",ABC2911,702,38,8,Standard,2,Premium,Yes,Low Rating,No
02-03-2024,Printer,Office,North,7,4676,520.38,"2,912",ABC2912,668,13,9,Same Day,1.4,Premium,Yes,Low Rating,No
19-07-2022,Smartwatch,Electronics,North,2,2370,641.23,"2,913",ABC2913,1185,28,8,Standard,2.7,Premium,Yes,Not Returned,No
24-01-2023,Mouse,Accessories,West,7,4487,688.76,"2,914",ABC2914,641,12,5,Same Day,4.4,Premium,No,Not Returned,No
01-10-2024,Camera,Electronics,North,6,6384,1754.15,"2,915",ABC2915,1064,11,3,Same Day,3.6,Premium,No,Not Returned,No
30-03-2023,Keyboard,Accessories,South,8,2960,878.11,"2,916",ABC2916,370,22,10,Express,2.3,Premium,Yes,Low Rating,No
24-03-2022,Smartwatch,Electronics,East,1,897,250.78,"2,917",ABC2917,897,7,11,Standard,1,Regular,Yes,Low Rating,No
25-03-2023,Smartphone,Electronics,East,2,1178,120.51,"2,918",ABC2918,589,32,9,Standard,1.9,Regular,Yes,Low Rating,No
20-01-2023,Smartwatch,Electronics,East,2,1026,64.51,"2,919",ABC2919,513,10,6,Same Day,3,Regular,Yes,Product Issue,No
22-05-2022,Printer,Office,South,1,1148,89.04,"2,920",ABC2920,1148,25,5,Express,2.9,Regular,Yes,Product Issue,No
15-02-2023,Printer,Office,West,7,3185,765.41,"2,921",ABC2921,455,32,3,Express,4.4,Premium,No,Not Returned,No
03-03-2022,Smartphone,Electronics,East,7,5180,463.35,"2,922",ABC2922,740,5,6,Standard,2.2,Premium,Yes,Low Rating,No
02-11-2022,Headphones,Accessories,South,5,2025,295.13,"2,923",ABC2923,405,25,3,Same Day,4.1,Regular,No,Not Returned,No
24-12-2024,Tablet,Electronics,North,9,1359,187.72,"2,924",ABC2924,151,39,10,Standard,2.2,Regular,Yes,Low Rating,No
30-03-2023,Camera,Electronics,South,4,1836,462.52,"2,925",ABC2925,459,17,12,Standard,1.4,Regular,Yes,Low Rating,No
03-12-2022,Tablet,Electronics,West,2,702,112.04,"2,926",ABC2926,351,14,6,Standard,3.2,Regular,No,Not Returned,No
07-12-2024,Smartphone,Electronics,West,8,6576,1337.38,"2,927",ABC2927,822,14,4,Standard,4.5,Premium,No,Not Returned,No
07-03-2024,Smartwatch,Electronics,West,2,1428,398.24,"2,928",ABC2928,714,17,2,Same Day,4.2,Regular,No,Not Returned,No
08-01-2023,Camera,Electronics,North,7,6853,1259.03,"2,929",ABC2929,979,28,8,Express,1.6,Premium,Yes,Low Rating,No
16-05-2022,Camera,Electronics,West,2,1492,276.56,"2,930",ABC2930,746,6,4,Standard,3.7,Regular,No,Not Returned,No
29-04-2024,Printer,Office,North,6,1938,146.73,"2,931",ABC2931,323,26,9,Standard,1.9,Regular,Yes,Low Rating,No
08-01-2023,Camera,Electronics,South,5,905,70.91,"2,932",ABC2932,181,21,7,Standard,1.6,Regular,Yes,Low Rating,No
25-02-2022,Printer,Office,North,3,2571,510.01,"2,933",ABC2933,857,18,12,Standard,1,Premium,Yes,Low Rating,No
08-04-2024,Tablet,Electronics,West,4,1500,127.81,"2,934",ABC2934,375,14,2,Express,3.7,Regular,No,Not Returned,No
17-03-2023,Smartwatch,Electronics,South,9,8712,1034.27,"2,935",ABC2935,968,39,4,Express,3.3,Premium,No,Not Returned,No
23-07-2024,Monitor,Accessories,East,4,1308,368.28,"2,936",ABC2936,327,29,5,Express,3.2,Regular,No,Not Returned,No
06-03-2024,Smartphone,Electronics,South,4,2648,707.32,"2,937",ABC2937,662,7,3,Express,3.8,Premium,No,Not Returned,No
18-03-2022,Camera,Electronics,South,9,9810,1666.96,"2,938",ABC2938,1090,21,9,Standard,1.6,Premium,Yes,Low Rating,No
03-05-2024,Headphones,Accessories,North,3,3291,274.1,"2,939",ABC2939,1097,16,5,Same Day,2.7,Premium,Yes,Not Returned,No
22-09-2022,Smartwatch,Electronics,North,1,758,96.44,"2,940",ABC2940,758,28,2,Express,4.5,Regular,Yes,Product Issue,No
29-09-2022,Keyboard,Accessories,East,7,2436,715.14,"2,941",ABC2941,348,33,11,Express,1.4,Premium,Yes,Low Rating,No
01-06-2024,Smartwatch,Electronics,North,7,560,163.16,"2,942",ABC2942,80,29,3,Standard,4.1,Regular,No,Not Returned,No
20-10-2022,Smartphone,Electronics,West,8,4240,519.72,"2,943",ABC2943,530,30,9,Standard,2.9,Premium,Yes,Late Delivery,No
05-09-2024,Monitor,Accessories,East,8,5416,403.52,"2,944",ABC2944,677,5,7,Standard,2.7,Premium,Yes,Not Returned,No
16-07-2023,Smartphone,Electronics,East,8,1728,477.7,"2,945",ABC2945,216,24,2,Standard,4.2,Regular,No,Not Returned,No
15-07-2023,Keyboard,Accessories,West,9,6309,801.15,"2,946",ABC2946,701,32,9,Same Day,1.9,Premium,Yes,Low Rating,No
08-08-2023,Keyboard,Accessories,North,8,3400,758.57,"2,947",ABC2947,425,20,4,Same Day,3.7,Premium,No,Not Returned,No
29-04-2022,Laptop,Electronics,East,1,403,72.45,"2,948",ABC2948,403,21,9,Express,2.3,Regular,Yes,Low Rating,No
17-12-2022,Keyboard,Accessories,South,4,2108,375.62,"2,949",ABC2949,527,32,2,Same Day,4.3,Regular,No,Not Returned,No
30-09-2022,Headphones,Accessories,West,2,1090,296.12,"2,950",ABC2950,545,16,12,Express,1,Regular,Yes,Low Rating,No
06-11-2022,Keyboard,Accessories,North,7,1274,317.92,"2,951",ABC2951,182,31,10,Express,1.4,Regular,Yes,Low Rating,No
11-04-2024,Mouse,Accessories,South,3,1056,70.54,"2,952",ABC2952,352,34,12,Same Day,1,Regular,Yes,Low Rating,No
01-06-2023,Mouse,Accessories,North,9,5247,921.09,"2,953",ABC2953,583,38,4,Express,4.3,Premium,No,Not Returned,No
06-11-2023,Mouse,Accessories,West,7,6006,1595.22,"2,954",ABC2954,858,10,5,Standard,2.9,Premium,Yes,Not Returned,No
18-01-2024,Monitor,Accessories,West,5,5415,1261.65,"2,955",ABC2955,1083,11,2,Express,3.5,Premium,No,Not Returned,No
24-02-2022,Smartphone,Electronics,West,1,632,81.54,"2,956",ABC2956,632,36,10,Standard,1.7,Regular,Yes,Low Rating,No
31-01-2024,Printer,Office,West,8,6160,947.96,"2,957",ABC2957,770,36,1,Same Day,5,Premium,No,Not Returned,No
26-05-2023,Printer,Office,South,1,857,172.91,"2,958",ABC2958,857,29,7,Same Day,2.5,Regular,Yes,Not Returned,No
28-01-2023,Tablet,Electronics,East,1,169,22.99,"2,959",ABC2959,169,37,10,Express,2.9,Regular,Yes,Late Delivery,No
01-10-2023,Tablet,Electronics,West,7,1463,175.13,"2,960",ABC2960,209,11,1,Standard,5,Regular,No,Not Returned,No
18-12-2022,Camera,Electronics,East,8,7528,1283.07,"2,961",ABC2961,941,16,11,Express,1.3,Premium,Yes,Low Rating,No
24-12-2022,Smartwatch,Electronics,West,2,1158,227.61,"2,962",ABC2962,579,20,11,Same Day,1.4,Regular,Yes,Low Rating,No
17-06-2022,Monitor,Accessories,West,4,200,20.25,"2,963",ABC2963,50,20,8,Express,3,Regular,Yes,Product Issue,No
01-01-2023,Smartphone,Electronics,West,2,1514,180.67,"2,964",ABC2964,757,17,3,Express,4,Regular,No,Not Returned,No
07-07-2024,Smartwatch,Electronics,South,7,2632,738.93,"2,965",ABC2965,376,11,10,Standard,1.3,Premium,Yes,Low Rating,No
31-07-2022,Keyboard,Accessories,North,1,358,77.84,"2,966",ABC2966,358,13,6,Same Day,3.4,Regular,Yes,Product Issue,No
04-06-2023,Camera,Electronics,East,8,2360,653.3,"2,967",ABC2967,295,36,7,Express,2.9,Premium,Yes,Not Returned,No
29-08-2023,Keyboard,Accessories,South,5,5275,594.29,"2,968",ABC2968,1055,15,10,Standard,1.3,Premium,Yes,Low Rating,No
06-04-2023,Monitor,Accessories,East,9,1719,251.85,"2,969",ABC2969,191,12,1,Express,4.8,Regular,No,Not Returned,No
04-02-2023,Smartphone,Electronics,West,6,1956,434.03,"2,970",ABC2970,326,37,6,Standard,2.9,Regular,Yes,Not Returned,No
27-08-2022,Keyboard,Accessories,West,3,1875,152.07,"2,971",ABC2971,625,27,7,Standard,2.5,Regular,Yes,Not Returned,No
13-06-2022,Monitor,Accessories,South,4,984,157.72,"2,972",ABC2972,246,29,6,Express,2.6,Regular,Yes,Not Returned,No
20-08-2023,Camera,Electronics,South,4,3616,789.63,"2,973",ABC2973,904,12,4,Same Day,3.7,Premium,No,Not Returned,No
18-10-2024,Tablet,Electronics,West,5,4560,1180.8,"2,974",ABC2974,912,26,1,Same Day,4.5,Premium,No,Not Returned,No
14-09-2024,Smartphone,Electronics,West,8,7496,2019.32,"2,975",ABC2975,937,8,11,Standard,1.5,Premium,Yes,Low Rating,No
17-08-2022,Camera,Electronics,North,5,5070,889.97,"2,976",ABC2976,1014,7,9,Same Day,2.4,Premium,Yes,Low Rating,No
21-04-2022,Smartwatch,Electronics,North,5,4505,1351.28,"2,977",ABC2977,901,33,4,Standard,3.8,Premium,No,Not Returned,No
13-01-2022,Tablet,Electronics,South,2,1916,503.83,"2,978",ABC2978,958,33,7,Same Day,2.8,Regular,Yes,Not Returned,No
28-08-2024,Camera,Electronics,West,7,8113,1103.57,"2,979",ABC2979,1159,38,7,Express,2.4,Premium,Yes,Low Rating,No
13-08-2022,Laptop,Electronics,North,9,1809,392.44,"2,980",ABC2980,201,38,2,Same Day,4.9,Regular,No,Not Returned,No
01-09-2023,Laptop,Electronics,South,3,1227,229.75,"2,981",ABC2981,409,32,1,Standard,4.2,Regular,No,Not Returned,No
20-07-2023,Laptop,Electronics,South,6,2040,124.65,"2,982",ABC2982,340,17,8,Standard,1.5,Regular,Yes,Low Rating,No
22-12-2022,Tablet,Electronics,West,6,6324,629.2,"2,983",ABC2983,1054,19,8,Same Day,1.8,Premium,Yes,Low Rating,No
25-03-2023,Printer,Office,North,3,2724,521.24,"2,984",ABC2984,908,27,7,Express,3.2,Premium,No,Not Returned,No
14-05-2023,Laptop,Electronics,South,1,1188,110.32,"2,985",ABC2985,1188,30,8,Standard,2.6,Regular,Yes,Not Returned,No
23-01-2024,Keyboard,Accessories,East,8,8776,1561.07,"2,986",ABC2986,1097,8,3,Standard,4.7,Premium,No,Not Returned,No
25-03-2023,Laptop,Electronics,South,9,5553,1432.76,"2,987",ABC2987,617,30,11,Standard,1,Premium,Yes,Low Rating,No
27-08-2022,Smartphone,Electronics,South,2,970,262.19,"2,988",ABC2988,485,13,2,Standard,5,Regular,No,Not Returned,No
15-07-2022,Keyboard,Accessories,South,5,940,56.7,"2,989",ABC2989,188,9,7,Standard,2.5,Regular,Yes,Product Issue,No
08-07-2024,Printer,Office,East,1,1175,171.51,"2,990",ABC2990,1175,36,8,Express,1.5,Regular,Yes,Low Rating,No
07-11-2022,Laptop,Electronics,East,9,4860,1425.54,"2,991",ABC2991,540,24,1,Same Day,5,Premium,No,Not Returned,No
18-10-2022,Headphones,Accessories,North,1,987,207.69,"2,992",ABC2992,987,15,12,Express,1,Regular,Yes,Low Rating,No
17-05-2024,Camera,Electronics,East,7,2968,485.13,"2,993",ABC2993,424,19,10,Express,1.5,Premium,Yes,Low Rating,No
09-03-2022,Mouse,Accessories,East,3,2172,364.77,"2,994",ABC2994,724,36,9,Standard,1.9,Regular,Yes,Low Rating,No
01-01-2022,Headphones,Accessories,South,7,3941,628.96,"2,995",ABC2995,563,32,11,Express,1.6,Premium,Yes,Low Rating,No
22-06-2022,Headphones,Accessories,North,7,2261,566.36,"2,996",ABC2996,323,26,4,Standard,3.3,Regular,No,Not Returned,No
15-07-2022,Smartwatch,Electronics,West,9,8802,2519.93,"2,997",ABC2997,978,21,12,Express,1.5,Premium,Yes,Low Rating,No
15-03-2023,Printer,Office,South,5,3025,172.43,"2,998",ABC2998,605,30,4,Standard,4,Premium,No,Not Returned,No
16-01-2022,Printer,Office,North,4,4428,600.55,"2,999",ABC2999,1107,11,3,Standard,4,Premium,No,Not Returned,No
28-10-2024,Mouse,Accessories,West,9,7344,1417.84,"3,000",ABC3000,816,30,6,Express,3.7,Premium,No,Not Returned,No
23-08-2024,Keyboard,Accessories,East,4,2236,167.78,"3,001",ABC3001,559,29,1,Express,4.6,Regular,No,Not Returned,No
24-11-2024,Smartphone,Electronics,South,8,536,57.08,"3,002",ABC3002,67,14,6,Same Day,2.9,Regular,Yes,Product Issue,No
20-10-2024,Monitor,Accessories,North,5,1980,249.22,"3,003",ABC3003,396,23,2,Same Day,5,Regular,No,Not Returned,No
26-01-2022,Printer,Office,East,6,2100,202.86,"3,004",ABC3004,350,15,9,Same Day,2.1,Regular,Yes,Low Rating,No
16-04-2023,Smartwatch,Electronics,West,3,1497,122.76,"3,005",ABC3005,499,17,2,Express,3.8,Regular,No,Not Returned,No
18-07-2024,Laptop,Electronics,North,6,4200,1013.7,"3,006",ABC3006,700,12,7,Express,2.2,Premium,Yes,Low Rating,No
21-11-2022,Headphones,Accessories,South,2,1242,191.82,"3,007",ABC3007,621,8,12,Standard,1,Regular,Yes,Low Rating,No
29-11-2022,Smartwatch,Electronics,South,5,1570,312.81,"3,008",ABC3008,314,35,1,Same Day,3.5,Regular,No,Not Returned,No
01-07-2023,Monitor,Accessories,East,4,428,86.62,"3,009",ABC3009,107,32,12,Standard,1,Regular,Yes,Low Rating,No
02-02-2023,Printer,Office,South,1,914,270.74,"3,010",ABC3010,914,15,7,Standard,2.6,Regular,Yes,Not Returned,No
13-12-2024,Tablet,Electronics,North,3,465,98.93,"3,011",ABC3011,155,5,5,Standard,3.2,Regular,Yes,Product Issue,No
27-08-2022,Smartwatch,Electronics,North,2,1062,83.49,"3,012",ABC3012,531,28,8,Standard,1.7,Regular,Yes,Low Rating,No
26-05-2022,Camera,Electronics,South,8,8720,1984.11,"3,013",ABC3013,1090,35,4,Same Day,3.4,Premium,No,Not Returned,No
04-02-2024,Mouse,Accessories,South,6,1308,343.61,"3,014",ABC3014,218,30,12,Standard,1.6,Regular,Yes,Low Rating,No
12-12-2024,Headphones,Accessories,South,9,8514,1291.97,"3,015",ABC3015,946,9,10,Express,2.2,Premium,Yes,Low Rating,No
07-02-2023,Tablet,Electronics,North,2,1212,151.07,"3,016",ABC3016,606,24,7,Express,2.7,Regular,Yes,Not Returned,No
24-04-2023,Headphones,Accessories,West,4,2576,503.57,"3,017",ABC3017,644,15,6,Express,3,Premium,No,Not Returned,No
26-09-2023,Keyboard,Accessories,East,8,4800,606.19,"3,018",ABC3018,600,37,5,Same Day,3.3,Premium,No,Not Returned,No
02-10-2022,Smartwatch,Electronics,East,5,1440,274.54,"3,019",ABC3019,288,31,4,Standard,3.8,Regular,No,Not Returned,No
12-09-2022,Smartwatch,Electronics,North,9,10251,737.45,"3,020",ABC3020,1139,38,7,Same Day,2.7,Premium,Yes,Not Returned,No
18-01-2023,Smartphone,Electronics,North,7,3038,570.98,"3,021",ABC3021,434,19,12,Standard,1.2,Premium,Yes,Low Rating,No
24-11-2022,Monitor,Accessories,West,9,6993,1945.56,"3,022",ABC3022,777,36,5,Same Day,3.6,Premium,No,Not Returned,No
07-03-2024,Monitor,Accessories,East,4,1632,247.88,"3,023",ABC3023,408,25,5,Same Day,2.7,Regular,Yes,Not Returned,No
07-10-2024,Keyboard,Accessories,East,9,5706,1704.8,"3,024",ABC3024,634,9,1,Standard,4.5,Premium,No,Not Returned,No
29-08-2022,Camera,Electronics,North,9,9657,1187.22,"3,025",ABC3025,1073,10,2,Same Day,4.4,Premium,No,Not Returned,No
31-01-2022,Smartwatch,Electronics,East,5,4405,450.83,"3,026",ABC3026,881,26,5,Standard,2.9,Premium,Yes,Not Returned,No
14-12-2023,Keyboard,Accessories,East,4,1720,360.78,"3,027",ABC3027,430,22,3,Express,3.7,Regular,No,Not Returned,No
13-08-2023,Camera,Electronics,South,7,4557,234.62,"3,028",ABC3028,651,18,2,Express,4.2,Premium,No,Not Returned,No
12-12-2024,Headphones,Accessories,West,7,2380,431.43,"3,029",ABC3029,340,14,4,Express,3.6,Premium,No,Not Returned,No
11-02-2022,Headphones,Accessories,North,8,456,74.99,"3,030",ABC3030,57,17,4,Same Day,3.8,Regular,Yes,Product Issue,No
16-11-2023,Camera,Electronics,East,6,6534,355.03,"3,031",ABC3031,1089,35,4,Express,3.2,Premium,No,Not Returned,No
04-03-2022,Smartphone,Electronics,North,6,3456,307.46,"3,032",ABC3032,576,34,4,Standard,4.2,Premium,No,Not Returned,No
29-06-2022,Keyboard,Accessories,West,9,8163,2352.46,"3,033",ABC3033,907,7,3,Express,3.9,Premium,No,Not Returned,No
28-08-2023,Headphones,Accessories,North,6,4656,601.71,"3,034",ABC3034,776,34,12,Express,1.1,Premium,Yes,Low Rating,No
16-09-2022,Smartphone,Electronics,West,2,966,241.54,"3,035",ABC3035,483,10,7,Same Day,2.5,Regular,Yes,Not Returned,No
02-12-2022,Mouse,Accessories,East,4,2580,669.67,"3,036",ABC3036,645,33,9,Standard,2.1,Premium,Yes,Low Rating,No
02-10-2022,Camera,Electronics,South,9,8127,1906.5,"3,037",ABC3037,903,12,12,Same Day,1.8,Premium,Yes,Low Rating,No
19-05-2022,Smartwatch,Electronics,South,4,2128,614.05,"3,038",ABC3038,532,37,5,Same Day,3.1,Regular,No,Not Returned,No
05-06-2022,Smartphone,Electronics,South,9,6417,1100.52,"3,039",ABC3039,713,21,4,Standard,3.4,Premium,No,Not Returned,No
11-06-2022,Keyboard,Accessories,East,7,3997,494.78,"3,040",ABC3040,571,15,11,Same Day,1,Premium,Yes,Low Rating,No
14-03-2023,Laptop,Electronics,West,1,879,149.52,"3,041",ABC3041,879,17,2,Standard,4.3,Regular,No,Not Returned,No
17-11-2023,Laptop,Electronics,North,3,2415,538.39,"3,042",ABC3042,805,15,2,Express,4.3,Premium,No,Not Returned,No
27-09-2024,Camera,Electronics,West,4,1064,314.84,"3,043",ABC3043,266,35,5,Standard,3.4,Regular,No,Not Returned,No
17-02-2022,Mouse,Accessories,South,4,1156,326.92,"3,044",ABC3044,289,32,7,Standard,2.9,Regular,Yes,Not Returned,No
12-05-2022,Smartphone,Electronics,North,1,1184,218.27,"3,045",ABC3045,1184,10,10,Standard,1.8,Regular,Yes,Low Rating,No
05-02-2022,Keyboard,Accessories,South,3,1950,211.16,"3,046",ABC3046,650,20,10,Same Day,1.7,Regular,Yes,Low Rating,No
29-08-2022,Laptop,Electronics,South,4,1088,295.09,"3,047",ABC3047,272,8,9,Standard,3,Regular,No,Late Delivery,No
04-12-2023,Printer,Office,South,6,4380,522.3,"3,048",ABC3048,730,39,7,Standard,3,Premium,No,Not Returned,No
20-04-2024,Camera,Electronics,South,1,998,196.17,"3,049",ABC3049,998,30,5,Standard,2.8,Regular,Yes,Not Returned,No
25-05-2024,Smartphone,Electronics,East,6,5766,675.17,"3,050",ABC3050,961,16,10,Express,1,Premium,Yes,Low Rating,No
09-10-2024,Tablet,Electronics,West,6,3120,274.65,"3,051",ABC3051,520,15,10,Standard,1.3,Premium,Yes,Low Rating,No
07-03-2022,Printer,Office,East,7,637,68.11,"3,052",ABC3052,91,29,10,Same Day,1.7,Regular,Yes,Low Rating,No
26-10-2023,Laptop,Electronics,West,6,3306,697.74,"3,053",ABC3053,551,22,6,Standard,2.6,Premium,Yes,Not Returned,No
31-05-2022,Monitor,Accessories,South,6,7020,726.72,"3,054",ABC3054,1170,23,11,Standard,1,Premium,Yes,Low Rating,No
16-09-2022,Camera,Electronics,South,7,5971,502.14,"3,055",ABC3055,853,27,12,Express,1,Premium,Yes,Low Rating,No
22-11-2023,Laptop,Electronics,North,2,750,77.68,"3,056",ABC3056,375,22,3,Standard,3.8,Regular,Yes,Product Issue,No
26-04-2024,Tablet,Electronics,North,3,2379,523,"3,057",ABC3057,793,30,5,Same Day,2.3,Premium,Yes,Low Rating,No
21-08-2022,Camera,Electronics,North,1,699,108.94,"3,058",ABC3058,699,10,8,Standard,2.9,Regular,Yes,Not Returned,No
16-01-2023,Camera,Electronics,West,9,6876,1895.24,"3,059",ABC3059,764,8,1,Same Day,5,Premium,No,Not Returned,No
02-02-2022,Monitor,Accessories,North,8,1800,494.02,"3,060",ABC3060,225,33,12,Express,1,Regular,Yes,Low Rating,No
11-07-2024,Tablet,Electronics,South,5,1255,236.25,"3,061",ABC3061,251,38,1,Standard,4.7,Regular,No,Not Returned,No
04-06-2022,Smartwatch,Electronics,East,9,1998,343.58,"3,062",ABC3062,222,21,7,Express,2.1,Regular,Yes,Low Rating,No
26-11-2022,Headphones,Accessories,East,1,307,80.19,"3,063",ABC3063,307,20,5,Standard,3,Regular,Yes,Product Issue,No
25-06-2024,Printer,Office,West,1,235,54.87,"3,064",ABC3064,235,6,5,Same Day,3.6,Regular,Yes,Product Issue,No
01-11-2023,Monitor,Accessories,South,6,1506,407.73,"3,065",ABC3065,251,38,1,Express,5,Regular,No,Not Returned,No
26-10-2024,Tablet,Electronics,North,8,2464,216.51,"3,066",ABC3066,308,12,9,Standard,2.4,Premium,Yes,Low Rating,No
12-05-2023,Smartwatch,Electronics,South,2,322,42.03,"3,067",ABC3067,161,17,1,Same Day,4.8,Regular,Yes,Product Issue,No
04-03-2023,Printer,Office,West,4,1100,100.02,"3,068",ABC3068,275,12,5,Express,4,Regular,No,Not Returned,No
08-03-2022,Keyboard,Accessories,South,4,2188,265.54,"3,069",ABC3069,547,34,10,Standard,1.4,Regular,Yes,Low Rating,No
22-12-2023,Printer,Office,West,9,2934,473.34,"3,070",ABC3070,326,36,9,Express,1.8,Premium,Yes,Low Rating,No
04-11-2022,Headphones,Accessories,South,8,9224,514.06,"3,071",ABC3071,1153,34,4,Standard,2.4,Premium,Yes,Low Rating,No
15-12-2022,Monitor,Accessories,East,4,2436,142.81,"3,072",ABC3072,609,5,8,Same Day,2.3,Premium,Yes,Low Rating,No
23-09-2022,Smartwatch,Electronics,West,4,972,97.55,"3,073",ABC3073,243,21,6,Same Day,3.3,Regular,Yes,Product Issue,No
03-10-2024,Laptop,Electronics,South,6,5484,540.4,"3,074",ABC3074,914,24,11,Express,1.5,Premium,Yes,Low Rating,No
17-10-2024,Camera,Electronics,West,8,3152,337.36,"3,075",ABC3075,394,28,3,Express,3.7,Premium,No,Not Returned,No
22-03-2024,Keyboard,Accessories,East,8,6032,870.17,"3,076",ABC3076,754,26,4,Standard,4.1,Premium,No,Not Returned,No
10-04-2023,Camera,Electronics,West,7,6384,1324.49,"3,077",ABC3077,912,33,2,Same Day,4.3,Premium,No,Not Returned,No
10-07-2023,Printer,Office,East,5,3705,707.08,"3,078",ABC3078,741,26,1,Standard,5,Premium,No,Not Returned,No
04-11-2022,Smartwatch,Electronics,South,6,5580,394.03,"3,079",ABC3079,930,13,8,Same Day,2.6,Premium,Yes,Not Returned,No
16-04-2022,Camera,Electronics,East,2,1236,120.74,"3,080",ABC3080,618,14,1,Express,5,Regular,No,Not Returned,No
02-04-2023,Camera,Electronics,North,8,7040,1969.93,"3,081",ABC3081,880,32,11,Standard,1.5,Premium,Yes,Low Rating,No
11-06-2024,Camera,Electronics,East,9,909,138.04,"3,082",ABC3082,101,32,1,Standard,5,Regular,No,Not Returned,No
26-12-2024,Mouse,Accessories,South,1,106,7.24,"3,083",ABC3083,106,25,4,Same Day,3.6,Regular,Yes,Product Issue,No
12-11-2024,Smartwatch,Electronics,South,1,281,67.85,"3,084",ABC3084,281,28,10,Same Day,1.4,Regular,Yes,Low Rating,No
25-09-2022,Camera,Electronics,East,6,6768,1851.01,"3,085",ABC3085,1128,6,12,Same Day,1.2,Premium,Yes,Low Rating,No
07-03-2023,Laptop,Electronics,West,6,4302,276.35,"3,086",ABC3086,717,12,10,Express,2.4,Premium,Yes,Low Rating,No
19-11-2022,Smartphone,Electronics,North,9,7146,2125.44,"3,087",ABC3087,794,31,6,Standard,2.7,Premium,Yes,Not Returned,No
16-02-2023,Smartphone,Electronics,South,3,582,48.08,"3,088",ABC3088,194,26,9,Same Day,1.9,Regular,Yes,Low Rating,No
01-08-2024,Headphones,Accessories,North,6,576,162.75,"3,089",ABC3089,96,31,1,Express,4.7,Regular,No,Not Returned,No
24-09-2023,Keyboard,Accessories,South,5,4265,796.12,"3,090",ABC3090,853,33,7,Same Day,3,Premium,No,Not Returned,No
24-06-2023,Smartwatch,Electronics,East,8,5368,333.53,"3,091",ABC3091,671,7,10,Standard,1.8,Premium,Yes,Low Rating,No
04-12-2023,Headphones,Accessories,South,1,314,66.23,"3,092",ABC3092,314,17,11,Same Day,1.8,Regular,Yes,Low Rating,No
24-12-2024,Tablet,Electronics,West,6,2676,646.7,"3,093",ABC3093,446,14,5,Standard,4.3,Premium,No,Not Returned,No
13-02-2022,Laptop,Electronics,North,4,3384,947.52,"3,094",ABC3094,846,13,12,Express,1,Premium,Yes,Low Rating,No
20-07-2023,Mouse,Accessories,West,6,3186,794.94,"3,095",ABC3095,531,31,8,Express,2.6,Premium,Yes,Not Returned,No
20-12-2024,Smartwatch,Electronics,South,4,1832,528.69,"3,096",ABC3096,458,38,7,Same Day,2.8,Regular,Yes,Not Returned,No
02-11-2024,Printer,Office,South,8,4784,769.91,"3,097",ABC3097,598,5,4,Standard,3.7,Premium,No,Not Returned,No
16-02-2024,Tablet,Electronics,West,1,381,63.18,"3,098",ABC3098,381,36,4,Standard,4,Regular,Yes,Product Issue,No
29-11-2022,Smartphone,Electronics,South,9,4527,677.34,"3,099",ABC3099,503,29,6,Standard,2.9,Premium,Yes,Not Returned,No
25-05-2022,Printer,Office,South,4,1612,240.42,"3,100",ABC3100,403,33,6,Same Day,3.2,Regular,No,Not Returned,No
04-10-2023,Printer,Office,East,2,1918,435.56,"3,101",ABC3101,959,11,9,Standard,1.3,Regular,Yes,Low Rating,No
04-01-2024,Camera,Electronics,East,1,179,42.37,"3,102",ABC3102,179,7,12,Standard,1,Regular,Yes,Low Rating,No
31-05-2024,Smartwatch,Electronics,West,3,3153,224.29,"3,103",ABC3103,1051,24,5,Standard,3.9,Premium,No,Not Returned,No
18-04-2023,Tablet,Electronics,East,8,3864,855.75,"3,104",ABC3104,483,24,8,Standard,2.8,Premium,Yes,Not Returned,No
13-05-2023,Printer,Office,South,5,2440,570.78,"3,105",ABC3105,488,34,5,Same Day,3.5,Premium,No,Not Returned,No
31-03-2023,Camera,Electronics,South,6,3660,675.38,"3,106",ABC3106,610,39,2,Same Day,4.1,Premium,No,Not Returned,No
03-08-2024,Smartwatch,Electronics,East,3,318,49.93,"3,107",ABC3107,106,39,6,Standard,3.4,Regular,Yes,Product Issue,No
16-12-2023,Mouse,Accessories,South,3,483,63.27,"3,108",ABC3108,161,31,9,Standard,2.6,Regular,Yes,Late Delivery,No
21-08-2024,Headphones,Accessories,North,6,6774,960.41,"3,109",ABC3109,1129,30,3,Express,3.8,Premium,No,Not Returned,No
02-01-2024,Monitor,Accessories,West,5,5310,806.12,"3,110",ABC3110,1062,18,1,Express,3.9,Premium,No,Not Returned,No
06-03-2024,Keyboard,Accessories,West,6,5154,779.43,"3,111",ABC3111,859,21,1,Standard,4.9,Premium,No,Not Returned,No
19-09-2023,Keyboard,Accessories,East,9,6741,823.17,"3,112",ABC3112,749,22,3,Standard,4.5,Premium,No,Not Returned,No
13-05-2022,Camera,Electronics,North,2,520,61.33,"3,113",ABC3113,260,33,10,Express,2,Regular,Yes,Low Rating,No
19-06-2024,Tablet,Electronics,East,7,1120,111.79,"3,114",ABC3114,160,24,5,Express,4.1,Regular,No,Not Returned,No
12-07-2022,Keyboard,Accessories,East,1,911,155.3,"3,115",ABC3115,911,31,3,Standard,4.8,Regular,No,Not Returned,No
21-03-2022,Monitor,Accessories,South,8,1064,190.73,"3,116",ABC3116,133,22,9,Same Day,1.8,Regular,Yes,Low Rating,No
28-04-2024,Laptop,Electronics,North,7,1981,404.3,"3,117",ABC3117,283,8,8,Same Day,2.4,Regular,Yes,Low Rating,No
20-04-2022,Camera,Electronics,South,5,4280,540.47,"3,118",ABC3118,856,5,3,Standard,3.8,Premium,No,Not Returned,No
25-06-2024,Smartwatch,Electronics,South,5,5125,268.39,"3,119",ABC3119,1025,5,9,Standard,1.5,Premium,Yes,Low Rating,No
26-12-2024,Monitor,Accessories,West,7,1575,313.96,"3,120",ABC3120,225,30,6,Express,2.5,Regular,Yes,Not Returned,No
28-04-2024,Tablet,Electronics,East,9,9972,1868.64,"3,121",ABC3121,1108,24,7,Express,3,Premium,No,Not Returned,No
01-10-2022,Smartphone,Electronics,East,8,4576,900.04,"3,122",ABC3122,572,27,4,Same Day,3.8,Premium,No,Not Returned,No
01-06-2024,Monitor,Accessories,South,7,6559,1141.32,"3,123",ABC3123,937,14,4,Standard,4.1,Premium,No,Not Returned,No
20-07-2023,Tablet,Electronics,South,1,619,35.36,"3,124",ABC3124,619,15,12,Express,2.3,Regular,Yes,Low Rating,No
09-06-2024,Headphones,Accessories,West,8,2488,151.95,"3,125",ABC3125,311,9,2,Same Day,4.6,Premium,No,Not Returned,No
29-10-2022,Mouse,Accessories,West,4,2536,148.85,"3,126",ABC3126,634,5,5,Same Day,2.9,Premium,Yes,Not Returned,No
03-02-2022,Tablet,,West,8,5416,297.5,"3,127",ABC3127,677,21,8,Same Day,2.9,Premium,Yes,Not Returned,No
13-02-2023,Smartwatch,Electronics,East,2,2334,158.07,"3,128",ABC3128,1167,26,7,Express,2.3,Regular,Yes,Low Rating,No
28-07-2022,Camera,Electronics,East,9,1080,183.42,"3,129",ABC3129,120,38,7,Express,3.5,Regular,No,Not Returned,No
08-05-2024,Tablet,Electronics,South,4,1324,127.07,"3,130",ABC3130,331,33,6,Standard,2,Regular,Yes,Low Rating,No
16-07-2023,Camera,Electronics,West,2,2304,444.08,"3,131",ABC3131,1152,8,3,Standard,3.7,Regular,No,Not Returned,No
21-02-2024,Smartphone,Electronics,East,4,4736,1026.24,"3,132",ABC3132,1184,9,5,Same Day,3.6,Premium,No,Not Returned,No
14-08-2023,Mouse,Accessories,West,9,2925,457.49,"3,133",ABC3133,325,15,1,Same Day,5,Premium,No,Not Returned,No
27-01-2023,Laptop,Electronics,East,9,6345,1627.26,"3,134",ABC3134,705,25,7,Express,2.3,Premium,Yes,Low Rating,No
13-06-2022,Headphones,Accessories,East,9,4221,912.84,"3,135",ABC3135,469,39,9,Express,1.6,Premium,Yes,Low Rating,No
06-12-2022,Headphones,Accessories,South,7,462,56.89,"3,136",ABC3136,66,16,1,Standard,4.7,Regular,Yes,Product Issue,No
13-05-2022,Monitor,Accessories,North,7,7588,1625.55,"3,137",ABC3137,1084,30,2,Standard,5,Premium,No,Not Returned,No
12-12-2022,Keyboard,Accessories,North,6,5232,1270.64,"3,138",ABC3138,872,23,3,Standard,3.2,Premium,No,Not Returned,No
01-08-2024,Camera,Electronics,East,8,1440,402.06,"3,139",ABC3139,180,11,3,Express,3.8,Regular,No,Not Returned,No
31-03-2023,Monitor,Accessories,North,2,1026,226.4,"3,140",ABC3140,513,11,8,Same Day,2.5,Regular,Yes,Not Returned,No
21-09-2024,Camera,Electronics,North,7,7455,1008.42,"3,141",ABC3141,1065,30,7,Standard,2.3,Premium,Yes,Low Rating,No
29-11-2023,Printer,Office,East,8,2456,404.35,"3,142",ABC3142,307,9,6,Standard,2.6,Premium,Yes,Not Returned,No
01-11-2022,Camera,Electronics,North,3,2859,404.56,"3,143",ABC3143,953,25,10,Express,1.5,Premium,Yes,Low Rating,No
08-01-2024,Keyboard,Accessories,East,1,311,50.66,"3,144",ABC3144,311,18,10,Standard,1.8,Regular,Yes,Low Rating,No
28-10-2022,Printer,Office,East,9,1260,246.6,"3,145",ABC3145,140,8,11,Same Day,1.2,Regular,Yes,Low Rating,No
18-01-2022,Keyboard,Accessories,South,1,466,102.48,"3,146",ABC3146,466,27,4,Express,4.4,Regular,No,Not Returned,No
22-02-2023,Laptop,Electronics,West,3,867,58.2,"3,147",ABC3147,289,24,9,Standard,2.3,Regular,Yes,Low Rating,No
24-02-2023,Monitor,Accessories,South,6,3888,275.72,"3,148",ABC3148,648,19,1,Standard,4.9,Premium,No,Not Returned,No
12-04-2024,Tablet,Electronics,North,4,3032,347.2,"3,149",ABC3149,758,33,11,Express,1.8,Premium,Yes,Low Rating,No
22-12-2023,Tablet,Electronics,North,7,4704,978.81,"3,150",ABC3150,672,12,2,Express,4.5,Premium,No,Not Returned,No
27-10-2022,Printer,Office,West,3,3186,527.75,"3,151",ABC3151,1062,23,4,Standard,3.4,Premium,No,Not Returned,No
18-08-2024,Printer,Office,North,9,6183,359.54,"3,152",ABC3152,687,32,3,Same Day,3.9,Premium,No,Not Returned,No
14-10-2022,Smartwatch,Electronics,West,1,243,21.75,"3,153",ABC3153,243,31,1,Express,4.1,Regular,Yes,Product Issue,No
20-06-2023,Smartphone,Electronics,North,3,897,235.67,"3,154",ABC3154,299,8,5,Same Day,4.3,Regular,No,Not Returned,No
19-12-2023,Headphones,Accessories,West,9,4563,675.62,"3,155",ABC3155,507,19,7,Standard,3.1,Premium,No,Not Returned,No
18-09-2022,Laptop,Electronics,South,4,628,156.98,"3,156",ABC3156,157,39,2,Same Day,3.1,Regular,No,Not Returned,No
21-12-2024,Monitor,Accessories,East,6,1050,172.83,"3,157",ABC3157,175,5,5,Standard,4,Regular,No,Not Returned,No
16-05-2022,Monitor,Accessories,North,8,3032,278.85,"3,158",ABC3158,379,7,6,Standard,2.3,Premium,Yes,Low Rating,No
27-09-2023,Keyboard,Accessories,West,1,920,118.24,"3,159",ABC3159,920,28,11,Standard,1.6,Regular,Yes,Low Rating,No
02-03-2024,Laptop,Electronics,South,2,668,90.67,"3,160",ABC3160,334,31,7,Standard,1.6,Regular,Yes,Low Rating,No
31-05-2024,Mouse,Accessories,East,5,5990,1403.53,"3,161",ABC3161,1198,38,1,Same Day,4.5,Premium,No,Not Returned,No
04-03-2024,Tablet,Electronics,South,9,9324,1223.9,"3,162",ABC3162,1036,33,7,Standard,3.3,Premium,No,Not Returned,No
11-04-2023,Keyboard,Accessories,East,8,5768,368.49,"3,163",ABC3163,721,28,4,Standard,4.4,Premium,No,Not Returned,No
01-05-2024,Laptop,Electronics,North,1,1123,318.09,"3,164",ABC3164,1123,28,8,Same Day,2.5,Regular,Yes,Not Returned,No
20-12-2024,Keyboard,Accessories,West,4,2336,453.04,"3,165",ABC3165,584,8,4,Express,4.1,Regular,No,Not Returned,No
22-11-2023,Laptop,Electronics,West,6,438,26.03,"3,166",ABC3166,73,7,6,Same Day,2.3,Regular,Yes,Low Rating,No
23-12-2022,Tablet,Electronics,North,6,5940,318.72,"3,167",ABC3167,990,38,9,Same Day,2.3,Premium,Yes,Low Rating,No
22-06-2022,Camera,Electronics,West,3,1848,549.34,"3,168",ABC3168,616,27,5,Same Day,3.8,Regular,No,Not Returned,No
17-03-2023,Keyboard,Accessories,North,3,2118,321.05,"3,169",ABC3169,706,27,12,Standard,2.3,Regular,Yes,Low Rating,No
16-01-2022,Smartphone,Electronics,North,3,231,36.73,"3,170",ABC3170,77,9,4,Standard,3.4,Regular,Yes,Product Issue,No
12-01-2024,Headphones,Accessories,South,6,978,182.46,"3,171",ABC3171,163,35,8,Standard,2.3,Regular,Yes,Low Rating,No
22-05-2023,Monitor,Accessories,North,5,4960,420.98,"3,172",ABC3172,992,10,9,Express,2,Premium,Yes,Low Rating,No
09-03-2022,Camera,Electronics,South,3,1377,330.44,"3,173",ABC3173,459,14,4,Standard,4,Regular,No,Not Returned,No
09-02-2023,Camera,Electronics,West,2,1958,227.77,"3,174",ABC3174,979,11,3,Express,4.4,Regular,No,Not Returned,No
12-06-2023,Mouse,Accessories,West,7,5607,1288.04,"3,175",ABC3175,801,25,8,Standard,2.9,Premium,Yes,Not Returned,No
24-11-2022,Smartwatch,Electronics,South,6,3504,980.7,"3,176",ABC3176,584,24,5,Same Day,3.8,Premium,No,Not Returned,No
21-11-2024,Mouse,Accessories,North,4,796,75.15,"3,177",ABC3177,199,7,2,Standard,3.6,Regular,Yes,Product Issue,No
14-08-2024,Monitor,Accessories,North,1,342,37.64,"3,178",ABC3178,342,26,10,Express,1,Regular,Yes,Low Rating,No
14-08-2024,Monitor,Accessories,South,7,6769,1549.67,"3,179",ABC3179,967,8,9,Express,1.7,Premium,Yes,Low Rating,No
29-08-2023,Headphones,Accessories,South,9,10080,1794.73,"3,180",ABC3180,1120,32,3,Standard,4,Premium,No,Not Returned,No
11-01-2024,Smartwatch,Electronics,East,7,3948,758.36,"3,181",ABC3181,564,16,12,Same Day,1,Premium,Yes,Low Rating,No
27-06-2023,Headphones,Accessories,South,4,1488,74.52,"3,182",ABC3182,372,9,2,Standard,4.1,Regular,Yes,Product Issue,No
17-01-2024,Mouse,Accessories,South,5,1200,201.8,"3,183",ABC3183,240,17,1,Standard,4.5,Regular,No,Not Returned,No
10-01-2023,Smartwatch,Electronics,North,4,4476,977.6,"3,184",ABC3184,1119,27,8,Standard,2.6,Premium,Yes,Not Returned,No
01-08-2023,Monitor,Accessories,West,1,1178,292.15,"3,185",ABC3185,1178,34,11,Same Day,1,Regular,Yes,Low Rating,No
26-12-2024,Smartwatch,Electronics,South,8,2888,149.92,"3,186",ABC3186,361,29,3,Express,4,Premium,No,Not Returned,No
13-12-2024,Smartphone,Electronics,South,6,1704,193.18,"3,187",ABC3187,284,31,7,Same Day,2.6,Regular,Yes,Not Returned,No
17-10-2022,Printer,Office,West,8,4200,1017.94,"3,188",ABC3188,525,18,1,Express,4.9,Premium,No,Not Returned,No
12-03-2024,Keyboard,Accessories,East,7,4417,562.79,"3,189",ABC3189,631,20,1,Express,5,Premium,No,Not Returned,No
20-05-2024,Camera,Electronics,West,4,764,178.83,"3,190",ABC3190,191,26,12,Express,1.8,Regular,Yes,Low Rating,No
28-06-2024,Headphones,Accessories,South,4,4000,964.43,"3,191",ABC3191,1000,25,9,Same Day,1.6,Premium,Yes,Low Rating,No
21-10-2024,Monitor,Accessories,East,9,2331,558,"3,192",ABC3192,259,25,12,Standard,1,Regular,Yes,Low Rating,No
31-01-2023,Mouse,Accessories,West,9,8172,1296.29,"3,193",ABC3193,908,12,8,Standard,2.2,Premium,Yes,Low Rating,No
20-12-2024,Laptop,Electronics,North,1,761,61.15,"3,194",ABC3194,761,20,12,Standard,1,Regular,Yes,Low Rating,No
25-11-2023,Camera,Electronics,East,2,494,56.41,"3,195",ABC3195,247,35,3,Standard,5,Regular,Yes,Product Issue,No
05-09-2023,Headphones,Accessories,East,2,194,52.16,"3,196",ABC3196,97,14,6,Standard,2.6,Regular,Yes,Product Issue,No
20-03-2024,Tablet,Electronics,West,6,5820,1423.67,"3,197",ABC3197,970,36,11,Same Day,1.6,Premium,Yes,Low Rating,No
11-04-2022,Camera,Electronics,North,5,410,121.77,"3,198",ABC3198,82,38,3,Same Day,4.5,Regular,No,Not Returned,No
06-12-2024,Smartphone,Electronics,East,6,1254,360.87,"3,199",ABC3199,209,13,12,Same Day,1.2,Regular,Yes,Low Rating,No
04-06-2022,Tablet,Electronics,East,6,3432,452.4,"3,200",ABC3200,572,21,4,Same Day,4.7,Premium,No,Not Returned,No
22-03-2024,Camera,Electronics,North,4,3792,997.99,"3,201",ABC3201,948,15,1,Same Day,4.6,Premium,No,Not Returned,No
19-11-2024,Tablet,Electronics,West,7,546,117.9,"3,202",ABC3202,78,36,5,Same Day,2.9,Regular,Yes,Not Returned,No
24-02-2022,Smartwatch,Electronics,East,3,1452,217.06,"3,203",ABC3203,484,14,1,Same Day,4.2,Regular,No,Not Returned,No
14-11-2022,Keyboard,Accessories,West,8,9296,1556.05,"3,204",ABC3204,1162,26,1,Standard,5,Premium,No,Not Returned,No
01-12-2023,Mouse,Accessories,North,1,1160,149.81,"3,205",ABC3205,1160,21,10,Express,1.6,Regular,Yes,Low Rating,No
14-01-2024,Laptop,Electronics,West,6,4728,682.01,"3,206",ABC3206,788,8,11,Same Day,1,Premium,Yes,Low Rating,No
12-02-2023,Camera,Electronics,North,6,1836,508.81,"3,207",ABC3207,306,29,11,Express,1.6,Regular,Yes,Low Rating,No
13-09-2023,Smartwatch,Electronics,South,7,6237,1784.89,"3,208",ABC3208,891,25,7,Same Day,3,Premium,No,Not Returned,No
01-09-2024,Laptop,Electronics,West,5,5845,941.79,"3,209",ABC3209,1169,5,12,Same Day,1.1,Premium,Yes,Low Rating,No
27-12-2023,Monitor,Accessories,South,9,6138,851.14,"3,210",ABC3210,682,29,6,Standard,3.4,Premium,No,Not Returned,No
23-03-2022,Camera,Electronics,West,2,1416,136.75,"3,211",ABC3211,708,21,2,Express,4.4,Regular,No,Not Returned,No
27-12-2024,Keyboard,Accessories,West,3,1851,348.9,"3,212",ABC3212,617,28,11,Standard,1,Regular,Yes,Low Rating,No
10-11-2022,Printer,Office,South,9,7452,1259.82,"3,213",ABC3213,828,6,12,Standard,1.4,Premium,Yes,Low Rating,No
29-11-2023,Tablet,Electronics,North,5,1630,190.38,"3,214",ABC3214,326,19,2,Express,3.9,Regular,No,Not Returned,No
16-08-2022,Camera,Electronics,West,6,4800,930.44,"3,215",ABC3215,800,36,11,Standard,1,Premium,Yes,Low Rating,No
23-11-2023,Smartwatch,Electronics,South,1,61,16.11,"3,216",ABC3216,61,10,7,Same Day,3.2,Regular,Yes,Product Issue,No
21-09-2023,Monitor,Accessories,East,6,942,80.27,"3,217",ABC3217,157,5,1,Same Day,4.5,Regular,Yes,Product Issue,No
30-07-2023,Smartphone,Electronics,South,8,7640,1663.63,"3,218",ABC3218,955,27,2,Same Day,5,Premium,No,Not Returned,No
12-05-2022,Camera,Electronics,South,5,4540,939.71,"3,219",ABC3219,908,21,12,Same Day,1.4,Premium,Yes,Low Rating,No
27-11-2022,Headphones,Accessories,North,1,1030,190.47,"3,220",ABC3220,1030,38,8,Same Day,2.1,Regular,Yes,Low Rating,No
20-09-2023,Printer,Office,North,2,384,30.84,"3,221",ABC3221,192,33,6,Standard,3.2,Regular,Yes,Product Issue,No
24-11-2024,Smartwatch,Electronics,West,8,8560,991.94,"3,222",ABC3222,1070,13,2,Standard,5,Premium,No,Not Returned,No
23-08-2022,Camera,Electronics,West,9,1557,117.36,"3,223",ABC3223,173,17,7,Same Day,3,Regular,No,Not Returned,No
04-05-2023,Tablet,Electronics,East,7,707,124.59,"3,224",ABC3224,101,10,4,Same Day,4,Regular,No,Not Returned,No
05-08-2022,Mouse,Accessories,West,5,3405,476.39,"3,225",ABC3225,681,10,2,Standard,4,Premium,No,Not Returned,No
15-11-2024,Tablet,Electronics,West,6,4722,522.16,"3,226",ABC3226,787,24,12,Express,1.9,Premium,Yes,Low Rating,No
04-01-2022,Headphones,Accessories,North,2,2150,625.93,"3,227",ABC3227,1075,7,6,Standard,3.7,Regular,No,Not Returned,No
04-11-2022,Monitor,Accessories,West,7,3619,827.39,"3,228",ABC3228,517,21,11,Standard,1,Premium,Yes,Low Rating,No
09-08-2023,Smartwatch,Electronics,South,4,3892,909.22,"3,229",ABC3229,973,16,9,Standard,2.9,Premium,Yes,Late Delivery,No
02-08-2022,Camera,Electronics,South,1,54,13.29,"3,230",ABC3230,54,5,11,Standard,1.4,Regular,Yes,Low Rating,No
04-12-2023,Keyboard,Accessories,South,1,612,136.25,"3,231",ABC3231,612,21,9,Standard,1.6,Regular,Yes,Low Rating,No
03-09-2022,Monitor,Accessories,East,5,3850,419.55,"3,232",ABC3232,770,7,8,Express,2,Premium,Yes,Low Rating,No
20-04-2024,Camera,Electronics,East,5,3005,389.93,"3,233",ABC3233,601,30,3,Same Day,4.4,Premium,No,Not Returned,No
15-07-2024,Headphones,Accessories,North,9,5256,1296.65,"3,234",ABC3234,584,19,3,Same Day,3.6,Premium,No,Not Returned,No
13-03-2023,Printer,Office,East,6,3576,1033.3,"3,235",ABC3235,596,36,2,Express,3.8,Premium,No,Not Returned,No
08-11-2022,Tablet,Electronics,West,5,3415,496.48,"3,236",ABC3236,683,36,5,Same Day,3.1,Premium,No,Not Returned,No
13-01-2023,Camera,Electronics,West,3,1722,203.04,"3,237",ABC3237,574,8,12,Same Day,1,Regular,Yes,Low Rating,No
14-04-2022,Mouse,Accessories,East,8,4088,853.36,"3,238",ABC3238,511,22,4,Same Day,3.3,Premium,No,Not Returned,No
09-02-2024,Headphones,Accessories,West,5,5320,882.84,"3,239",ABC3239,1064,23,7,Express,2.4,Premium,Yes,Low Rating,No
27-11-2022,Mouse,Accessories,West,6,3660,1079,"3,240",ABC3240,610,39,4,Express,4.1,Premium,No,Not Returned,No
13-05-2024,Camera,Electronics,West,6,5250,1228.49,"3,241",ABC3241,875,18,9,Same Day,2.1,Premium,Yes,Low Rating,No
17-04-2022,Laptop,Electronics,North,4,328,90.89,"3,242",ABC3242,82,37,12,Same Day,1,Regular,Yes,Low Rating,No
29-09-2023,Smartphone,Electronics,West,7,1596,359.71,"3,243",ABC3243,228,18,12,Same Day,1,Regular,Yes,Low Rating,No
11-02-2023,Printer,Office,South,7,2443,661.21,"3,244",ABC3244,349,38,2,Standard,4.3,Premium,No,Not Returned,No
23-07-2023,Smartwatch,Electronics,East,7,5432,870.08,"3,245",ABC3245,776,8,11,Standard,1.3,Premium,Yes,Low Rating,No
04-04-2022,Printer,Office,North,3,1254,221.19,"3,246",ABC3246,418,28,6,Standard,3,Regular,No,Not Returned,No
19-02-2022,Tablet,Electronics,East,5,5495,1276.27,"3,247",ABC3247,1099,33,7,Express,3.1,Premium,No,Not Returned,No
07-12-2023,Headphones,Accessories,North,4,596,72.65,"3,248",ABC3248,149,23,4,Same Day,3.8,Regular,Yes,Product Issue,No
18-10-2024,Printer,Office,South,6,3696,597.66,"3,249",ABC3249,616,10,6,Express,3.1,Premium,No,Not Returned,No
18-04-2022,Mouse,Accessories,North,6,4488,939.05,"3,250",ABC3250,748,37,7,Express,3.4,Premium,No,Not Returned,No
18-10-2023,Camera,Electronics,West,6,6846,932.21,"3,251",ABC3251,1141,23,4,Express,4.6,Premium,No,Not Returned,No
29-12-2023,Mouse,Accessories,West,8,2960,607.64,"3,252",ABC3252,370,5,8,Same Day,1.7,Premium,Yes,Low Rating,No
31-07-2023,Smartphone,Electronics,South,1,419,99.5,"3,253",ABC3253,419,9,9,Standard,1.2,Regular,Yes,Low Rating,No
03-09-2024,Laptop,Electronics,West,6,6246,327.14,"3,254",ABC3254,1041,31,1,Same Day,4.5,Premium,No,Not Returned,No
12-09-2022,Tablet,Electronics,South,4,1900,372.18,"3,255",ABC3255,475,20,7,Same Day,3.1,Regular,No,Not Returned,No
08-06-2023,Monitor,Accessories,North,7,3451,397.29,"3,256",ABC3256,493,10,9,Express,2.2,Premium,Yes,Low Rating,No
24-11-2024,Smartphone,Electronics,West,2,1612,344.37,"3,257",ABC3257,806,17,12,Express,1.5,Regular,Yes,Low Rating,No
13-08-2022,Laptop,Electronics,South,5,4445,642.83,"3,258",ABC3258,889,39,10,Express,1.5,Premium,Yes,Low Rating,No
06-08-2024,Smartwatch,Electronics,North,5,720,63.84,"3,259",ABC3259,144,23,5,Standard,2.4,Regular,Yes,Low Rating,No
16-04-2024,Mouse,Accessories,East,2,1428,234.49,"3,260",ABC3260,714,16,12,Standard,1,Regular,Yes,Low Rating,No
27-12-2024,Tablet,Electronics,East,4,3532,665.2,"3,261",ABC3261,883,20,2,Standard,4.6,Premium,No,Not Returned,No
08-09-2024,Camera,Electronics,North,6,6528,549.62,"3,262",ABC3262,1088,14,10,Same Day,2.2,Premium,Yes,Low Rating,No
04-09-2023,Monitor,Accessories,East,1,743,216.5,"3,263",ABC3263,743,29,6,Express,2,Regular,Yes,Low Rating,No
13-10-2023,Smartwatch,Electronics,East,6,1758,287.36,"3,264",ABC3264,293,24,12,Same Day,1.7,Regular,Yes,Low Rating,No
29-11-2023,Headphones,Accessories,South,8,1008,100.61,"3,265",ABC3265,126,35,12,Standard,1.2,Regular,Yes,Low Rating,No
21-10-2024,Smartphone,Electronics,East,1,995,149.86,"3,266",ABC3266,995,8,7,Express,2.6,Regular,Yes,Not Returned,No
05-10-2024,Keyboard,Accessories,West,9,4032,876.91,"3,267",ABC3267,448,27,2,Standard,4,Premium,No,Not Returned,No
29-10-2022,Smartphone,Electronics,East,6,480,131.08,"3,268",ABC3268,80,6,2,Express,5,Regular,No,Not Returned,No
25-10-2024,Laptop,Electronics,East,1,989,149.99,"3,269",ABC3269,989,26,10,Express,2.1,Regular,Yes,Low Rating,No
24-01-2022,Smartphone,Electronics,North,9,6606,759.55,"3,270",ABC3270,734,12,12,Same Day,1.2,Premium,Yes,Low Rating,No
06-02-2024,Smartwatch,Electronics,East,6,912,256.58,"3,271",ABC3271,152,11,10,Same Day,1.3,Regular,Yes,Low Rating,No
21-07-2022,Mouse,Accessories,South,4,2912,331.11,"3,272",ABC3272,728,18,1,Standard,5,Premium,No,Not Returned,No
03-02-2023,Camera,Electronics,West,5,845,69.35,"3,273",ABC3273,169,7,4,Same Day,3.7,Regular,Yes,Product Issue,No
10-08-2023,Monitor,Accessories,South,4,2804,382.82,"3,274",ABC3274,701,20,7,Same Day,2.8,Premium,Yes,Not Returned,No
28-12-2024,Laptop,Electronics,East,2,208,11.53,"3,275",ABC3275,104,23,9,Same Day,2,Regular,Yes,Low Rating,No
19-11-2022,Smartwatch,Electronics,East,1,379,42.24,"3,276",ABC3276,379,22,3,Express,3.6,Regular,Yes,Product Issue,No
18-05-2024,Mouse,Accessories,West,3,1227,113.38,"3,277",ABC3277,409,20,12,Same Day,1.2,Regular,Yes,Low Rating,No
03-08-2023,Headphones,Accessories,East,7,5551,392.37,"3,278",ABC3278,793,12,11,Standard,1.7,Premium,Yes,Low Rating,No
06-08-2022,Headphones,Accessories,West,1,423,115.44,"3,279",ABC3279,423,37,7,Express,2.4,Regular,Yes,Low Rating,No
26-01-2022,Headphones,Accessories,West,6,5982,944.81,"3,280",ABC3280,997,16,7,Express,2.8,Premium,Yes,Not Returned,No
07-12-2022,Smartphone,Electronics,West,4,3732,468.6,"3,281",ABC3281,933,15,7,Same Day,2.7,Premium,Yes,Not Returned,No
02-03-2023,Printer,Office,North,9,5904,1152.23,"3,282",ABC3282,656,9,2,Express,4.8,Premium,No,Not Returned,No
01-02-2024,Headphones,Accessories,East,5,1810,171.47,"3,283",ABC3283,362,31,6,Standard,2.9,Regular,Yes,Not Returned,No
30-01-2023,Smartphone,Electronics,South,6,5604,615.07,"3,284",ABC3284,934,16,2,Standard,4.4,Premium,No,Not Returned,No
28-04-2022,Laptop,Electronics,West,2,432,81.31,"3,285",ABC3285,216,21,6,Express,3.2,Regular,Yes,Product Issue,No
27-11-2024,Keyboard,Accessories,East,2,416,68.58,"3,286",ABC3286,208,10,10,Same Day,1.5,Regular,Yes,Low Rating,No
07-09-2022,Monitor,Accessories,North,8,1224,281.43,"3,287",ABC3287,153,37,3,Same Day,3.6,Regular,No,Not Returned,No
12-03-2022,Printer,Office,West,8,5168,672.6,"3,288",ABC3288,646,9,2,Express,4,Premium,No,Not Returned,No
10-11-2022,Monitor,Accessories,East,6,6522,502.98,"3,289",ABC3289,1087,32,12,Standard,1.2,Premium,Yes,Low Rating,No
03-09-2022,Keyboard,Accessories,South,5,1090,140.7,"3,290",ABC3290,218,18,6,Express,2.9,Regular,Yes,Not Returned,No
30-09-2024,Laptop,Electronics,South,3,1737,353.17,"3,291",ABC3291,579,9,2,Same Day,4.2,Regular,No,Not Returned,No
08-03-2024,Printer,Office,West,9,7281,1358.17,"3,292",ABC3292,809,37,5,Same Day,3.6,Premium,No,Not Returned,No
19-03-2024,Smartwatch,Electronics,South,9,5832,1007.54,"3,293",ABC3293,648,23,2,Express,4.8,Premium,No,Not Returned,No
21-07-2024,Printer,Office,East,9,7020,623.97,"3,294",ABC3294,780,26,3,Standard,4.6,Premium,No,Not Returned,No
07-06-2023,Mouse,Accessories,South,3,2001,420.08,"3,295",ABC3295,667,9,3,Express,3.7,Regular,No,Not Returned,No
13-08-2024,Monitor,Accessories,West,2,1832,489.21,"3,296",ABC3296,916,6,6,Standard,3.5,Regular,No,Not Returned,No
05-05-2024,Smartwatch,Electronics,East,6,3372,934.42,"3,297",ABC3297,562,34,6,Standard,4,Premium,No,Not Returned,No
20-12-2024,Tablet,Electronics,West,6,3384,503.86,"3,298",ABC3298,564,8,10,Express,1.7,Premium,Yes,Low Rating,No
30-11-2024,Monitor,Accessories,East,1,351,31.95,"3,299",ABC3299,351,37,3,Express,4,Regular,Yes,Product Issue,No
16-12-2024,Camera,Electronics,South,2,2092,549.42,"3,300",ABC3300,1046,17,3,Standard,3.9,Regular,No,Not Returned,No
19-03-2023,Monitor,Accessories,South,7,1309,138.46,"3,301",ABC3301,187,24,12,Standard,1,Regular,Yes,Low Rating,No
28-04-2024,Keyboard,Accessories,North,9,6696,407.36,"3,302",ABC3302,744,11,1,Standard,5,Premium,No,Not Returned,No
29-09-2022,Keyboard,Accessories,East,5,1020,162.36,"3,303",ABC3303,204,19,7,Standard,2.6,Regular,Yes,Not Returned,No
30-05-2022,Keyboard,Accessories,East,8,8240,2006.72,"3,304",ABC3304,1030,27,8,Same Day,2.3,Premium,Yes,Low Rating,No
07-10-2022,Headphones,Accessories,South,9,9810,1008.6,"3,305",ABC3305,1090,18,2,Express,4.7,Premium,No,Not Returned,No
13-01-2023,Tablet,Electronics,West,1,853,97.5,"3,306",ABC3306,853,27,4,Standard,4.1,Regular,Yes,Product Issue,No
06-01-2023,Camera,Electronics,East,4,4416,1081.53,"3,307",ABC3307,1104,23,10,Express,1.4,Premium,Yes,Low Rating,No
11-01-2023,Headphones,Accessories,North,8,3832,741.44,"3,308",ABC3308,479,33,7,Standard,2.4,Premium,Yes,Low Rating,No
16-12-2024,Monitor,Accessories,South,4,1876,221.18,"3,309",ABC3309,469,24,8,Express,2,Regular,Yes,Low Rating,No
14-03-2024,Laptop,Electronics,South,3,2634,392.21,"3,310",ABC3310,878,33,1,Express,5,Premium,No,Not Returned,No
26-08-2023,Laptop,Electronics,North,1,1027,259.92,"3,311",ABC3311,1027,28,4,Standard,4.4,Regular,No,Not Returned,No
10-07-2023,Printer,Office,West,5,3100,911.86,"3,312",ABC3312,620,22,6,Standard,3.4,Premium,No,Not Returned,No
18-03-2022,Mouse,Accessories,West,1,104,29.67,"3,313",ABC3313,104,14,3,Express,3.8,Regular,Yes,Product Issue,No
18-06-2024,Mouse,Accessories,East,2,1590,147.2,"3,314",ABC3314,795,12,5,Express,3.2,Regular,No,Not Returned,No
20-08-2024,Camera,Electronics,South,4,1104,63.57,"3,315",ABC3315,276,30,10,Express,1.8,Regular,Yes,Low Rating,No
18-09-2024,Smartphone,Electronics,South,3,1851,198.71,"3,316",ABC3316,617,33,9,Same Day,3.1,Regular,No,Late Delivery,No
06-11-2024,Smartphone,Electronics,South,2,1408,193.09,"3,317",ABC3317,704,14,11,Standard,1.5,Regular,Yes,Low Rating,No
24-05-2022,Laptop,Electronics,South,7,4641,1341.98,"3,318",ABC3318,663,21,3,Same Day,4.3,Premium,No,Not Returned,No
01-10-2022,Tablet,Electronics,West,7,2611,539.37,"3,319",ABC3319,373,6,5,Same Day,2.1,Premium,Yes,Low Rating,No
05-12-2023,Laptop,Electronics,North,4,3824,711.92,"3,320",ABC3320,956,10,8,Standard,2.5,Premium,Yes,Not Returned,No
08-03-2023,Smartphone,Electronics,East,2,2042,501.34,"3,321",ABC3321,1021,9,6,Standard,2.3,Regular,Yes,Low Rating,No
30-07-2023,Tablet,Electronics,North,6,6378,1408.28,"3,322",ABC3322,1063,32,4,Same Day,3.4,Premium,No,Not Returned,No
14-03-2023,Camera,Electronics,East,4,4692,409.07,"3,323",ABC3323,1173,9,8,Standard,2.4,Premium,Yes,Low Rating,No
30-06-2024,Laptop,Electronics,West,6,6234,1829.07,"3,324",ABC3324,1039,22,11,Express,1.2,Premium,Yes,Low Rating,No
25-09-2024,Smartphone,Electronics,West,4,1852,535.07,"3,325",ABC3325,463,30,3,Express,3.7,Regular,No,Not Returned,No
05-02-2022,Monitor,Accessories,South,3,3075,804.06,"3,326",ABC3326,1025,24,3,Same Day,3.7,Premium,No,Not Returned,No
24-10-2023,Printer,Office,North,5,370,92.45,"3,327",ABC3327,74,31,4,Same Day,3.6,Regular,Yes,Product Issue,No
11-12-2024,Keyboard,Accessories,North,6,624,66.99,"3,328",ABC3328,104,16,9,Standard,1.9,Regular,Yes,Low Rating,No
13-07-2023,Smartwatch,Electronics,South,2,1734,310.76,"3,329",ABC3329,867,11,5,Standard,3.3,Regular,No,Not Returned,No
05-05-2023,Printer,Office,West,9,2268,361.62,"3,330",ABC3330,252,7,8,Same Day,2.3,Regular,Yes,Low Rating,No
31-08-2022,Camera,Electronics,East,5,3670,924.95,"3,331",ABC3331,734,14,6,Same Day,3.6,Premium,No,Not Returned,No
16-08-2024,Smartwatch,Electronics,North,7,4634,1358.44,"3,332",ABC3332,662,38,3,Express,3,Premium,No,Not Returned,No
20-01-2024,Headphones,Accessories,North,9,1440,94.41,"3,333",ABC3333,160,29,8,Express,2.5,Regular,Yes,Product Issue,No
11-04-2023,Laptop,Electronics,West,6,5136,1225.4,"3,334",ABC3334,856,39,12,Standard,1,Premium,Yes,Low Rating,No
20-09-2024,Smartphone,Electronics,East,1,166,31.72,"3,335",ABC3335,166,20,9,Express,1.9,Regular,Yes,Low Rating,No
03-02-2022,Keyboard,Accessories,East,3,1422,328.98,"3,336",ABC3336,474,6,8,Standard,2,Regular,Yes,Low Rating,No
11-09-2023,Headphones,Accessories,East,8,1832,532.97,"3,337",ABC3337,229,28,4,Standard,3.6,Regular,No,Not Returned,No
29-10-2022,Printer,Office,South,1,668,94.08,"3,338",ABC3338,668,14,11,Standard,1,Regular,Yes,Low Rating,No
22-12-2024,Camera,Electronics,West,6,1272,336.3,"3,339",ABC3339,212,26,6,Express,3.1,Regular,No,Not Returned,No
26-06-2023,Keyboard,Accessories,North,8,984,72.54,"3,340",ABC3340,123,30,1,Same Day,4.9,Regular,Yes,Product Issue,No
25-07-2024,Printer,Office,South,7,7896,484.76,"3,341",ABC3341,1128,31,4,Same Day,3.3,Premium,No,Not Returned,No
12-11-2022,Smartphone,Electronics,North,1,636,42.4,"3,342",ABC3342,636,33,8,Express,3.3,Regular,Yes,Product Issue,No
05-08-2023,Laptop,Electronics,North,3,2031,450.23,"3,343",ABC3343,677,24,1,Same Day,4.6,Regular,No,Not Returned,No
23-02-2022,Mouse,Accessories,West,9,3186,483.22,"3,344",ABC3344,354,31,3,Standard,4,Premium,No,Not Returned,No
06-05-2022,Headphones,Accessories,South,1,134,33.12,"3,345",ABC3345,134,24,1,Same Day,5,Regular,Yes,Product Issue,No
27-04-2024,Tablet,Electronics,South,5,1765,347.42,"3,346",ABC3346,353,23,9,Express,3.1,Regular,No,Late Delivery,No
28-07-2023,Keyboard,Accessories,East,4,3628,717.81,"3,347",ABC3347,907,24,2,Same Day,3.8,Premium,No,Not Returned,No
06-12-2024,Monitor,Accessories,West,4,1000,198.92,"3,348",ABC3348,250,39,9,Standard,1.7,Regular,Yes,Low Rating,No
08-03-2023,Camera,Electronics,North,2,2134,119.89,"3,349",ABC3349,1067,6,4,Standard,3.6,Regular,No,Not Returned,No
25-05-2023,Smartwatch,Electronics,North,7,6706,1687.22,"3,350",ABC3350,958,34,2,Express,4,Premium,No,Not Returned,No
03-11-2024,Laptop,Electronics,East,3,321,72.13,"3,351",ABC3351,107,38,4,Express,4.1,Regular,Yes,Product Issue,No
19-02-2023,Camera,Electronics,South,3,3126,710.14,"3,352",ABC3352,1042,26,12,Express,1,Premium,Yes,Low Rating,No
05-11-2023,Monitor,Accessories,South,7,5446,697.21,"3,353",ABC3353,778,7,11,Standard,2,Premium,Yes,Low Rating,No
02-05-2023,Tablet,Electronics,East,1,1131,140.55,"3,354",ABC3354,1131,10,11,Same Day,1.6,Regular,Yes,Low Rating,No
24-07-2023,Printer,Office,East,2,1946,141.75,"3,355",ABC3355,973,19,10,Same Day,2.2,Regular,Yes,Low Rating,No
16-09-2023,Laptop,Electronics,North,7,6818,1348.26,"3,356",ABC3356,974,31,6,Express,2.6,Premium,Yes,Not Returned,No
29-03-2023,Smartphone,Electronics,East,7,2317,677.61,"3,357",ABC3357,331,14,11,Same Day,1.1,Regular,Yes,Low Rating,No
27-01-2023,Smartwatch,Electronics,East,6,396,89.51,"3,358",ABC3358,66,13,7,Same Day,3.1,Regular,Yes,Product Issue,No
16-11-2023,Smartphone,Electronics,South,1,558,49.81,"3,359",ABC3359,558,37,3,Express,4.4,Regular,Yes,Product Issue,No
21-03-2023,Smartphone,Electronics,East,9,2034,593.13,"3,360",ABC3360,226,36,3,Express,3.9,Regular,No,Not Returned,No
01-06-2022,Mouse,Accessories,West,8,6080,1171.93,"3,361",ABC3361,760,10,12,Standard,1,Premium,Yes,Low Rating,No
04-02-2023,Smartwatch,Electronics,East,2,1378,183.1,"3,362",ABC3362,689,6,10,Standard,1.4,Regular,Yes,Low Rating,No
04-03-2024,Monitor,Accessories,East,3,483,120.11,"3,363",ABC3363,161,33,12,Standard,1,Regular,Yes,Low Rating,No
19-10-2022,Keyboard,Accessories,South,8,7864,1615.58,"3,364",ABC3364,983,8,8,Standard,1.9,Premium,Yes,Low Rating,No
27-01-2022,Printer,Office,North,2,1268,141.76,"3,365",ABC3365,634,5,5,Same Day,2.8,Regular,Yes,Not Returned,No
06-10-2022,Printer,Office,West,6,3774,606.94,"3,366",ABC3366,629,23,4,Same Day,4.2,Premium,No,Not Returned,No
16-09-2023,Smartwatch,Electronics,East,9,9090,727.64,"3,367",ABC3367,1010,30,7,Standard,2.6,Premium,Yes,Not Returned,No
10-01-2024,Camera,Electronics,North,5,3720,1077.21,"3,368",ABC3368,744,29,7,Standard,3.2,Premium,No,Not Returned,No
02-07-2022,Smartphone,Electronics,East,8,8896,1825.26,"3,369",ABC3369,1112,14,9,Express,2.3,Premium,Yes,Low Rating,No
01-10-2024,Mouse,Accessories,South,4,3264,639.8,"3,370",ABC3370,816,19,9,Same Day,2.2,Premium,Yes,Low Rating,No
04-03-2023,Printer,Office,West,2,146,15.48,"3,371",ABC3371,73,26,5,Same Day,3,Regular,Yes,Product Issue,No
26-05-2024,Headphones,Accessories,East,3,1683,129.64,"3,372",ABC3372,561,25,12,Standard,1,Regular,Yes,Low Rating,No
10-01-2022,Camera,Electronics,West,7,6076,788.14,"3,373",ABC3373,868,26,8,Same Day,2.1,Premium,Yes,Low Rating,No
19-07-2023,Smartwatch,Electronics,West,2,2388,492.54,"3,374",ABC3374,1194,38,10,Express,2.4,Premium,Yes,Low Rating,No
11-07-2023,Smartphone,Electronics,East,6,882,180.63,"3,375",ABC3375,147,34,1,Express,5,Regular,No,Not Returned,No
05-06-2022,Laptop,Electronics,West,3,3561,206.87,"3,376",ABC3376,1187,29,9,Same Day,1.7,Premium,Yes,Low Rating,No
20-10-2024,Tablet,Electronics,East,7,3395,350.26,"3,377",ABC3377,485,32,8,Standard,2.1,Premium,Yes,Low Rating,No
31-01-2022,Smartphone,Electronics,South,6,3366,460.75,"3,378",ABC3378,561,5,6,Same Day,2.5,Premium,Yes,Not Returned,No
30-11-2022,Mouse,Accessories,East,2,630,144.14,"3,379",ABC3379,315,8,3,Express,3.2,Regular,No,Not Returned,No
14-07-2023,Camera,Electronics,South,1,440,34.74,"3,380",ABC3380,440,11,3,Standard,4.1,Regular,Yes,Product Issue,No
22-09-2024,Smartwatch,Electronics,East,6,6462,1466.15,"3,381",ABC3381,1077,13,8,Same Day,3.2,Premium,No,Not Returned,No
29-12-2024,Monitor,Accessories,South,6,5004,1197.36,"3,382",ABC3382,834,23,5,Standard,4.2,Premium,No,Not Returned,No
16-02-2022,Laptop,Electronics,South,8,1840,461.21,"3,383",ABC3383,230,5,10,Standard,2,Regular,Yes,Low Rating,No
06-11-2022,Tablet,Electronics,South,7,4466,763.14,"3,384",ABC3384,638,14,11,Express,1,Premium,Yes,Low Rating,No
27-12-2022,Tablet,Electronics,South,6,3048,823.36,"3,385",ABC3385,508,13,7,Standard,1.9,Premium,Yes,Low Rating,No
03-06-2024,Mouse,Accessories,South,7,4977,516.7,"3,386",ABC3386,711,36,5,Same Day,3.9,Premium,No,Not Returned,No
01-07-2022,Keyboard,Accessories,South,3,2010,387.31,"3,387",ABC3387,670,36,8,Standard,2.6,Regular,Yes,Not Returned,No
30-01-2022,Camera,Electronics,South,8,5352,1133.57,"3,388",ABC3388,669,10,10,Standard,1.5,Premium,Yes,Low Rating,No
07-01-2024,Camera,Electronics,North,4,4136,294.21,"3,389",ABC3389,1034,21,10,Same Day,1.4,Premium,Yes,Low Rating,No
30-04-2022,Camera,Electronics,West,8,6336,439.42,"3,390",ABC3390,792,14,4,Express,4,Premium,No,Not Returned,No
28-11-2023,Laptop,Electronics,East,9,5481,1540.75,"3,391",ABC3391,609,31,2,Express,3.9,Premium,No,Not Returned,No
15-10-2024,Camera,Electronics,West,6,6366,318.97,"3,392",ABC3392,1061,39,3,Same Day,4.1,Premium,No,Not Returned,No
20-09-2023,Printer,Office,West,1,623,81.24,"3,393",ABC3393,623,25,8,Same Day,1.7,Regular,Yes,Low Rating,No
20-12-2024,Mouse,Accessories,South,3,237,49.94,"3,394",ABC3394,79,29,11,Express,2.4,Regular,Yes,Low Rating,No
18-03-2022,Keyboard,Accessories,North,9,8370,1525.8,"3,395",ABC3395,930,32,7,Standard,2.3,Premium,Yes,Low Rating,No
11-04-2023,Headphones,Accessories,South,5,4965,774.74,"3,396",ABC3396,993,19,2,Same Day,4.7,Premium,No,Not Returned,No
04-08-2024,Camera,Electronics,South,7,7791,1844.69,"3,397",ABC3397,1113,8,6,Standard,2.4,Premium,Yes,Low Rating,No
29-09-2024,Smartphone,Electronics,West,1,158,32.89,"3,398",ABC3398,158,33,9,Same Day,1.9,Regular,Yes,Low Rating,No
11-03-2023,Keyboard,Accessories,West,7,4347,712.79,"3,399",ABC3399,621,13,4,Express,4.1,Premium,No,Not Returned,No
13-09-2022,Smartphone,Electronics,East,4,3364,527.28,"3,400",ABC3400,841,31,9,Standard,2.6,Premium,Yes,Late Delivery,No
29-07-2023,Camera,Electronics,South,3,1098,77.81,"3,401",ABC3401,366,30,2,Standard,4.7,Regular,Yes,Product Issue,No
14-05-2022,Headphones,Accessories,West,3,1083,257.44,"3,402",ABC3402,361,23,2,Same Day,4.3,Regular,No,Not Returned,No
09-09-2022,Laptop,Electronics,East,4,1628,314.96,"3,403",ABC3403,407,32,9,Standard,1.7,Regular,Yes,Low Rating,No
19-11-2024,Keyboard,Accessories,South,4,1472,387.27,"3,404",ABC3404,368,21,12,Same Day,1,Regular,Yes,Low Rating,No
19-09-2024,Printer,Office,West,9,3753,1114.87,"3,405",ABC3405,417,24,7,Express,3.4,Premium,No,Not Returned,No
03-07-2023,Monitor,Accessories,South,6,6402,1602.79,"3,406",ABC3406,1067,27,7,Standard,2.7,Premium,Yes,Not Returned,No
17-04-2024,Monitor,Accessories,West,3,2565,510.73,"3,407",ABC3407,855,36,1,Same Day,4.8,Premium,No,Not Returned,No
18-10-2024,Mouse,Accessories,South,3,2214,127.34,"3,408",ABC3408,738,37,11,Standard,1.9,Regular,Yes,Low Rating,No
16-06-2024,Monitor,Accessories,West,3,975,291.81,"3,409",ABC3409,325,9,6,Same Day,3.3,Regular,No,Not Returned,No
14-10-2023,Printer,Office,East,8,3312,854.12,"3,410",ABC3410,414,38,7,Same Day,2.6,Premium,Yes,Not Returned,No
12-10-2023,Printer,Office,East,1,267,41.85,"3,411",ABC3411,267,15,11,Same Day,1.7,Regular,Yes,Low Rating,No
11-04-2022,Smartphone,Electronics,East,9,8145,2384.42,"3,412",ABC3412,905,7,6,Express,2.7,Premium,Yes,Not Returned,No
06-01-2022,Printer,Office,North,1,232,34.26,"3,413",ABC3413,232,37,6,Standard,2.2,Regular,Yes,Low Rating,No
06-10-2024,Smartphone,Electronics,North,3,300,38.44,"3,414",ABC3414,100,15,2,Express,5,Regular,Yes,Product Issue,No
27-02-2024,Monitor,Accessories,East,2,2248,473.21,"3,415",ABC3415,1124,20,6,Same Day,2.7,Regular,Yes,Not Returned,No
10-10-2023,Monitor,Accessories,North,6,1614,166.62,"3,416",ABC3416,269,22,4,Same Day,3.5,Regular,No,Not Returned,No
03-05-2022,Monitor,Accessories,West,2,1476,195.74,"3,417",ABC3417,738,34,9,Express,1.9,Regular,Yes,Low Rating,No
05-11-2024,Printer,Office,South,5,4375,347.43,"3,418",ABC3418,875,14,12,Express,1,Premium,Yes,Low Rating,No
03-09-2024,Smartwatch,Electronics,North,4,1064,263.48,"3,419",ABC3419,266,22,1,Standard,5,Regular,No,Not Returned,No
04-10-2022,Headphones,Accessories,North,6,1068,190.77,"3,420",ABC3420,178,23,8,Same Day,2.5,Regular,Yes,Not Returned,No
17-12-2023,Keyboard,Accessories,East,1,190,27.43,"3,421",ABC3421,190,17,5,Express,3.2,Regular,Yes,Product Issue,No
27-06-2022,Printer,Office,South,7,7868,862.38,"3,422",ABC3422,1124,7,1,Same Day,4,Premium,No,Not Returned,No
03-12-2024,Keyboard,Accessories,North,3,1239,143.35,"3,423",ABC3423,413,14,4,Same Day,3.8,Regular,No,Not Returned,No
10-09-2023,Monitor,Accessories,East,2,1394,408.32,"3,424",ABC3424,697,5,1,Standard,3.4,Regular,No,Not Returned,No
07-02-2024,Smartphone,Electronics,North,5,2060,403.19,"3,425",ABC3425,412,31,6,Standard,3.1,Regular,No,Not Returned,No
09-06-2023,Laptop,Electronics,East,1,1060,57.26,"3,426",ABC3426,1060,12,2,Standard,5,Regular,Yes,Product Issue,No
16-12-2022,Monitor,Accessories,North,7,7812,1478.43,"3,427",ABC3427,1116,21,5,Express,3.4,Premium,No,Not Returned,No
17-06-2024,Camera,Electronics,North,7,7077,804.15,"3,428",ABC3428,1011,13,7,Same Day,3.3,Premium,No,Not Returned,No
10-06-2023,Smartphone,Electronics,West,7,5712,929.42,"3,429",ABC3429,816,10,2,Express,3.7,Premium,No,Not Returned,No
22-01-2023,Printer,Office,North,6,4146,966.79,"3,430",ABC3430,691,29,6,Express,4,Premium,No,Not Returned,No
18-06-2024,Tablet,Electronics,West,2,992,238.18,"3,431",ABC3431,496,32,6,Standard,3.5,Regular,No,Not Returned,No
13-04-2022,Smartwatch,Electronics,North,2,1756,165.6,"3,432",ABC3432,878,37,5,Same Day,3.6,Regular,No,Not Returned,No
09-04-2023,Monitor,Accessories,West,4,3632,566.81,"3,433",ABC3433,908,13,5,Same Day,3,Premium,No,Not Returned,No
17-03-2024,Headphones,Accessories,East,4,3912,550.09,"3,434",ABC3434,978,22,3,Standard,3.6,Premium,No,Not Returned,No
19-05-2023,Printer,Office,North,9,3123,741.23,"3,435",ABC3435,347,25,10,Same Day,1.6,Premium,Yes,Low Rating,No
20-09-2022,Printer,Office,West,4,700,120.19,"3,436",ABC3436,175,6,10,Standard,2.3,Regular,Yes,Low Rating,No
02-11-2022,Tablet,Electronics,South,8,408,83.16,"3,437",ABC3437,51,19,11,Express,1,Regular,Yes,Low Rating,No
18-12-2022,Smartphone,Electronics,South,4,4056,768.81,"3,438",ABC3438,1014,32,12,Express,1,Premium,Yes,Low Rating,No
07-05-2024,Laptop,Electronics,West,1,770,121.75,"3,439",ABC3439,770,22,2,Standard,4.7,Regular,No,Not Returned,No
07-02-2022,Smartwatch,Electronics,North,3,531,73.35,"3,440",ABC3440,177,38,7,Express,3.1,Regular,Yes,Product Issue,No
03-06-2023,Monitor,Accessories,South,5,280,79.77,"3,441",ABC3441,56,26,1,Express,5,Regular,Yes,Product Issue,No
01-04-2024,Laptop,Electronics,East,7,4550,892.73,"3,442",ABC3442,650,15,6,Standard,2.3,Premium,Yes,Low Rating,No
07-04-2023,Smartwatch,Electronics,West,5,2480,601.66,"3,443",ABC3443,496,17,6,Express,3.6,Premium,No,Not Returned,No
18-05-2022,Printer,Office,West,6,2604,305.73,"3,444",ABC3444,434,8,3,Same Day,4,Premium,No,Not Returned,No
25-02-2022,Keyboard,Accessories,West,7,1351,310.03,"3,445",ABC3445,193,26,2,Express,3.8,Regular,No,Not Returned,No
03-09-2023,Monitor,Accessories,South,5,4615,251,"3,446",ABC3446,923,11,12,Standard,1,Premium,Yes,Low Rating,No
22-03-2024,Mouse,Accessories,West,1,829,165.05,"3,447",ABC3447,829,28,2,Same Day,3.4,Regular,No,Not Returned,No
15-03-2024,Camera,Electronics,West,3,177,43.41,"3,448",ABC3448,59,8,9,Same Day,2.3,Regular,Yes,Low Rating,No
23-12-2022,Headphones,Accessories,West,1,1086,161.05,"3,449",ABC3449,1086,32,11,Express,1.3,Regular,Yes,Low Rating,No
26-04-2023,Laptop,Electronics,South,5,275,64.9,"3,450",ABC3450,55,19,5,Same Day,2.7,Regular,Yes,Product Issue,No
15-12-2022,Mouse,Accessories,North,1,564,164.5,"3,451",ABC3451,564,5,7,Standard,2.5,Regular,Yes,Not Returned,No
13-08-2024,Keyboard,Accessories,South,2,684,71.39,"3,452",ABC3452,342,7,12,Same Day,1,Regular,Yes,Low Rating,No
20-10-2023,Laptop,Electronics,South,4,2656,687.63,"3,453",ABC3453,664,18,5,Express,3,Premium,No,Not Returned,No
12-07-2024,Laptop,Electronics,West,5,1190,346.79,"3,454",ABC3454,238,5,7,Express,1.5,Regular,Yes,Low Rating,No
01-12-2024,Printer,Office,South,6,4854,510.88,"3,455",ABC3455,809,25,4,Same Day,2.8,Premium,Yes,Not Returned,No
14-02-2024,Printer,Office,West,5,1060,217.96,"3,456",ABC3456,212,33,8,Standard,2.2,Regular,Yes,Low Rating,No
31-08-2024,Laptop,Electronics,South,3,1527,364.05,"3,457",ABC3457,509,9,11,Standard,1.1,Regular,Yes,Low Rating,No
19-10-2023,Mouse,Accessories,East,4,1168,177.54,"3,458",ABC3458,292,14,10,Express,2.2,Regular,Yes,Low Rating,No
16-04-2023,Tablet,Electronics,South,8,6328,1257.81,"3,459",ABC3459,791,32,11,Express,1,Premium,Yes,Low Rating,No
17-06-2024,Smartphone,Electronics,North,3,2193,477.95,"3,460",ABC3460,731,25,10,Standard,1.4,Regular,Yes,Low Rating,No
28-04-2023,Smartwatch,Electronics,East,8,7600,1099.88,"3,461",ABC3461,950,11,7,Same Day,2.4,Premium,Yes,Low Rating,No
15-03-2023,Printer,Office,West,9,1764,322.11,"3,462",ABC3462,196,7,10,Same Day,1.6,Regular,Yes,Low Rating,No
20-05-2022,Keyboard,Accessories,East,2,1270,84.29,"3,463",ABC3463,635,24,5,Same Day,3.4,Regular,Yes,Product Issue,No
21-01-2023,Tablet,Electronics,North,1,607,33.77,"3,464",ABC3464,607,23,11,Same Day,1.1,Regular,Yes,Low Rating,No
23-03-2023,Mouse,Accessories,South,2,1672,469.64,"3,465",ABC3465,836,39,6,Standard,3.3,Regular,No,Not Returned,No
28-06-2023,Keyboard,Accessories,South,6,5718,1358.26,"3,466",ABC3466,953,8,5,Express,4.5,Premium,No,Not Returned,No
30-04-2022,Headphones,Accessories,South,8,584,107.27,"3,467",ABC3467,73,9,7,Express,2.3,Regular,Yes,Low Rating,No
24-03-2023,Camera,Electronics,West,7,7455,966.64,"3,468",ABC3468,1065,5,12,Same Day,1.2,Premium,Yes,Low Rating,No
25-03-2022,Keyboard,Accessories,North,7,7679,2270.08,"3,469",ABC3469,1097,8,2,Standard,4.3,Premium,No,Not Returned,No
02-06-2022,Tablet,Electronics,West,7,847,154.05,"3,470",ABC3470,121,16,5,Standard,3.9,Regular,No,Not Returned,No
31-07-2022,Mouse,Accessories,West,3,1278,178.78,"3,471",ABC3471,426,31,10,Same Day,1.8,Regular,Yes,Low Rating,No
21-01-2024,Keyboard,Accessories,East,8,6592,1024.82,"3,472",ABC3472,824,27,3,Same Day,3.6,Premium,No,Not Returned,No
13-09-2023,Monitor,Accessories,East,8,3544,454.14,"3,473",ABC3473,443,29,9,Same Day,1.4,Premium,Yes,Low Rating,No
19-12-2023,Camera,Electronics,West,3,1959,274.27,"3,474",ABC3474,653,25,6,Express,3.3,Regular,No,Not Returned,No
02-08-2022,Mouse,Accessories,South,6,3384,924.03,"3,475",ABC3475,564,28,10,Same Day,1.1,Premium,Yes,Low Rating,No
25-11-2023,Smartphone,Electronics,North,1,307,50.2,"3,476",ABC3476,307,29,3,Express,4.6,Regular,Yes,Product Issue,No
29-07-2022,Camera,Electronics,West,9,10017,1468.72,"3,477",ABC3477,1113,36,7,Standard,2.9,Premium,Yes,Not Returned,No
04-11-2024,Tablet,Electronics,South,7,7931,504.39,"3,478",ABC3478,1133,36,4,Standard,3.7,Premium,No,Not Returned,No
20-10-2024,Laptop,Electronics,North,2,1168,198.4,"3,479",ABC3479,584,9,3,Express,3.3,Regular,No,Not Returned,No
19-03-2024,Smartphone,Electronics,South,9,9765,909.99,"3,480",ABC3480,1085,20,8,Express,2.7,Premium,Yes,Not Returned,No
21-09-2023,Tablet,Electronics,South,,1456,271.26,"3,481",ABC3481,182,37,4,Express,4.5,Regular,No,Not Returned,No
11-12-2022,Smartphone,Electronics,South,5,950,61.9,"3,482",ABC3482,190,25,11,Express,1.1,Regular,Yes,Low Rating,No
24-06-2022,Smartwatch,Electronics,West,2,2314,600.76,"3,483",ABC3483,1157,13,1,Same Day,4.3,Regular,No,Not Returned,No
06-10-2023,Smartwatch,Electronics,North,1,915,264.3,"3,484",ABC3484,915,10,6,Standard,3,Regular,No,Not Returned,No
06-12-2022,Laptop,Electronics,North,1,290,61.14,"3,485",ABC3485,290,39,10,Same Day,1.9,Regular,Yes,Low Rating,No
15-01-2022,Tablet,Electronics,North,7,3584,940.88,"3,486",ABC3486,512,26,11,Express,1.1,Premium,Yes,Low Rating,No
04-03-2024,Mouse,Accessories,West,6,1254,205.57,"3,487",ABC3487,209,9,11,Same Day,1.8,Regular,Yes,Low Rating,No
24-01-2023,Laptop,Electronics,North,5,2410,636.83,"3,488",ABC3488,482,27,1,Same Day,5,Premium,No,Not Returned,No
01-10-2023,Printer,Office,North,2,800,118.68,"3,489",ABC3489,400,21,5,Standard,3.5,Regular,No,Not Returned,No
28-06-2022,Smartwatch,Electronics,,5,990,87.61,"3,490",ABC3490,198,16,7,Same Day,2.5,Regular,Yes,Product Issue,No
14-05-2023,Laptop,Electronics,West,9,9702,2771.49,"3,491",ABC3491,1078,27,6,Standard,3.2,Premium,No,Not Returned,No
04-09-2023,Keyboard,Accessories,East,8,5888,354.27,"3,492",ABC3492,736,20,2,Express,4.9,Premium,No,Not Returned,No
20-09-2023,Tablet,Electronics,East,4,1768,345.33,"3,493",ABC3493,442,7,11,Same Day,1.4,Regular,Yes,Low Rating,No
01-06-2022,Headphones,Accessories,North,2,1022,76.04,"3,494",ABC3494,511,34,4,Express,3.9,Regular,Yes,Product Issue,No
03-12-2023,Tablet,Electronics,North,3,2883,671.91,"3,495",ABC3495,961,26,11,Standard,1.7,Premium,Yes,Low Rating,No
15-02-2023,Monitor,Accessories,North,4,4064,771.16,"3,496",ABC3496,1016,13,2,Express,3.9,Premium,No,Not Returned,No
18-09-2022,Monitor,Accessories,East,1,1117,119.89,"3,497",ABC3497,1117,33,11,Express,1.6,Regular,Yes,Low Rating,No
12-04-2022,Laptop,Electronics,South,4,260,66.02,"3,498",ABC3498,65,27,1,Standard,4,Regular,Yes,Product Issue,No
18-01-2022,Printer,Office,South,3,222,50.28,"3,499",ABC3499,74,17,3,Express,3.7,Regular,Yes,Product Issue,No
01-11-2024,Smartwatch,Electronics,East,9,10530,1777.32,"3,500",ABC3500,1170,36,3,Express,4.6,Premium,No,Not Returned,No
